timestamp,open,high,low,close,volume
2026-03-09 13:30:00+00:00,342.4200134277344,347.0,342.0054016113281,346.4849853515625,127101
2026-03-09 13:31:00+00:00,346.5299987792969,348.5,346.0899963378906,348.5,9045
2026-03-09 13:32:00+00:00,347.7650146484375,351.447998046875,346.5400085449219,350.010009765625,12206
2026-03-09 13:33:00+00:00,350.010009765625,351.6106872558594,349.2059936523437,350.8999938964844,7715
2026-03-09 13:34:00+00:00,351.7300109863281,352.5799865722656,350.0599975585937,351.72540283203125,13706
2026-03-09 13:35:00+00:00,351.94000244140625,354.3796081542969,351.20001220703125,353.1000061035156,16020
2026-03-09 13:36:00+00:00,352.6000061035156,354.1300048828125,351.0799865722656,353.4599914550781,5130
2026-03-09 13:37:00+00:00,353.1050109863281,353.5400085449219,352.0758972167969,352.8099975585937,50458
2026-03-09 13:38:00+00:00,352.8099975585937,353.5599975585937,351.0199890136719,352.3279113769531,16963
2026-03-09 13:39:00+00:00,352.239990234375,356.364990234375,352.239990234375,355.7250061035156,19153
2026-03-09 13:40:00+00:00,355.7250061035156,355.7250061035156,353.1900939941406,353.57000732421875,21095
2026-03-09 13:41:00+00:00,353.3949890136719,355.48370361328125,352.4601135253906,352.4601135253906,18030
2026-03-09 13:42:00+00:00,353.2001037597656,353.2001037597656,347.67498779296875,348.42498779296875,15597
2026-03-09 13:43:00+00:00,348.8299865722656,349.44000244140625,347.69500732421875,347.9800109863281,13327
2026-03-09 13:44:00+00:00,348.3800048828125,348.67999267578125,346.4800109863281,346.7550048828125,12399
2026-03-09 13:45:00+00:00,347.3699951171875,349.0,346.7200012207031,347.760009765625,21280
2026-03-09 13:46:00+00:00,347.3500061035156,350.010009765625,347.3099975585937,348.864990234375,26040
2026-03-09 13:47:00+00:00,348.8699951171875,350.2300109863281,348.42999267578125,350.0,12432
2026-03-09 13:48:00+00:00,349.0899963378906,351.8799133300781,349.0899963378906,350.8999938964844,15130
2026-03-09 13:49:00+00:00,351.4349975585937,352.5400085449219,350.4049987792969,351.92999267578125,12304
2026-03-09 13:50:00+00:00,351.1400146484375,351.1400146484375,349.239990234375,350.0350036621094,7883
2026-03-09 13:51:00+00:00,349.9100036621094,350.07000732421875,348.6499938964844,348.8500061035156,6445
2026-03-09 13:52:00+00:00,348.510009765625,349.2925109863281,348.0400085449219,348.9800109863281,9968
2026-03-09 13:53:00+00:00,348.8450012207031,349.1449890136719,348.7950134277344,348.7950134277344,3374
2026-03-09 13:54:00+00:00,348.7900085449219,349.7099914550781,348.2300109863281,348.2300109863281,10214
2026-03-09 13:55:00+00:00,348.0,349.5152893066406,346.7749938964844,349.125,9369
2026-03-09 13:56:00+00:00,349.125,350.0025939941406,348.75,348.989990234375,12823
2026-03-09 13:57:00+00:00,350.2200012207031,351.2300109863281,349.54010009765625,350.3399963378906,7265
2026-03-09 13:58:00+00:00,351.1499938964844,351.6400146484375,349.79010009765625,350.75,9658
2026-03-09 13:59:00+00:00,351.1400146484375,351.1400146484375,350.0,350.0,6333
2026-03-09 14:00:00+00:00,350.4849853515625,351.3900146484375,350.1600036621094,351.3900146484375,11969
2026-03-09 14:01:00+00:00,351.2099914550781,351.69000244140625,350.6000061035156,350.8099975585937,9408
2026-03-09 14:02:00+00:00,350.8349914550781,352.2449951171875,350.8349914550781,351.45001220703125,7605
2026-03-09 14:03:00+00:00,351.81500244140625,352.9599914550781,350.9100036621094,350.9100036621094,9826
2026-03-09 14:04:00+00:00,350.239990234375,351.20001220703125,350.239990234375,350.6549987792969,5781
2026-03-09 14:05:00+00:00,350.3399963378906,351.010009765625,349.260009765625,349.260009765625,12157
2026-03-09 14:06:00+00:00,348.6199951171875,349.0299987792969,348.385009765625,348.7099914550781,3758
2026-03-09 14:07:00+00:00,348.760009765625,348.760009765625,347.81500244140625,347.81500244140625,4378
2026-03-09 14:08:00+00:00,348.42498779296875,348.42498779296875,347.57000732421875,348.0,6927
2026-03-09 14:09:00+00:00,348.75,349.2900085449219,348.57000732421875,348.7749938964844,5954
2026-03-09 14:10:00+00:00,348.4800109863281,348.4800109863281,347.1300048828125,347.95001220703125,9457
2026-03-09 14:11:00+00:00,347.5599975585937,347.5899963378906,344.5299987792969,344.67498779296875,31715
2026-03-09 14:12:00+00:00,345.0599975585937,347.0,345.0599975585937,346.5,10941
2026-03-09 14:13:00+00:00,346.614990234375,348.3900146484375,346.4100036621094,347.9949951171875,6736
2026-03-09 14:14:00+00:00,348.1650085449219,349.17498779296875,348.1650085449219,348.7799987792969,5209
2026-03-09 14:15:00+00:00,348.8599853515625,349.6076965332031,348.1099853515625,349.17999267578125,5960
2026-03-09 14:16:00+00:00,350.0,350.0599975585937,348.92999267578125,349.3949890136719,5947
2026-03-09 14:17:00+00:00,349.92498779296875,350.7300109863281,349.92498779296875,350.4849853515625,7579
2026-03-09 14:18:00+00:00,351.1400146484375,351.5,350.3699951171875,350.42498779296875,6563
2026-03-09 14:19:00+00:00,352.0950012207031,352.2300109863281,351.5599975585937,352.2300109863281,3246
2026-03-09 14:20:00+00:00,352.2300109863281,352.6300048828125,351.94000244140625,352.0599975585937,8404
2026-03-09 14:21:00+00:00,351.6099853515625,351.6199951171875,350.3599853515625,351.05499267578125,10181
2026-03-09 14:22:00+00:00,351.05499267578125,352.0,351.0,352.0,24743
2026-03-09 14:23:00+00:00,352.3999938964844,353.79998779296875,352.0,353.79998779296875,9242
2026-03-09 14:24:00+00:00,353.8099975585937,354.6499938964844,353.7099914550781,354.2601013183594,8926
2026-03-09 14:25:00+00:00,354.510009765625,354.6700134277344,353.7200012207031,354.0304870605469,7295
2026-03-09 14:26:00+00:00,353.6600036621094,353.6600036621094,352.6449890136719,353.2900085449219,7624
2026-03-09 14:27:00+00:00,353.635009765625,353.635009765625,352.010009765625,352.8349914550781,5174
2026-03-09 14:28:00+00:00,353.2799987792969,353.6700134277344,353.2799987792969,353.44000244140625,2420
2026-03-09 14:29:00+00:00,353.3299865722656,353.489990234375,353.20001220703125,353.20001220703125,4311
2026-03-09 14:30:00+00:00,353.8599853515625,353.8599853515625,353.2200012207031,353.2200012207031,1679
2026-03-09 14:31:00+00:00,353.20001220703125,353.760986328125,353.20001220703125,353.760986328125,2322
2026-03-09 14:32:00+00:00,353.4100036621094,353.739990234375,353.0799865722656,353.5201110839844,7146
2026-03-09 14:33:00+00:00,353.260009765625,353.5150146484375,353.0,353.0,6789
2026-03-09 14:34:00+00:00,352.6600036621094,355.9700012207031,352.6600036621094,355.9700012207031,19707
2026-03-09 14:35:00+00:00,355.6600036621094,357.20001220703125,355.6600036621094,357.20001220703125,16052
2026-03-09 14:36:00+00:00,357.6199951171875,358.8900146484375,357.4549865722656,358.75,10386
2026-03-09 14:37:00+00:00,358.94000244140625,359.0,358.239990234375,358.2449951171875,9771
2026-03-09 14:38:00+00:00,357.8327941894531,358.95001220703125,357.8327941894531,358.8099975585937,7648
2026-03-09 14:39:00+00:00,358.5450134277344,358.5450134277344,357.8399963378906,357.9100036621094,7305
2026-03-09 14:40:00+00:00,357.8349914550781,358.2900085449219,356.57000732421875,357.0849914550781,9552
2026-03-09 14:41:00+00:00,357.0450134277344,357.0450134277344,356.17498779296875,356.54998779296875,4721
2026-03-09 14:42:00+00:00,356.0299987792969,356.3500061035156,354.1499938964844,356.0,42363
2026-03-09 14:43:00+00:00,355.8299865722656,355.9800109863281,355.2749938964844,355.2749938964844,6073
2026-03-09 14:44:00+00:00,355.29998779296875,356.8800048828125,355.2749938964844,355.8900146484375,7191
2026-03-09 14:45:00+00:00,355.1499938964844,356.8500061035156,355.1499938964844,356.239990234375,6887
2026-03-09 14:46:00+00:00,355.6300048828125,356.8399963378906,355.6199951171875,356.8399963378906,2333
2026-03-09 14:47:00+00:00,356.32501220703125,356.8800048828125,356.1499938964844,356.8800048828125,9509
2026-03-09 14:48:00+00:00,356.9949951171875,357.2099914550781,356.5942077636719,357.19000244140625,4735
2026-03-09 14:49:00+00:00,357.0,357.0,355.7900085449219,356.17999267578125,11332
2026-03-09 14:50:00+00:00,355.9150085449219,355.9150085449219,354.8399963378906,354.8399963378906,3017
2026-03-09 14:51:00+00:00,355.2049865722656,355.239990234375,354.739990234375,355.04998779296875,4530
2026-03-09 14:52:00+00:00,355.0599975585937,355.489990234375,354.8500061035156,355.489990234375,5063
2026-03-09 14:53:00+00:00,354.8865966796875,354.8865966796875,354.239990234375,354.6650085449219,2631
2026-03-09 14:54:00+00:00,354.6000061035156,356.0400085449219,354.6000061035156,355.8699951171875,4445
2026-03-09 14:55:00+00:00,355.4349975585937,355.8699951171875,354.8399963378906,355.82000732421875,3597
2026-03-09 14:56:00+00:00,355.8800048828125,356.2098999023437,355.32501220703125,356.20001220703125,9229
2026-03-09 14:57:00+00:00,356.4100036621094,357.0,356.4100036621094,356.7250061035156,3998
2026-03-09 14:58:00+00:00,356.375,356.6700134277344,356.0299987792969,356.6700134277344,4067
2026-03-09 14:59:00+00:00,356.5799865722656,356.802001953125,356.5599975585937,356.7749938964844,3766
2026-03-09 15:00:00+00:00,357.1099853515625,357.9065856933594,356.9800109863281,357.375,8763
2026-03-09 15:01:00+00:00,357.1099853515625,358.29998779296875,357.1099853515625,358.29998779296875,4798
2026-03-09 15:02:00+00:00,357.54998779296875,358.3999938964844,357.54998779296875,358.3999938964844,3842
2026-03-09 15:03:00+00:00,357.8901062011719,358.3599853515625,357.2900085449219,357.5400085449219,6525
2026-03-09 15:04:00+00:00,357.6050109863281,358.44000244140625,357.6050109863281,357.7200012207031,4017
2026-03-09 15:05:00+00:00,358.0799865722656,359.3299865722656,358.0799865722656,358.739990234375,6513
2026-03-09 15:06:00+00:00,358.52508544921875,359.19500732421875,358.52508544921875,359.03009033203125,3230
2026-03-09 15:07:00+00:00,358.7900085449219,359.1300048828125,358.4700012207031,358.510009765625,11835
2026-03-09 15:08:00+00:00,358.44000244140625,358.5249938964844,358.0,358.0899963378906,6852
2026-03-09 15:09:00+00:00,358.3900146484375,358.5199890136719,358.3450012207031,358.5199890136719,1656
2026-03-09 15:10:00+00:00,358.5150146484375,358.67999267578125,358.1000061035156,358.67999267578125,2818
2026-03-09 15:11:00+00:00,359.0,359.0,358.5,358.5,7597
2026-03-09 15:12:00+00:00,358.4200134277344,359.6400146484375,358.4200134277344,359.31500244140625,5989
2026-03-09 15:13:00+00:00,359.6199951171875,359.6199951171875,359.2200012207031,359.32000732421875,3766
2026-03-09 15:14:00+00:00,359.32501220703125,359.32501220703125,358.4100036621094,358.7099914550781,6311
2026-03-09 15:15:00+00:00,358.75,358.8299865722656,358.7025146484375,358.7025146484375,5784
2026-03-09 15:16:00+00:00,357.8399963378906,357.840087890625,357.79998779296875,357.79998779296875,5921
2026-03-09 15:17:00+00:00,358.17498779296875,358.2749938964844,357.89599609375,358.2749938964844,2119
2026-03-09 15:18:00+00:00,357.9599914550781,358.29998779296875,357.32000732421875,357.32000732421875,9123
2026-03-09 15:19:00+00:00,356.875,356.9750061035156,356.875,356.9750061035156,979
2026-03-09 15:20:00+00:00,356.9700012207031,358.3900146484375,356.9700012207031,358.04998779296875,4287
2026-03-09 15:21:00+00:00,358.04998779296875,358.12188720703125,358.04998779296875,358.12188720703125,1285
2026-03-09 15:22:00+00:00,357.989990234375,357.989990234375,357.3099975585937,357.32000732421875,4676
2026-03-09 15:23:00+00:00,357.31500244140625,357.6600036621094,357.31500244140625,357.4700012207031,2842
2026-03-09 15:24:00+00:00,357.489990234375,357.7200012207031,357.2101135253906,357.5050048828125,26846
2026-03-09 15:25:00+00:00,357.79998779296875,358.17999267578125,356.79998779296875,358.17999267578125,10045
2026-03-09 15:26:00+00:00,358.2799987792969,358.8500061035156,358.260009765625,358.8500061035156,2461
2026-03-09 15:27:00+00:00,358.090087890625,359.5,358.090087890625,358.7900085449219,9472
2026-03-09 15:28:00+00:00,358.864990234375,358.864990234375,358.1455993652344,358.1455993652344,4678
2026-03-09 15:29:00+00:00,358.1099853515625,358.1099853515625,357.6499938964844,357.8800048828125,3100
2026-03-09 15:30:00+00:00,357.6499938964844,357.7799987792969,357.0299987792969,357.2799987792969,4593
2026-03-09 15:31:00+00:00,357.3550109863281,357.3550109863281,357.26251220703125,357.26251220703125,1166
2026-03-09 15:32:00+00:00,357.1199951171875,357.1199951171875,357.1199951171875,357.1199951171875,1928
2026-03-09 15:33:00+00:00,356.6300048828125,356.6300048828125,356.42999267578125,356.57000732421875,2120
2026-03-09 15:34:00+00:00,356.5599975585937,357.1650085449219,356.5,357.0299987792969,5470
2026-03-09 15:35:00+00:00,357.42999267578125,357.42999267578125,356.4599914550781,356.8999938964844,2182
2026-03-09 15:36:00+00:00,356.8949890136719,357.2900085449219,356.7300109863281,356.95001220703125,5608
2026-03-09 15:37:00+00:00,356.8800048828125,357.2799987792969,356.4601135253906,357.2799987792969,3948
2026-03-09 15:38:00+00:00,357.04998779296875,357.04998779296875,356.67999267578125,356.67999267578125,2130
2026-03-09 15:39:00+00:00,356.4700012207031,356.989990234375,356.4700012207031,356.7850036621094,4551
2026-03-09 15:40:00+00:00,356.5899963378906,356.5899963378906,355.885009765625,355.9700012207031,3209
2026-03-09 15:41:00+00:00,356.010009765625,356.0150146484375,356.010009765625,356.0150146484375,1506
2026-03-09 15:42:00+00:00,356.2479858398437,356.45001220703125,356.2479858398437,356.42999267578125,4425
2026-03-09 15:43:00+00:00,356.4349975585937,356.4349975585937,356.4349975585937,356.4349975585937,606
2026-03-09 15:44:00+00:00,356.73541259765625,356.760009765625,356.4349975585937,356.4349975585937,1143
2026-03-09 15:45:00+00:00,355.989990234375,356.9100036621094,355.989990234375,356.9100036621094,2377
2026-03-09 15:46:00+00:00,356.8900146484375,357.1000061035156,356.2300109863281,356.2300109863281,6124
2026-03-09 15:47:00+00:00,356.1300048828125,356.989990234375,356.1300048828125,356.989990234375,3960
2026-03-09 15:48:00+00:00,356.29998779296875,356.75,356.29998779296875,356.75,1356
2026-03-09 15:49:00+00:00,356.8299865722656,356.8299865722656,356.6000061035156,356.6050109863281,1032
2026-03-09 15:50:00+00:00,356.989990234375,357.1849975585937,356.989990234375,357.0400085449219,1645
2026-03-09 15:51:00+00:00,356.9100036621094,358.010009765625,356.9100036621094,358.010009765625,3118
2026-03-09 15:52:00+00:00,358.510009765625,358.510009765625,358.4150085449219,358.4150085449219,1284
2026-03-09 15:53:00+00:00,358.739990234375,358.739990234375,358.4150085449219,358.4150085449219,2304
2026-03-09 15:54:00+00:00,358.510009765625,358.510009765625,358.510009765625,358.510009765625,388
2026-03-09 15:55:00+00:00,358.6173095703125,359.0400085449219,358.6173095703125,358.760009765625,3629
2026-03-09 15:56:00+00:00,359.1700134277344,359.5,359.1700134277344,359.4649963378906,3275
2026-03-09 15:57:00+00:00,359.6000061035156,360.6000061035156,359.6000061035156,360.2749938964844,5117
2026-03-09 15:58:00+00:00,360.0799865722656,360.3500061035156,360.07000732421875,360.3161010742188,4096
2026-03-09 15:59:00+00:00,360.2749938964844,360.9150085449219,360.1875,360.9150085449219,6550
2026-03-09 16:00:00+00:00,361.1499938964844,361.7900085449219,360.6199951171875,361.3999938964844,6525
2026-03-09 16:01:00+00:00,361.4400024414063,361.5350036621094,361.4400024414063,361.5350036621094,1841
2026-03-09 16:02:00+00:00,361.5350036621094,362.0,361.5350036621094,362.0,2947
2026-03-09 16:03:00+00:00,361.68499755859375,362.0,361.6799926757813,361.6799926757813,6208
2026-03-09 16:04:00+00:00,361.5400085449219,361.55999755859375,360.5700073242188,360.5700073242188,10384
2026-03-09 16:05:00+00:00,360.7950134277344,360.7950134277344,360.2999877929688,360.2999877929688,847
2026-03-09 16:06:00+00:00,361.0899963378906,361.0899963378906,360.55999755859375,360.6499938964844,2343
2026-03-09 16:07:00+00:00,360.7999877929688,361.3399963378906,360.6199951171875,360.889404296875,5350
2026-03-09 16:08:00+00:00,360.9285888671875,361.1700134277344,360.7673034667969,361.1000061035156,7170
2026-03-09 16:09:00+00:00,360.8299865722656,361.0700073242188,360.8299865722656,361.0700073242188,2769
2026-03-09 16:10:00+00:00,361.0700073242188,361.3599853515625,360.6600036621094,360.7099914550781,3708
2026-03-09 16:11:00+00:00,360.4800109863281,360.6499938964844,360.1300048828125,360.43499755859375,2874
2026-03-09 16:12:00+00:00,360.5549926757813,360.8299865722656,360.3792114257813,360.8299865722656,2091
2026-03-09 16:13:00+00:00,360.5499877929688,361.0,360.5499877929688,360.9100036621094,1547
2026-03-09 16:14:00+00:00,361.1199951171875,361.7900085449219,361.1199951171875,361.1286926269531,3956
2026-03-09 16:15:00+00:00,361.05999755859375,361.2049865722656,361.0400085449219,361.05999755859375,2052
2026-03-09 16:16:00+00:00,360.8599853515625,360.9400024414063,360.1600036621094,360.3699951171875,5808
2026-03-09 16:17:00+00:00,360.4595947265625,360.4595947265625,359.239990234375,359.6700134277344,4792
2026-03-09 16:18:00+00:00,359.6099853515625,359.7950134277344,359.5299987792969,359.5299987792969,3214
2026-03-09 16:19:00+00:00,359.351806640625,359.8900146484375,359.351806640625,359.8900146484375,1792
2026-03-09 16:20:00+00:00,359.3800048828125,359.5224914550781,358.6700134277344,358.6700134277344,6966
2026-03-09 16:21:00+00:00,358.989990234375,359.3349914550781,358.9599914550781,358.9599914550781,3828
2026-03-09 16:22:00+00:00,359.4375,359.4649963378906,359.0,359.0,1905
2026-03-09 16:23:00+00:00,359.07000732421875,360.260009765625,359.07000732421875,360.1199951171875,5776
2026-03-09 16:24:00+00:00,360.1449890136719,360.6499938964844,360.1300048828125,360.1300048828125,2458
2026-03-09 16:25:00+00:00,360.1400146484375,360.1400146484375,359.44000244140625,359.9599914550781,2919
2026-03-09 16:26:00+00:00,360.2300109863281,361.1449890136719,360.2300109863281,361.1449890136719,2180
2026-03-09 16:27:00+00:00,360.9750061035156,360.9750061035156,360.260009765625,360.260009765625,2784
2026-03-09 16:28:00+00:00,360.2300109863281,360.6400146484375,360.2300109863281,360.4700012207031,2301
2026-03-09 16:29:00+00:00,360.3800048828125,360.3800048828125,360.17999267578125,360.2349853515625,3073
2026-03-09 16:30:00+00:00,360.25,360.25,360.25,360.25,354
2026-03-09 16:31:00+00:00,360.2099914550781,360.2850036621094,359.9200134277344,359.9200134277344,3843
2026-03-09 16:32:00+00:00,360.05499267578125,360.05499267578125,359.7200012207031,359.7200012207031,1423
2026-03-09 16:33:00+00:00,360.0,360.0,359.6400146484375,359.9346923828125,6036
2026-03-09 16:34:00+00:00,360.0,360.6199951171875,360.0,360.1700134277344,5347
2026-03-09 16:35:00+00:00,360.6199951171875,360.8699951171875,360.6099853515625,360.8699951171875,1885
2026-03-09 16:36:00+00:00,360.7149963378906,361.2799072265625,360.42779541015625,361.1900024414063,2798
2026-03-09 16:37:00+00:00,360.7049865722656,360.7999877929688,360.7000122070313,360.7000122070313,1775
2026-03-09 16:38:00+00:00,360.5700073242188,360.9800109863281,360.5700073242188,360.8699951171875,3540
2026-03-09 16:39:00+00:00,361.0,361.1300048828125,360.8299865722656,361.0499877929688,2258
2026-03-09 16:40:00+00:00,361.1600036621094,361.5,361.1600036621094,361.5,2748
2026-03-09 16:41:00+00:00,361.5549926757813,361.5549926757813,361.5549926757813,361.5549926757813,990
2026-03-09 16:42:00+00:00,361.5499877929688,361.6499938964844,361.3929138183594,361.5400085449219,1838
2026-03-09 16:43:00+00:00,361.739990234375,362.0,361.7049865722656,361.7550048828125,3112
2026-03-09 16:44:00+00:00,361.7550048828125,361.9549865722656,361.7550048828125,361.8599853515625,2873
2026-03-09 16:45:00+00:00,361.9549865722656,362.260009765625,361.75,362.0700073242188,12138
2026-03-09 16:46:00+00:00,362.0150146484375,362.2850036621094,361.760009765625,362.2850036621094,2781
2026-03-09 16:47:00+00:00,362.1400146484375,362.3900146484375,362.1400146484375,362.1799926757813,1539
2026-03-09 16:48:00+00:00,362.0101013183594,362.3721008300781,361.875,361.875,6430
2026-03-09 16:49:00+00:00,361.7900085449219,361.8299865722656,361.6950073242188,361.6950073242188,3877
2026-03-09 16:50:00+00:00,361.5199890136719,361.739990234375,361.5199890136719,361.5199890136719,3807
2026-03-09 16:51:00+00:00,361.5199890136719,362.1900024414063,361.5199890136719,362.1900024414063,3722
2026-03-09 16:52:00+00:00,362.3999938964844,362.3999938964844,362.1749877929688,362.1749877929688,1772
2026-03-09 16:53:00+00:00,361.9800109863281,361.9800109863281,361.8299865722656,361.8599853515625,1384
2026-03-09 16:54:00+00:00,361.80999755859375,362.1393127441406,361.80999755859375,361.8550109863281,2269
2026-03-09 16:55:00+00:00,362.30999755859375,362.30999755859375,362.081298828125,362.081298828125,1429
2026-03-09 16:56:00+00:00,361.9161071777344,362.4500122070313,361.9161071777344,362.2900085449219,1836
2026-03-09 16:57:00+00:00,361.9800109863281,361.9800109863281,361.8399963378906,361.8399963378906,2446
2026-03-09 16:58:00+00:00,361.364990234375,361.6799926757813,361.364990234375,361.4549865722656,2172
2026-03-09 16:59:00+00:00,361.5150146484375,361.7099914550781,361.5150146484375,361.6000061035156,1455
2026-03-09 17:00:00+00:00,361.7799987792969,361.8200073242188,361.63330078125,361.8200073242188,2454
2026-03-09 17:01:00+00:00,361.8900146484375,361.8900146484375,361.6499938964844,361.8900146484375,1763
2026-03-09 17:02:00+00:00,361.6499938964844,361.6600036621094,361.2000122070313,361.4849853515625,3949
2026-03-09 17:03:00+00:00,361.7699890136719,361.7799987792969,361.6000061035156,361.6000061035156,2531
2026-03-09 17:04:00+00:00,361.6199951171875,361.8900146484375,361.489990234375,361.489990234375,1904
2026-03-09 17:05:00+00:00,361.2200012207031,361.2900085449219,361.0499877929688,361.1400146484375,6517
2026-03-09 17:06:00+00:00,360.9150085449219,361.3500061035156,360.9150085449219,361.0199890136719,3307
2026-03-09 17:07:00+00:00,360.885009765625,360.885009765625,360.4049987792969,360.4049987792969,2700
2026-03-09 17:08:00+00:00,360.8599853515625,361.30999755859375,360.8599853515625,361.30999755859375,1756
2026-03-09 17:09:00+00:00,361.3299865722656,361.8599853515625,361.3299865722656,361.8599853515625,2986
2026-03-09 17:10:00+00:00,362.1400146484375,362.4299926757813,362.010009765625,362.1549987792969,2058
2026-03-09 17:11:00+00:00,362.0400085449219,362.260009765625,362.0400085449219,362.260009765625,2168
2026-03-09 17:12:00+00:00,362.3500061035156,362.6199951171875,362.3500061035156,362.5799865722656,1710
2026-03-09 17:13:00+00:00,362.5299987792969,362.5299987792969,362.5299987792969,362.5299987792969,299
2026-03-09 17:14:00+00:00,362.3399963378906,362.3399963378906,362.0899963378906,362.2950134277344,5235
2026-03-09 17:15:00+00:00,362.50201416015625,362.5199890136719,362.3800048828125,362.4800109863281,1702
2026-03-09 17:16:00+00:00,362.4599914550781,362.8200073242188,362.1499938964844,362.1499938964844,6240
2026-03-09 17:17:00+00:00,362.2149963378906,362.2149963378906,361.7099914550781,361.7699890136719,2695
2026-03-09 17:18:00+00:00,361.5650024414063,361.5650024414063,361.260009765625,361.3800048828125,2508
2026-03-09 17:19:00+00:00,361.4800109863281,361.4800109863281,361.0,361.0,4517
2026-03-09 17:20:00+00:00,361.3399963378906,361.3399963378906,360.8599853515625,361.0765075683594,3396
2026-03-09 17:21:00+00:00,360.8063049316406,360.8063049316406,360.6900024414063,360.6900024414063,3346
2026-03-09 17:22:00+00:00,360.5799865722656,360.5899963378906,360.5799865722656,360.5899963378906,1242
2026-03-09 17:23:00+00:00,360.6549987792969,360.6549987792969,360.3200073242188,360.5450134277344,2103
2026-03-09 17:24:00+00:00,360.3001098632813,360.6000061035156,360.3001098632813,360.3800048828125,2930
2026-03-09 17:25:00+00:00,360.3800048828125,360.3800048828125,360.0199890136719,360.0199890136719,2275
2026-03-09 17:26:00+00:00,360.2850036621094,360.2950134277344,360.2099914550781,360.2099914550781,1514
2026-03-09 17:27:00+00:00,360.2950134277344,360.5400085449219,360.1300048828125,360.4100036621094,8386
2026-03-09 17:28:00+00:00,360.3599853515625,360.4800109863281,360.1600036621094,360.1600036621094,1623
2026-03-09 17:29:00+00:00,360.3699951171875,360.6700134277344,360.0700988769531,360.6700134277344,2623
2026-03-09 17:30:00+00:00,360.385009765625,360.9100036621094,360.385009765625,360.5849914550781,5739
2026-03-09 17:31:00+00:00,360.7799987792969,360.8599853515625,360.6749877929688,360.6749877929688,1117
2026-03-09 17:32:00+00:00,360.5899963378906,360.7999877929688,360.5899963378906,360.75,2048
2026-03-09 17:33:00+00:00,360.4299926757813,360.5400085449219,360.17999267578125,360.5400085449219,4277
2026-03-09 17:34:00+00:00,360.4100036621094,360.4100036621094,359.7699890136719,359.847900390625,7598
2026-03-09 17:35:00+00:00,359.80499267578125,360.2099914550781,359.80499267578125,360.06500244140625,3091
2026-03-09 17:37:00+00:00,360.07000732421875,360.0799865722656,360.07000732421875,360.0799865722656,2084
2026-03-09 17:38:00+00:00,359.44000244140625,359.489990234375,359.2510986328125,359.489990234375,2973
2026-03-09 17:40:00+00:00,359.5,359.5,359.5,359.5,479
2026-03-09 17:41:00+00:00,359.42999267578125,359.42999267578125,359.07000732421875,359.20001220703125,1870
2026-03-09 17:42:00+00:00,359.010009765625,359.489990234375,359.010009765625,359.31500244140625,1872
2026-03-09 17:43:00+00:00,359.31500244140625,359.6099853515625,359.1099853515625,359.4349975585937,5702
2026-03-09 17:44:00+00:00,359.70001220703125,359.8699951171875,359.69000244140625,359.8699951171875,2390
2026-03-09 17:45:00+00:00,360.25,360.510009765625,360.25,360.2650146484375,792
2026-03-09 17:46:00+00:00,360.3442993164063,360.3442993164063,360.3442993164063,360.3442993164063,401
2026-03-09 17:47:00+00:00,360.4700012207031,360.9599914550781,360.4700012207031,360.9599914550781,1483
2026-03-09 17:48:00+00:00,360.7900085449219,360.7900085449219,360.7300109863281,360.7300109863281,1954
2026-03-09 17:49:00+00:00,360.6499938964844,360.6499938964844,360.2099914550781,360.4299926757813,3999
2026-03-09 17:50:00+00:00,360.385009765625,360.6549987792969,360.3550109863281,360.6549987792969,2471
2026-03-09 17:52:00+00:00,360.6600036621094,360.6600036621094,360.6600036621094,360.6600036621094,1126
2026-03-09 17:53:00+00:00,360.4100036621094,360.4100036621094,360.4100036621094,360.4100036621094,759
2026-03-09 17:54:00+00:00,360.3699951171875,360.3699951171875,360.3699951171875,360.3699951171875,330
2026-03-09 17:55:00+00:00,360.5400085449219,360.75,360.5400085449219,360.647705078125,2393
2026-03-09 17:56:00+00:00,360.5199890136719,360.5199890136719,359.75,360.4400024414063,7614
2026-03-09 17:57:00+00:00,360.489990234375,360.489990234375,360.3999938964844,360.4750061035156,1244
2026-03-09 17:58:00+00:00,360.4800109863281,360.8399963378906,360.3999938964844,360.8399963378906,2861
2026-03-09 17:59:00+00:00,360.5400085449219,360.6400146484375,360.5400085449219,360.6400146484375,1436
2026-03-09 18:00:00+00:00,360.1300048828125,360.5155029296875,360.0199890136719,360.5155029296875,1768
2026-03-09 18:01:00+00:00,360.1910095214844,360.5199890136719,360.1910095214844,360.5199890136719,1706
2026-03-09 18:02:00+00:00,360.6700134277344,361.239990234375,360.6700134277344,360.989990234375,6687
2026-03-09 18:03:00+00:00,360.9200134277344,360.9299926757813,360.3999938964844,360.3999938964844,3325
2026-03-09 18:04:00+00:00,360.5050048828125,360.5050048828125,360.1050109863281,360.1050109863281,1451
2026-03-09 18:05:00+00:00,359.8100891113281,360.1449890136719,359.8100891113281,360.1449890136719,893
2026-03-09 18:06:00+00:00,360.1499938964844,360.1499938964844,360.1499938964844,360.1499938964844,424
2026-03-09 18:07:00+00:00,360.5400085449219,360.5400085449219,360.3500061035156,360.3500061035156,1507
2026-03-09 18:08:00+00:00,360.6300048828125,361.0,360.2699890136719,361.0,3373
2026-03-09 18:09:00+00:00,360.989990234375,360.989990234375,360.5799865722656,360.5799865722656,1756
2026-03-09 18:10:00+00:00,360.8900146484375,361.3200073242188,360.8900146484375,361.1400146484375,2158
2026-03-09 18:11:00+00:00,361.3299865722656,361.7300109863281,361.1401062011719,361.7300109863281,3658
2026-03-09 18:12:00+00:00,361.7000122070313,361.7999877929688,361.4150085449219,361.4150085449219,1584
2026-03-09 18:13:00+00:00,361.6499938964844,361.8999938964844,361.4599914550781,361.8800048828125,5310
2026-03-09 18:14:00+00:00,361.6099853515625,361.843994140625,361.6099853515625,361.7300109863281,2738
2026-03-09 18:15:00+00:00,362.0,362.30999755859375,362.0,362.2999877929688,1633
2026-03-09 18:16:00+00:00,361.9849853515625,362.1900024414063,361.9599914550781,362.1900024414063,1339
2026-03-09 18:17:00+00:00,361.9299926757813,362.0050048828125,361.8879089355469,362.0050048828125,1954
2026-03-09 18:18:00+00:00,362.2699890136719,362.2699890136719,362.010009765625,362.010009765625,931
2026-03-09 18:19:00+00:00,362.30999755859375,362.6700134277344,362.30999755859375,362.6700134277344,3594
2026-03-09 18:20:00+00:00,362.8599853515625,362.8900146484375,362.625,362.625,1761
2026-03-09 18:21:00+00:00,362.9800109863281,363.4400024414063,362.6099853515625,362.6099853515625,11704
2026-03-09 18:22:00+00:00,362.3800048828125,362.5950012207031,362.3049926757813,362.5950012207031,4006
2026-03-09 18:23:00+00:00,363.0,363.0,362.1600036621094,362.1600036621094,2084
2026-03-09 18:24:00+00:00,363.1700134277344,363.1700134277344,363.1700134277344,363.1700134277344,558
2026-03-09 18:25:00+00:00,363.0,363.0,362.875,362.875,2750
2026-03-09 18:26:00+00:00,362.8450012207031,362.8450012207031,362.8450012207031,362.8450012207031,614
2026-03-09 18:27:00+00:00,362.78900146484375,363.010009765625,362.78900146484375,363.010009765625,1502
2026-03-09 18:28:00+00:00,362.989990234375,363.1799926757813,362.8999938964844,363.0499877929688,4356
2026-03-09 18:29:00+00:00,363.1300048828125,363.30999755859375,362.9249877929688,362.989990234375,3308
2026-03-09 18:30:00+00:00,363.25,363.6799926757813,363.2200012207031,363.3500061035156,2957
2026-03-09 18:31:00+00:00,363.6000061035156,363.7300109863281,363.3550109863281,363.6000061035156,2011
2026-03-09 18:32:00+00:00,363.6000061035156,363.8800048828125,363.2947082519531,363.8399963378906,2478
2026-03-09 18:33:00+00:00,363.7749938964844,363.7749938964844,363.4750061035156,363.6300048828125,1594
2026-03-09 18:34:00+00:00,363.7000122070313,364.2799987792969,363.0899963378906,364.2300109863281,12904
2026-03-09 18:35:00+00:00,363.8821105957031,364.1672973632813,363.8699951171875,364.1672973632813,2160
2026-03-09 18:36:00+00:00,363.9700012207031,363.9700012207031,363.9700012207031,363.9700012207031,807
2026-03-09 18:37:00+00:00,363.7799987792969,363.80999755859375,363.3399963378906,363.6099853515625,5831
2026-03-09 18:38:00+00:00,363.5150146484375,363.5150146484375,363.5150146484375,363.5150146484375,554
2026-03-09 18:39:00+00:00,363.6000061035156,363.6000061035156,363.4172973632813,363.4172973632813,1388
2026-03-09 18:40:00+00:00,363.7999877929688,363.7999877929688,363.4700012207031,363.5400085449219,1688
2026-03-09 18:41:00+00:00,363.5199890136719,363.5199890136719,363.5199890136719,363.5199890136719,153
2026-03-09 18:42:00+00:00,363.4660034179688,363.80999755859375,363.4660034179688,363.80999755859375,3869
2026-03-09 18:43:00+00:00,363.8500061035156,363.8500061035156,363.4400024414063,363.4400024414063,5659
2026-03-09 18:44:00+00:00,363.3288879394531,363.4500122070313,363.2699890136719,363.3800048828125,1967
2026-03-09 18:45:00+00:00,363.260009765625,363.4100036621094,363.0199890136719,363.4100036621094,3338
2026-03-09 18:46:00+00:00,363.4049987792969,363.4049987792969,363.4049987792969,363.4049987792969,782
2026-03-09 18:47:00+00:00,363.6700134277344,363.80999755859375,363.6600036621094,363.80999755859375,1671
2026-03-09 18:48:00+00:00,363.6300048828125,363.6300048828125,363.6300048828125,363.6300048828125,482
2026-03-09 18:49:00+00:00,363.8699951171875,364.30999755859375,363.8699951171875,364.1000061035156,3289
2026-03-09 18:50:00+00:00,364.0299987792969,364.0799865722656,363.55999755859375,363.7980041503906,1179
2026-03-09 18:51:00+00:00,363.7650146484375,364.1099853515625,363.7000122070313,364.1099853515625,3596
2026-03-09 18:53:00+00:00,364.30999755859375,364.30999755859375,364.1499938964844,364.1499938964844,699
2026-03-09 18:54:00+00:00,363.9549865722656,364.2799987792969,363.7099914550781,364.1300048828125,11097
2026-03-09 18:55:00+00:00,363.75,364.0177001953125,362.9949951171875,362.9949951171875,12389
2026-03-09 18:56:00+00:00,363.30999755859375,363.30999755859375,362.510009765625,362.510009765625,3644
2026-03-09 18:57:00+00:00,362.6700134277344,362.6700134277344,362.1449890136719,362.1449890136719,1079
2026-03-09 18:58:00+00:00,362.25,362.2699890136719,362.1449890136719,362.2699890136719,1731
2026-03-09 18:59:00+00:00,362.3999938964844,362.3999938964844,362.3699951171875,362.3699951171875,746
2026-03-09 19:00:00+00:00,362.0,362.3800048828125,361.8900146484375,362.3800048828125,4614
2026-03-09 19:01:00+00:00,362.3900146484375,362.3999938964844,362.2000122070313,362.3699951171875,2614
2026-03-09 19:02:00+00:00,362.2999877929688,362.3500061035156,362.1099853515625,362.2799987792969,6808
2026-03-09 19:03:00+00:00,362.3999938964844,362.4100036621094,362.2300109863281,362.3500061035156,4440
2026-03-09 19:04:00+00:00,362.3500061035156,363.1000061035156,362.3500061035156,363.0090026855469,4660
2026-03-09 19:05:00+00:00,363.05999755859375,363.1499938964844,362.7900085449219,362.8999938964844,2649
2026-03-09 19:06:00+00:00,363.1400146484375,363.3500061035156,363.1400146484375,363.2999877929688,2670
2026-03-09 19:07:00+00:00,363.1499938964844,363.4800109863281,363.1499938964844,363.4800109863281,1830
2026-03-09 19:08:00+00:00,363.4800109863281,363.7799987792969,363.198486328125,363.7799987792969,2957
2026-03-09 19:09:00+00:00,363.9200134277344,363.9800109863281,363.7300109863281,363.9800109863281,1427
2026-03-09 19:10:00+00:00,363.7349853515625,364.3200073242188,363.7349853515625,364.1099853515625,3761
2026-03-09 19:11:00+00:00,363.9500122070313,364.0249938964844,363.75,363.9100036621094,4652
2026-03-09 19:12:00+00:00,364.1400146484375,364.1400146484375,364.1400146484375,364.1400146484375,1128
2026-03-09 19:13:00+00:00,363.7699890136719,363.7799987792969,363.6099853515625,363.6449890136719,2161
2026-03-09 19:14:00+00:00,363.6449890136719,363.6449890136719,363.4200134277344,363.4200134277344,2824
2026-03-09 19:15:00+00:00,363.6499938964844,363.6499938964844,363.2999877929688,363.4700012207031,2775
2026-03-09 19:16:00+00:00,363.4049987792969,363.7000122070313,363.3999938964844,363.7000122070313,1805
2026-03-09 19:17:00+00:00,363.7000122070313,364.8999938964844,363.7000122070313,363.9761962890625,11833
2026-03-09 19:18:00+00:00,363.989990234375,363.989990234375,363.989990234375,363.989990234375,255
2026-03-09 19:19:00+00:00,364.2099914550781,366.4800109863281,364.1600036621094,366.1900024414063,19789
2026-03-09 19:20:00+00:00,366.1000061035156,367.43499755859375,366.010009765625,366.8900146484375,11536
2026-03-09 19:21:00+00:00,366.7749938964844,367.5799865722656,366.7749938964844,367.1499938964844,3039
2026-03-09 19:22:00+00:00,367.3550109863281,368.0299987792969,367.1401062011719,368.0299987792969,6490
2026-03-09 19:23:00+00:00,368.489990234375,369.1099853515625,367.9924926757813,368.864990234375,9323
2026-03-09 19:24:00+00:00,368.6799926757813,369.1499938964844,368.2799987792969,369.1499938964844,7472
2026-03-09 19:25:00+00:00,368.9049987792969,370.0799865722656,368.4200134277344,369.9500122070313,52947
2026-03-09 19:26:00+00:00,370.0799865722656,370.80999755859375,370.0249938964844,370.80999755859375,18652
2026-03-09 19:27:00+00:00,370.6799926757813,371.5,370.6700134277344,370.8150024414063,14932
2026-03-09 19:28:00+00:00,370.8150024414063,371.4200134277344,370.2349853515625,370.5299987792969,12328
2026-03-09 19:29:00+00:00,370.0610046386719,372.8500061035156,370.0610046386719,372.3999938964844,47539
2026-03-09 19:30:00+00:00,372.3200073242188,372.385009765625,370.375,370.375,9533
2026-03-09 19:31:00+00:00,370.1099853515625,371.3200073242188,370.0750122070313,371.1499938964844,7000
2026-03-09 19:32:00+00:00,371.0299987792969,371.3299865722656,370.9400024414063,371.1950073242188,1545
2026-03-09 19:33:00+00:00,371.3699951171875,371.9999084472656,371.2900085449219,371.375,5598
2026-03-09 19:34:00+00:00,371.6000061035156,371.6000061035156,371.0,371.5549926757813,2097
2026-03-09 19:35:00+00:00,371.5549926757813,371.8999938964844,370.8500061035156,370.8500061035156,6532
2026-03-09 19:36:00+00:00,370.9800109863281,371.7250061035156,370.7550048828125,371.5899963378906,6810
2026-03-09 19:37:00+00:00,371.6900024414063,372.6000061035156,371.6900024414063,372.6000061035156,8034
2026-03-09 19:38:00+00:00,372.7300109863281,373.5,372.3153076171875,372.7799987792969,11984
2026-03-09 19:39:00+00:00,372.7000122070313,373.2900085449219,372.6199951171875,373.1799926757813,7564
2026-03-09 19:40:00+00:00,373.0700073242188,373.1199951171875,371.6199951171875,371.7999877929688,7026
2026-03-09 19:41:00+00:00,371.7200012207031,371.8599853515625,370.5950012207031,370.5950012207031,7535
2026-03-09 19:42:00+00:00,370.5899963378906,371.135009765625,370.5010070800781,370.68499755859375,8171
2026-03-09 19:43:00+00:00,370.2999877929688,371.4800109863281,370.2999877929688,371.4800109863281,4958
2026-03-09 19:44:00+00:00,370.8999938964844,371.4200134277344,370.8999938964844,371.2000122070313,3805
2026-03-09 19:45:00+00:00,371.1615905761719,372.3049926757813,371.1600036621094,371.5,12801
2026-03-09 19:46:00+00:00,371.5799865722656,372.2799987792969,371.2799987792969,372.2099914550781,6759
2026-03-09 19:47:00+00:00,372.125,372.6000061035156,372.0950012207031,372.3900146484375,7476
2026-03-09 19:48:00+00:00,372.3900146484375,372.7300109863281,372.2999877929688,372.7300109863281,10677
2026-03-09 19:49:00+00:00,372.4800109863281,372.8500061035156,372.4700012207031,372.7200012207031,8858
2026-03-09 19:50:00+00:00,372.8800048828125,373.5750122070313,372.6900024414063,373.2799987792969,16945
2026-03-09 19:51:00+00:00,373.5199890136719,373.6099853515625,372.2900085449219,372.3525085449219,13052
2026-03-09 19:52:00+00:00,372.6000061035156,372.6900024414063,371.6400146484375,371.6400146484375,19258
2026-03-09 19:53:00+00:00,371.9299926757813,371.989990234375,371.510009765625,371.9849853515625,12601
2026-03-09 19:54:00+00:00,372.1098937988281,372.4299926757813,371.7200012207031,372.2449951171875,26288
2026-03-09 19:55:00+00:00,372.5,373.05999755859375,372.2300109863281,372.7550048828125,34038
2026-03-09 19:56:00+00:00,372.8500061035156,373.1900024414063,372.7799987792969,373.1799926757813,32629
2026-03-09 19:57:00+00:00,373.2101135253906,374.6499938964844,373.2101135253906,374.4500122070313,57093
2026-03-09 19:58:00+00:00,374.364990234375,374.6600036621094,374.2799987792969,374.4200134277344,38165
2026-03-09 19:59:00+00:00,374.3599853515625,374.6000061035156,373.9500122070313,374.6000061035156,70215
2026-03-10 13:30:00+00:00,377.9299926757813,385.1499938964844,377.9299926757813,381.3518981933594,102055
2026-03-10 13:31:00+00:00,381.9400024414063,382.9800109863281,381.2099914550781,381.7109069824219,9128
2026-03-10 13:32:00+00:00,381.8074951171875,383.8428955078125,381.0350036621094,382.1000061035156,14038
2026-03-10 13:33:00+00:00,382.3599853515625,382.7099914550781,380.4989929199219,380.4989929199219,10482
2026-03-10 13:34:00+00:00,381.4100036621094,384.8599853515625,380.5499877929688,384.7999877929688,20804
2026-03-10 13:35:00+00:00,384.7900085449219,384.9450073242188,382.8999938964844,383.9126892089844,12544
2026-03-10 13:36:00+00:00,383.1549987792969,387.5,383.1549987792969,386.5150146484375,30314
2026-03-10 13:37:00+00:00,386.5150146484375,386.6256103515625,383.7131042480469,384.7799987792969,11652
2026-03-10 13:38:00+00:00,385.385009765625,386.6109924316406,384.25,385.8949890136719,12627
2026-03-10 13:39:00+00:00,386.125,386.3822937011719,385.0090026855469,385.5,10022
2026-03-10 13:40:00+00:00,385.3046875,388.0,384.75,387.1799926757813,16268
2026-03-10 13:41:00+00:00,387.0,388.5,386.739990234375,387.489990234375,10699
2026-03-10 13:42:00+00:00,387.7200012207031,387.7200012207031,384.5050048828125,384.9500122070313,26268
2026-03-10 13:43:00+00:00,385.239990234375,386.0299987792969,384.0799865722656,385.43499755859375,20907
2026-03-10 13:44:00+00:00,386.1000061035156,387.05999755859375,385.4400024414063,386.989990234375,9147
2026-03-10 13:45:00+00:00,387.4400024414063,387.4400024414063,385.0350036621094,386.0899963378906,13338
2026-03-10 13:46:00+00:00,386.1099853515625,386.9500122070313,385.9549865722656,386.385009765625,12195
2026-03-10 13:47:00+00:00,386.5158996582031,386.5899963378906,384.5050048828125,385.3399963378906,13872
2026-03-10 13:48:00+00:00,384.8999938964844,385.9800109863281,384.5199890136719,384.5199890136719,14434
2026-03-10 13:49:00+00:00,384.4100036621094,386.3599853515625,384.1499938964844,384.2799987792969,23212
2026-03-10 13:50:00+00:00,383.989990234375,384.4200134277344,383.3699951171875,384.4200134277344,16680
2026-03-10 13:51:00+00:00,384.75,385.5700073242188,384.75,384.989990234375,14271
2026-03-10 13:52:00+00:00,385.1099853515625,386.375,384.5400085449219,386.1950073242188,12616
2026-03-10 13:53:00+00:00,386.4599914550781,386.9200134277344,385.4700012207031,385.8200073242188,22939
2026-03-10 13:54:00+00:00,385.6000061035156,387.1900024414063,385.510009765625,385.885009765625,26131
2026-03-10 13:55:00+00:00,385.7099914550781,385.7699890136719,384.0101013183594,385.2298889160156,11169
2026-03-10 13:56:00+00:00,384.0,386.5400085449219,384.0,386.25,19208
2026-03-10 13:57:00+00:00,386.2000122070313,386.239990234375,384.8999938964844,385.1650085449219,10832
2026-03-10 13:58:00+00:00,385.5199890136719,386.2300109863281,384.3800048828125,384.6700134277344,11667
2026-03-10 13:59:00+00:00,384.2250061035156,384.2300109863281,382.010009765625,383.4949951171875,10733
2026-03-10 14:00:00+00:00,383.489990234375,383.6000061035156,382.8049926757813,383.1499938964844,6676
2026-03-10 14:01:00+00:00,382.7699890136719,383.2950134277344,382.1900024414063,383.2950134277344,6593
2026-03-10 14:02:00+00:00,383.6099853515625,384.4700012207031,383.6099853515625,384.4299926757813,7630
2026-03-10 14:03:00+00:00,383.7200012207031,384.0150146484375,382.7528991699219,382.8900146484375,5969
2026-03-10 14:04:00+00:00,383.0700073242188,383.4700012207031,382.7999877929688,383.3150024414063,4072
2026-03-10 14:05:00+00:00,383.6199951171875,384.0899963378906,383.25,384.0899963378906,7501
2026-03-10 14:06:00+00:00,384.3200073242188,385.114990234375,384.3200073242188,384.3200073242188,14572
2026-03-10 14:07:00+00:00,384.2699890136719,384.2699890136719,383.5549926757813,383.6749877929688,5780
2026-03-10 14:08:00+00:00,383.5,383.5400085449219,382.4750061035156,383.5400085449219,14685
2026-03-10 14:09:00+00:00,382.7900085449219,383.36041259765625,381.8999938964844,381.9377136230469,5470
2026-03-10 14:10:00+00:00,382.760009765625,383.9700012207031,382.760009765625,383.2699890136719,6798
2026-03-10 14:11:00+00:00,383.0700073242188,383.6300048828125,382.8699951171875,383.3999938964844,4404
2026-03-10 14:12:00+00:00,383.0150146484375,384.239990234375,382.6499938964844,384.1300048828125,5943
2026-03-10 14:13:00+00:00,383.4200134277344,383.739990234375,382.385009765625,383.5,8567
2026-03-10 14:14:00+00:00,383.9500122070313,384.1400146484375,383.1499938964844,383.5549926757813,9401
2026-03-10 14:15:00+00:00,383.635009765625,384.6899108886719,382.5400085449219,382.5400085449219,6842
2026-03-10 14:16:00+00:00,382.7000122070313,382.7000122070313,381.91900634765625,382.2250061035156,7404
2026-03-10 14:17:00+00:00,382.510009765625,382.6099853515625,381.3599853515625,382.4599914550781,14049
2026-03-10 14:18:00+00:00,382.3174133300781,382.8800048828125,382.30999755859375,382.4800109863281,4170
2026-03-10 14:19:00+00:00,382.4800109863281,383.8500061035156,382.4800109863281,383.8500061035156,10259
2026-03-10 14:20:00+00:00,384.0299987792969,384.0299987792969,382.9880065917969,382.9880065917969,4401
2026-03-10 14:21:00+00:00,382.5,383.4949951171875,381.8200073242188,383.4949951171875,6587
2026-03-10 14:22:00+00:00,383.5199890136719,384.0098876953125,383.3999938964844,383.7799987792969,5484
2026-03-10 14:23:00+00:00,383.5549926757813,383.8800048828125,383.45849609375,383.5499877929688,4885
2026-03-10 14:24:00+00:00,383.25,383.5549926757813,383.25,383.5549926757813,3302
2026-03-10 14:25:00+00:00,383.5,385.3299865722656,383.5,385.1449890136719,16496
2026-03-10 14:26:00+00:00,385.1400146484375,386.0199890136719,385.1199951171875,385.9450073242188,11566
2026-03-10 14:27:00+00:00,385.8164978027344,385.9750061035156,384.3901062011719,385.7099914550781,29832
2026-03-10 14:28:00+00:00,385.8019104003906,386.0098876953125,385.5799865722656,386.0098876953125,3651
2026-03-10 14:29:00+00:00,385.6700134277344,385.7099914550781,384.6203918457031,385.7099914550781,6200
2026-03-10 14:30:00+00:00,385.6000061035156,387.5499877929688,385.6000061035156,387.3250122070313,8155
2026-03-10 14:31:00+00:00,387.3150024414063,388.1799926757813,387.3150024414063,387.6603088378906,22393
2026-03-10 14:32:00+00:00,387.6400146484375,389.0,387.6300048828125,389.0,17850
2026-03-10 14:33:00+00:00,388.9299926757813,389.0,388.2799987792969,388.2799987792969,13384
2026-03-10 14:34:00+00:00,388.3475036621094,388.3475036621094,387.7120056152344,387.9849853515625,10291
2026-03-10 14:35:00+00:00,387.6000061035156,387.6000061035156,386.25,386.60791015625,5416
2026-03-10 14:36:00+00:00,386.9800109863281,387.2099914550781,386.6700134277344,386.6700134277344,4825
2026-03-10 14:37:00+00:00,387.489990234375,388.0750122070313,387.2510070800781,387.885009765625,8359
2026-03-10 14:38:00+00:00,387.989990234375,388.9299926757813,387.7134094238281,388.9299926757813,6041
2026-03-10 14:39:00+00:00,388.7149963378906,389.5899963378906,388.7149963378906,389.489990234375,5824
2026-03-10 14:40:00+00:00,389.8800048828125,390.7999877929688,389.4599914550781,390.2449951171875,27627
2026-03-10 14:41:00+00:00,390.0,390.0,389.5299987792969,389.8450012207031,5783
2026-03-10 14:42:00+00:00,390.159912109375,390.1650085449219,389.25,389.8550109863281,8811
2026-03-10 14:43:00+00:00,389.8250122070313,390.1199951171875,389.7850036621094,389.9700012207031,2559
2026-03-10 14:44:00+00:00,389.7799987792969,390.08990478515625,389.7799987792969,389.80999755859375,5851
2026-03-10 14:45:00+00:00,389.760009765625,390.4549865722656,389.55999755859375,389.7690124511719,9357
2026-03-10 14:46:00+00:00,389.6900024414063,389.9700012207031,389.3999938964844,389.9700012207031,5010
2026-03-10 14:47:00+00:00,389.9800109863281,390.1700134277344,389.2149963378906,389.2149963378906,12086
2026-03-10 14:48:00+00:00,388.7000122070313,388.7349853515625,388.1300048828125,388.6600036621094,5794
2026-03-10 14:49:00+00:00,388.7300109863281,389.3900146484375,388.7300109863281,388.9700012207031,5539
2026-03-10 14:50:00+00:00,389.1400146484375,389.8800048828125,388.7999877929688,388.7999877929688,5823
2026-03-10 14:51:00+00:00,389.25,389.25,388.6300048828125,388.8349914550781,2783
2026-03-10 14:52:00+00:00,389.0799865722656,389.8299865722656,389.0299987792969,389.8299865722656,4402
2026-03-10 14:53:00+00:00,389.55999755859375,389.8599853515625,389.239990234375,389.5750122070313,4989
2026-03-10 14:54:00+00:00,389.55999755859375,389.55999755859375,388.3399963378906,388.4649963378906,5527
2026-03-10 14:55:00+00:00,388.4599914550781,388.8299865722656,388.0799865722656,388.7300109863281,4983
2026-03-10 14:56:00+00:00,388.510009765625,388.875,388.510009765625,388.75,3558
2026-03-10 14:57:00+00:00,388.5,388.6900024414063,388.1099853515625,388.4599914550781,6908
2026-03-10 14:58:00+00:00,388.1099853515625,388.989990234375,388.1099853515625,388.6900024414063,4625
2026-03-10 14:59:00+00:00,389.3399963378906,389.5499877929688,389.3399963378906,389.5499877929688,1892
2026-03-10 15:00:00+00:00,389.2000122070313,389.8399963378906,388.989990234375,389.8399963378906,6151
2026-03-10 15:01:00+00:00,389.8800048828125,390.4299926757813,389.75,390.0650024414063,12842
2026-03-10 15:02:00+00:00,389.9849853515625,390.0700073242188,389.80999755859375,389.9400024414063,5200
2026-03-10 15:03:00+00:00,389.80999755859375,390.0,389.510009765625,389.5400085449219,7215
2026-03-10 15:04:00+00:00,389.80999755859375,390.1000061035156,389.5750122070313,390.05999755859375,5420
2026-03-10 15:05:00+00:00,390.1700134277344,390.4299926757813,390.010009765625,390.010009765625,3523
2026-03-10 15:06:00+00:00,390.1755065917969,390.1755065917969,388.6050109863281,388.6050109863281,5910
2026-03-10 15:07:00+00:00,388.3299865722656,388.8800048828125,388.18499755859375,388.8800048828125,7828
2026-03-10 15:08:00+00:00,388.7999877929688,389.1257019042969,388.7550048828125,388.7850036621094,4776
2026-03-10 15:09:00+00:00,389.0499877929688,389.927001953125,389.0499877929688,389.927001953125,5884
2026-03-10 15:10:00+00:00,389.6900024414063,390.4299926757813,389.3599853515625,390.3699951171875,12486
2026-03-10 15:11:00+00:00,390.114990234375,390.3999938964844,389.8699951171875,390.3800048828125,11194
2026-03-10 15:12:00+00:00,390.2250061035156,390.3999938964844,389.5700073242188,389.9800109863281,6423
2026-03-10 15:13:00+00:00,389.9750061035156,390.010009765625,389.0368041992188,389.3699951171875,3198
2026-03-10 15:14:00+00:00,388.5400085449219,389.0,387.6000061035156,388.2000122070313,11185
2026-03-10 15:15:00+00:00,388.1900024414063,389.1099853515625,388.1900024414063,389.1099853515625,4435
2026-03-10 15:16:00+00:00,389.0382080078125,389.260009765625,388.9360046386719,388.9599914550781,3308
2026-03-10 15:17:00+00:00,389.260009765625,389.260009765625,388.7200012207031,389.260009765625,1501
2026-03-10 15:18:00+00:00,388.9450073242188,389.2000122070313,388.4500122070313,389.1300048828125,3631
2026-03-10 15:19:00+00:00,389.1600036621094,389.5400085449219,389.1600036621094,389.5400085449219,3363
2026-03-10 15:20:00+00:00,389.489990234375,389.8399963378906,389.1734008789063,389.6799926757813,8386
2026-03-10 15:21:00+00:00,389.3349914550781,389.6700134277344,389.0199890136719,389.4100036621094,2011
2026-03-10 15:22:00+00:00,389.239990234375,389.8299865722656,388.7916870117188,389.0700073242188,3659
2026-03-10 15:23:00+00:00,389.7799987792969,389.7799987792969,389.2449951171875,389.2749938964844,1852
2026-03-10 15:24:00+00:00,389.4150085449219,389.75,389.4049987792969,389.4049987792969,2139
2026-03-10 15:25:00+00:00,389.0650024414063,389.5799865722656,388.7200012207031,389.5700073242188,5127
2026-03-10 15:26:00+00:00,389.5700073242188,389.5700073242188,388.7401123046875,389.1900024414063,2830
2026-03-10 15:27:00+00:00,389.4400024414063,389.4400024414063,389.0899963378906,389.3800048828125,2724
2026-03-10 15:28:00+00:00,389.3699035644531,389.5700073242188,389.2799987792969,389.568115234375,4392
2026-03-10 15:29:00+00:00,389.2850036621094,389.3399963378906,388.7999877929688,389.3399963378906,4584
2026-03-10 15:30:00+00:00,389.4200134277344,389.489990234375,389.0199890136719,389.1700134277344,3526
2026-03-10 15:31:00+00:00,389.0903930664063,389.3399963378906,389.010009765625,389.3399963378906,1284
2026-03-10 15:32:00+00:00,388.8800048828125,389.3399963378906,388.8599853515625,389.239990234375,2806
2026-03-10 15:33:00+00:00,389.3599853515625,390.0,388.9500122070313,389.1700134277344,8043
2026-03-10 15:34:00+00:00,389.3160095214844,389.5499877929688,388.1671142578125,388.1671142578125,3797
2026-03-10 15:35:00+00:00,388.8900146484375,389.0700073242188,388.7099914550781,388.8200073242188,1263
2026-03-10 15:36:00+00:00,388.989990234375,389.4200134277344,388.989990234375,389.4200134277344,2992
2026-03-10 15:37:00+00:00,389.4100036621094,390.260009765625,388.94830322265625,390.260009765625,10283
2026-03-10 15:38:00+00:00,389.9200134277344,390.1700134277344,389.9200134277344,390.1700134277344,3506
2026-03-10 15:39:00+00:00,389.5199890136719,389.7900085449219,389.3500061035156,389.7900085449219,2202
2026-03-10 15:40:00+00:00,389.5199890136719,390.1600036621094,389.510009765625,389.510009765625,3001
2026-03-10 15:41:00+00:00,389.760009765625,389.760009765625,389.7099914550781,389.75,1641
2026-03-10 15:42:00+00:00,389.7449951171875,391.1700134277344,389.7449951171875,391.1700134277344,23284
2026-03-10 15:43:00+00:00,391.2799987792969,391.3500061035156,389.75,390.6000061035156,14173
2026-03-10 15:44:00+00:00,390.1650085449219,390.739990234375,389.75,390.6170043945313,10578
2026-03-10 15:45:00+00:00,390.3200073242188,391.0,390.3200073242188,390.9200134277344,6319
2026-03-10 15:46:00+00:00,390.75,391.0,390.5700073242188,390.9299926757813,4048
2026-03-10 15:47:00+00:00,390.7799987792969,390.9599914550781,390.2200012207031,390.9599914550781,6674
2026-03-10 15:48:00+00:00,390.9599914550781,391.1300048828125,390.7550048828125,391.010009765625,4981
2026-03-10 15:49:00+00:00,390.7000122070313,390.7000122070313,390.1900024414063,390.6199951171875,6631
2026-03-10 15:50:00+00:00,390.6199951171875,391.9200134277344,390.6199951171875,391.75,23281
2026-03-10 15:51:00+00:00,391.3800048828125,392.5,391.3699951171875,391.9649963378906,16050
2026-03-10 15:52:00+00:00,391.8299865722656,392.3999938964844,391.8299865722656,392.3299865722656,9908
2026-03-10 15:53:00+00:00,392.3599853515625,393.5299987792969,392.3599853515625,393.0,28590
2026-03-10 15:54:00+00:00,393.0238952636719,393.2699890136719,392.3200073242188,392.3200073242188,23867
2026-03-10 15:55:00+00:00,393.0700073242188,393.9100036621094,392.6390075683594,393.4240112304688,13725
2026-03-10 15:56:00+00:00,393.8599853515625,394.5700073242188,393.1199951171875,394.5700073242188,30413
2026-03-10 15:57:00+00:00,394.7000122070313,394.7000122070313,393.8667907714844,393.8800048828125,23095
2026-03-10 15:58:00+00:00,393.6799926757813,394.2300109863281,393.510009765625,394.1199951171875,12092
2026-03-10 15:59:00+00:00,394.1000061035156,394.260009765625,393.2900085449219,393.7200012207031,17359
2026-03-10 16:00:00+00:00,393.9800109863281,393.9800109863281,393.3900146484375,393.6799926757813,6199
2026-03-10 16:01:00+00:00,393.3500061035156,393.7300109863281,392.9200134277344,393.3865966796875,8871
2026-03-10 16:02:00+00:00,393.2699890136719,393.75,393.2699890136719,393.7099914550781,12088
2026-03-10 16:03:00+00:00,393.760009765625,393.760009765625,393.2999877929688,393.7200012207031,5205
2026-03-10 16:04:00+00:00,393.5700073242188,393.7099914550781,392.8049926757813,392.8450012207031,13301
2026-03-10 16:05:00+00:00,392.8949890136719,393.1199951171875,392.1600036621094,392.2124938964844,17182
2026-03-10 16:06:00+00:00,392.4400024414063,392.5,392.3900146484375,392.5,2228
2026-03-10 16:07:00+00:00,392.8699951171875,393.4400024414063,392.41009521484375,393.4159851074219,9401
2026-03-10 16:08:00+00:00,393.1499938964844,394.5,393.0700073242188,393.8699951171875,15174
2026-03-10 16:09:00+00:00,394.1799926757813,394.25,393.6379089355469,394.1900024414063,6718
2026-03-10 16:10:00+00:00,393.9049987792969,394.5,393.6199951171875,394.4800109863281,9029
2026-03-10 16:11:00+00:00,394.4800109863281,394.75,394.1900024414063,394.6900024414063,14688
2026-03-10 16:12:00+00:00,394.6300048828125,394.75,393.5,393.6099853515625,17993
2026-03-10 16:13:00+00:00,393.6099853515625,394.1900024414063,393.6099853515625,393.8800048828125,7104
2026-03-10 16:14:00+00:00,393.9382019042969,394.1600036621094,393.1400146484375,393.5299987792969,5828
2026-03-10 16:15:00+00:00,393.3299865722656,394.0799865722656,393.3299865722656,393.4500122070313,12893
2026-03-10 16:16:00+00:00,393.4500122070313,393.8999938964844,393.4500122070313,393.8599853515625,6782
2026-03-10 16:17:00+00:00,393.489990234375,393.8500061035156,393.260009765625,393.4200134277344,3484
2026-03-10 16:18:00+00:00,393.4700012207031,394.2999877929688,393.4700012207031,394.1000061035156,5822
2026-03-10 16:19:00+00:00,394.3999938964844,394.3999938964844,394.0849914550781,394.3399963378906,2100
2026-03-10 16:20:00+00:00,394.1000061035156,394.2200012207031,393.8550109863281,394.0700073242188,5767
2026-03-10 16:21:00+00:00,394.1300048828125,394.1300048828125,393.3550109863281,393.4800109863281,4078
2026-03-10 16:22:00+00:00,393.4800109863281,393.9800109863281,393.4100036621094,393.5,5768
2026-03-10 16:23:00+00:00,393.22119140625,393.6400146484375,393.22119140625,393.4750061035156,2253
2026-03-10 16:24:00+00:00,393.7300109863281,393.8399963378906,393.3800048828125,393.7000122070313,3889
2026-03-10 16:25:00+00:00,393.7000122070313,394.8575134277344,393.6700134277344,394.6600036621094,12025
2026-03-10 16:26:00+00:00,394.760009765625,394.760009765625,394.2301025390625,394.7200012207031,8922
2026-03-10 16:27:00+00:00,394.5299987792969,394.5299987792969,393.8900146484375,393.8900146484375,4869
2026-03-10 16:28:00+00:00,394.0799865722656,394.260009765625,393.3699951171875,393.6400146484375,6679
2026-03-10 16:29:00+00:00,393.3200073242188,393.6700134277344,393.1700134277344,393.6700134277344,3281
2026-03-10 16:30:00+00:00,393.6300048828125,394.75,393.6199951171875,394.2950134277344,6555
2026-03-10 16:31:00+00:00,394.0650024414063,394.3299865722656,393.8800048828125,394.3299865722656,7858
2026-03-10 16:32:00+00:00,393.989990234375,393.989990234375,393.6749877929688,393.9800109863281,6673
2026-03-10 16:33:00+00:00,393.6749877929688,393.9500122070313,393.260009765625,393.4949951171875,10469
2026-03-10 16:34:00+00:00,393.489990234375,393.8599853515625,393.489990234375,393.7099914550781,4085
2026-03-10 16:35:00+00:00,393.5,393.5499877929688,393.0299987792969,393.5499877929688,6471
2026-03-10 16:36:00+00:00,393.6000061035156,393.6000061035156,393.2799987792969,393.2799987792969,1949
2026-03-10 16:37:00+00:00,392.9299926757813,392.9299926757813,392.3699951171875,392.8699951171875,4499
2026-03-10 16:38:00+00:00,392.6600036621094,392.6600036621094,391.6000061035156,391.9200134277344,3903
2026-03-10 16:39:00+00:00,391.54010009765625,392.3999938964844,391.54010009765625,392.072509765625,9734
2026-03-10 16:40:00+00:00,392.3900146484375,392.5899963378906,391.8299865722656,391.9450073242188,5705
2026-03-10 16:41:00+00:00,391.9400024414063,391.9800109863281,391.8299865722656,391.9400024414063,1765
2026-03-10 16:42:00+00:00,391.9400024414063,391.9400024414063,391.7116088867188,391.760009765625,3904
2026-03-10 16:43:00+00:00,391.9700012207031,391.9700012207031,391.5799865722656,391.7149963378906,2988
2026-03-10 16:44:00+00:00,391.5400085449219,391.5950012207031,391.2000122070313,391.5950012207031,7722
2026-03-10 16:45:00+00:00,391.5950012207031,391.5950012207031,391.2200012207031,391.2250061035156,13083
2026-03-10 16:46:00+00:00,391.2250061035156,391.4599914550781,390.5700073242188,391.18499755859375,15403
2026-03-10 16:47:00+00:00,391.18499755859375,391.18499755859375,390.3250122070313,390.7149963378906,15933
2026-03-10 16:48:00+00:00,390.6499938964844,391.1950073242188,390.364990234375,391.1300048828125,10838
2026-03-10 16:49:00+00:00,391.5299987792969,391.7000122070313,391.2325134277344,391.3598937988281,6731
2026-03-10 16:50:00+00:00,391.3200073242188,391.3200073242188,390.6000061035156,390.9599914550781,10794
2026-03-10 16:51:00+00:00,391.1799926757813,391.4700012207031,390.8901062011719,391.4599914550781,5399
2026-03-10 16:52:00+00:00,391.6700134277344,392.875,391.6700134277344,392.875,7768
2026-03-10 16:53:00+00:00,392.8450012207031,393.1899108886719,392.5450134277344,392.5450134277344,12851
2026-03-10 16:54:00+00:00,392.8999938964844,393.125,392.7850036621094,393.125,6113
2026-03-10 16:55:00+00:00,393.1099853515625,393.2149963378906,392.989990234375,393.1099853515625,3213
2026-03-10 16:56:00+00:00,393.010009765625,393.1900024414063,392.7699890136719,393.1900024414063,5639
2026-03-10 16:57:00+00:00,393.1650085449219,393.1650085449219,392.9599914550781,393.0,4043
2026-03-10 16:58:00+00:00,392.9400024414063,393.7749938964844,392.6000061035156,393.7049865722656,18563
2026-03-10 16:59:00+00:00,393.25,393.25,393.25,393.25,747
2026-03-10 17:00:00+00:00,393.3999938964844,394.2199096679688,393.3999938964844,393.8775024414063,7535
2026-03-10 17:01:00+00:00,394.2200012207031,394.3399963378906,394.010009765625,394.3399963378906,2384
2026-03-10 17:02:00+00:00,394.4895935058594,394.9800109863281,394.4200134277344,394.9700012207031,3896
2026-03-10 17:03:00+00:00,394.9700012207031,395.0,394.4700012207031,394.6549987792969,13378
2026-03-10 17:04:00+00:00,394.6549987792969,394.75,394.489990234375,394.75,2901
2026-03-10 17:05:00+00:00,394.8299865722656,394.8999938964844,394.5799865722656,394.7850036621094,6123
2026-03-10 17:06:00+00:00,394.50531005859375,394.6549987792969,394.4599914550781,394.5849914550781,3079
2026-03-10 17:07:00+00:00,394.6366882324219,394.8500061035156,394.4500122070313,394.4500122070313,4010
2026-03-10 17:08:00+00:00,394.4400024414063,395.0,394.4299926757813,395.0,11334
2026-03-10 17:09:00+00:00,394.8200073242188,394.8250122070313,394.4299926757813,394.4299926757813,4961
2026-03-10 17:10:00+00:00,394.3800048828125,394.89990234375,394.3800048828125,394.89990234375,2676
2026-03-10 17:11:00+00:00,394.8900146484375,395.05999755859375,394.5,395.05999755859375,7984
2026-03-10 17:12:00+00:00,394.8800048828125,395.0299987792969,394.8450012207031,395.0299987792969,3502
2026-03-10 17:13:00+00:00,395.1400146484375,395.3299865722656,394.9249877929688,395.30999755859375,10564
2026-03-10 17:14:00+00:00,395.3999938964844,395.7999877929688,395.1499938964844,395.7999877929688,5385
2026-03-10 17:15:00+00:00,395.989990234375,397.0400085449219,395.7749938964844,396.18499755859375,29205
2026-03-10 17:16:00+00:00,396.3599853515625,396.6600036621094,396.1600036621094,396.3999938964844,11059
2026-03-10 17:17:00+00:00,396.6799926757813,396.864990234375,396.1400146484375,396.6499938964844,9121
2026-03-10 17:18:00+00:00,396.739990234375,397.2099914550781,396.1300048828125,396.1300048828125,8997
2026-03-10 17:19:00+00:00,396.2101135253906,396.510009765625,396.0299987792969,396.3648071289063,2953
2026-03-10 17:20:00+00:00,396.1400146484375,396.6749877929688,396.1400146484375,396.5,3360
2026-03-10 17:21:00+00:00,396.8299865722656,396.8299865722656,396.4049987792969,396.614990234375,6094
2026-03-10 17:22:00+00:00,396.625,396.9049987792969,396.625,396.6900024414063,6712
2026-03-10 17:23:00+00:00,396.9924926757813,396.9924926757813,396.3450012207031,396.3450012207031,2758
2026-03-10 17:24:00+00:00,396.4400024414063,397.1799011230469,396.3949890136719,396.9996948242188,5711
2026-03-10 17:25:00+00:00,396.9299926757813,397.0700073242188,396.7300109863281,396.9299926757813,4137
2026-03-10 17:26:00+00:00,397.1600036621094,397.2449951171875,396.8699951171875,397.0199890136719,4581
2026-03-10 17:27:00+00:00,397.0700073242188,397.3399963378906,396.8999938964844,397.1099853515625,9137
2026-03-10 17:28:00+00:00,397.3699951171875,397.4100036621094,397.1799926757813,397.2900085449219,4331
2026-03-10 17:29:00+00:00,397.2900085449219,397.7367858886719,397.164794921875,397.7200012207031,14202
2026-03-10 17:30:00+00:00,397.7000122070313,397.9500122070313,397.2799987792969,397.8399963378906,4422
2026-03-10 17:31:00+00:00,397.75,397.9699096679688,397.2850036621094,397.6799926757813,12119
2026-03-10 17:32:00+00:00,397.4299926757813,398.260009765625,397.4299926757813,398.260009765625,14120
2026-03-10 17:33:00+00:00,398.1199951171875,398.1199951171875,397.4200134277344,397.6099853515625,6457
2026-03-10 17:34:00+00:00,397.7850036621094,397.7850036621094,397.4100036621094,397.4800109863281,11698
2026-03-10 17:35:00+00:00,397.6799926757813,397.6799926757813,397.0,397.0,4839
2026-03-10 17:36:00+00:00,397.0,397.2449951171875,396.9200134277344,396.9200134277344,4472
2026-03-10 17:37:00+00:00,396.5549926757813,396.5549926757813,395.9450073242188,396.0,14802
2026-03-10 17:38:00+00:00,396.1600036621094,396.5350036621094,396.0199890136719,396.5,7986
2026-03-10 17:39:00+00:00,396.4700012207031,396.9800109863281,396.0400085449219,396.9800109863281,11558
2026-03-10 17:40:00+00:00,397.0299987792969,397.0299987792969,396.1780090332031,396.1780090332031,12109
2026-03-10 17:41:00+00:00,396.25,396.6499938964844,396.05999755859375,396.4800109863281,5702
2026-03-10 17:42:00+00:00,396.4249877929688,396.4249877929688,395.6950073242188,395.8999938964844,4381
2026-03-10 17:43:00+00:00,396.1650085449219,396.2550048828125,395.9400024414063,396.1900024414063,3385
2026-03-10 17:44:00+00:00,395.9400024414063,395.9400024414063,395.3399963378906,395.43499755859375,5109
2026-03-10 17:45:00+00:00,395.58099365234375,395.58099365234375,395.1199951171875,395.1199951171875,5012
2026-03-10 17:46:00+00:00,395.1099853515625,395.1099853515625,394.6400146484375,394.8800048828125,5460
2026-03-10 17:47:00+00:00,395.0499877929688,395.3299865722656,395.0499877929688,395.3299865722656,2828
2026-03-10 17:48:00+00:00,395.5783996582031,396.2699890136719,395.3349914550781,395.9599914550781,16758
2026-03-10 17:49:00+00:00,396.0700073242188,396.6900024414063,396.0700073242188,396.6900024414063,15762
2026-03-10 17:50:00+00:00,396.3800048828125,396.8599853515625,396.1099853515625,396.1099853515625,11238
2026-03-10 17:51:00+00:00,395.8800048828125,396.05999755859375,395.7149963378906,396.010009765625,4667
2026-03-10 17:52:00+00:00,396.0799865722656,396.2000122070313,396.0,396.2000122070313,1746
2026-03-10 17:53:00+00:00,396.1000061035156,396.1532897949219,395.9100036621094,396.1532897949219,2779
2026-03-10 17:54:00+00:00,395.8399963378906,395.9700012207031,395.7099914550781,395.7099914550781,3295
2026-03-10 17:55:00+00:00,395.8900146484375,395.8900146484375,395.6499938964844,395.6499938964844,2307
2026-03-10 17:56:00+00:00,395.6700134277344,395.6700134277344,395.260009765625,395.260009765625,1561
2026-03-10 17:57:00+00:00,395.7900085449219,395.9599914550781,395.7049865722656,395.9599914550781,3501
2026-03-10 17:58:00+00:00,396.010009765625,396.2900085449219,396.010009765625,396.1000061035156,7707
2026-03-10 17:59:00+00:00,396.1300048828125,396.1300048828125,396.0199890136719,396.1000061035156,2225
2026-03-10 18:00:00+00:00,396.0700073242188,396.739990234375,396.0700073242188,396.739990234375,4244
2026-03-10 18:01:00+00:00,396.739990234375,397.5299987792969,396.739990234375,397.2149963378906,11552
2026-03-10 18:02:00+00:00,397.1650085449219,397.2999877929688,396.510009765625,396.510009765625,10862
2026-03-10 18:03:00+00:00,396.5252990722656,396.5252990722656,396.1799926757813,396.4725036621094,2347
2026-03-10 18:04:00+00:00,396.2000122070313,396.2000122070313,396.0400085449219,396.1549987792969,3005
2026-03-10 18:05:00+00:00,395.8999938964844,396.0700073242188,395.8999938964844,396.0700073242188,1534
2026-03-10 18:06:00+00:00,396.05999755859375,396.1099853515625,396.0,396.0,2989
2026-03-10 18:07:00+00:00,395.7000122070313,395.7000122070313,395.7000122070313,395.7000122070313,1037
2026-03-10 18:08:00+00:00,395.7799987792969,395.8500061035156,395.0,395.0,3734
2026-03-10 18:09:00+00:00,394.7900085449219,394.9299926757813,394.6099853515625,394.9299926757813,1997
2026-03-10 18:10:00+00:00,395.0899963378906,395.0899963378906,394.8299865722656,394.8500061035156,4541
2026-03-10 18:11:00+00:00,394.9100036621094,394.9200134277344,394.5101013183594,394.6900024414063,2823
2026-03-10 18:12:00+00:00,394.8699951171875,395.2300109863281,394.760009765625,394.760009765625,9509
2026-03-10 18:13:00+00:00,394.8699951171875,395.2900085449219,394.1449890136719,394.1449890136719,9273
2026-03-10 18:14:00+00:00,393.7349853515625,393.7349853515625,391.6499938964844,391.9450073242188,11426
2026-03-10 18:15:00+00:00,392.2999877929688,393.2300109863281,391.6832885742188,393.1499938964844,4411
2026-03-10 18:16:00+00:00,392.9299926757813,393.6499938964844,392.5815124511719,392.5815124511719,10158
2026-03-10 18:17:00+00:00,392.25,393.0,392.0,392.489990234375,11548
2026-03-10 18:18:00+00:00,392.5050048828125,393.4599914550781,392.5050048828125,392.7349853515625,15728
2026-03-10 18:19:00+00:00,392.7250061035156,392.7250061035156,391.5499877929688,392.4100036621094,20450
2026-03-10 18:20:00+00:00,392.5499877929688,393.3299865722656,392.1600036621094,392.9450073242188,9453
2026-03-10 18:21:00+00:00,392.6700134277344,392.75,392.5064086914063,392.6474914550781,3030
2026-03-10 18:22:00+00:00,391.2699890136719,391.864990234375,391.2699890136719,391.8299865722656,3488
2026-03-10 18:23:00+00:00,392.260009765625,392.7000122070313,391.8100891113281,392.4599914550781,4014
2026-03-10 18:24:00+00:00,392.80999755859375,392.80999755859375,392.1499938964844,392.2000122070313,1932
2026-03-10 18:25:00+00:00,391.8399963378906,392.3500061035156,391.8399963378906,392.2099914550781,2499
2026-03-10 18:26:00+00:00,392.2099914550781,392.747314453125,391.9645080566406,392.385009765625,7852
2026-03-10 18:27:00+00:00,392.2000122070313,392.6799926757813,391.6401062011719,392.2650146484375,7107
2026-03-10 18:28:00+00:00,391.510009765625,392.010009765625,391.3699951171875,391.7000122070313,4363
2026-03-10 18:29:00+00:00,390.8900146484375,390.8900146484375,390.4342956542969,390.5505981445313,1804
2026-03-10 18:30:00+00:00,390.8800048828125,390.9500122070313,390.6099853515625,390.80999755859375,3619
2026-03-10 18:31:00+00:00,391.2999877929688,392.1799926757813,391.2999877929688,391.8200073242188,3154
2026-03-10 18:32:00+00:00,391.6099853515625,392.1199951171875,391.6099853515625,391.9400024414063,1582
2026-03-10 18:33:00+00:00,391.9400024414063,391.9400024414063,391.5400085449219,391.5450134277344,2419
2026-03-10 18:34:00+00:00,391.8999938964844,391.9599914550781,391.7099914550781,391.7099914550781,1312
2026-03-10 18:35:00+00:00,392.05999755859375,392.1400146484375,390.6400146484375,390.7550048828125,5972
2026-03-10 18:36:00+00:00,390.9049987792969,391.5176086425781,390.7349853515625,391.5176086425781,3395
2026-03-10 18:37:00+00:00,391.5350036621094,391.5350036621094,391.1000061035156,391.4450073242188,3240
2026-03-10 18:38:00+00:00,391.8999938964844,391.8999938964844,391.4700012207031,391.4949951171875,2370
2026-03-10 18:39:00+00:00,391.7999877929688,391.7999877929688,390.80999755859375,390.80999755859375,3805
2026-03-10 18:40:00+00:00,390.6300048828125,390.6300048828125,390.6300048828125,390.6300048828125,348
2026-03-10 18:41:00+00:00,390.4500122070313,390.4500122070313,389.3930969238281,389.7550048828125,8106
2026-03-10 18:42:00+00:00,389.7699890136719,390.2300109863281,389.66839599609375,390.2300109863281,6104
2026-03-10 18:43:00+00:00,390.4400024414063,390.4400024414063,390.4400024414063,390.4400024414063,1463
2026-03-10 18:44:00+00:00,390.0549926757813,390.2200012207031,389.4632873535156,389.7200012207031,3984
2026-03-10 18:45:00+00:00,389.2900085449219,389.9750061035156,389.2900085449219,389.9750061035156,3851
2026-03-10 18:46:00+00:00,389.4175109863281,389.4175109863281,389.3999938964844,389.3999938964844,1040
2026-03-10 18:47:00+00:00,389.3949890136719,390.06201171875,389.3949890136719,389.9500122070313,3920
2026-03-10 18:48:00+00:00,389.2315979003906,389.2315979003906,389.2315979003906,389.2315979003906,874
2026-03-10 18:49:00+00:00,389.0,389.4800109863281,388.8869934082031,389.4700012207031,6357
2026-03-10 18:50:00+00:00,389.6400146484375,390.3299865722656,389.6400146484375,390.2449951171875,4520
2026-03-10 18:51:00+00:00,390.6000061035156,390.6400146484375,390.260009765625,390.260009765625,3157
2026-03-10 18:52:00+00:00,389.2999877929688,389.5675964355469,389.2999877929688,389.4100036621094,1573
2026-03-10 18:53:00+00:00,389.0199890136719,389.0199890136719,388.6000061035156,388.9700012207031,4272
2026-03-10 18:54:00+00:00,388.510009765625,389.2550048828125,388.510009765625,389.1000061035156,7193
2026-03-10 18:55:00+00:00,388.7300109863281,388.7300109863281,387.2099914550781,387.4249877929688,5909
2026-03-10 18:56:00+00:00,387.4200134277344,388.2000122070313,387.4200134277344,388.0050048828125,4786
2026-03-10 18:57:00+00:00,388.3500061035156,388.5775146484375,388.3500061035156,388.3699951171875,4672
2026-03-10 18:58:00+00:00,388.25,388.25,388.2300109863281,388.2300109863281,1769
2026-03-10 18:59:00+00:00,387.5899963378906,387.6000061035156,387.2000122070313,387.2850036621094,4087
2026-03-10 19:00:00+00:00,387.3399963378906,387.6199951171875,386.989990234375,387.2101135253906,5723
2026-03-10 19:01:00+00:00,387.2099914550781,387.760009765625,387.2099914550781,387.6000061035156,2086
2026-03-10 19:02:00+00:00,387.2142028808594,388.8900146484375,387.2142028808594,388.8399963378906,8058
2026-03-10 19:03:00+00:00,388.1950073242188,388.6400146484375,388.1950073242188,388.2000122070313,876
2026-03-10 19:04:00+00:00,388.6400146484375,388.6400146484375,387.9200134277344,387.9200134277344,3013
2026-03-10 19:05:00+00:00,387.7699890136719,388.2799987792969,387.7699890136719,388.2099914550781,3568
2026-03-10 19:06:00+00:00,388.125,388.125,387.8100891113281,388.0750122070313,2497
2026-03-10 19:07:00+00:00,388.2900085449219,389.18499755859375,388.2900085449219,389.1000061035156,4077
2026-03-10 19:08:00+00:00,389.0274963378906,389.39990234375,388.7701110839844,389.2699890136719,7668
2026-03-10 19:09:00+00:00,389.510009765625,389.8599853515625,389.3299865722656,389.8599853515625,3246
2026-03-10 19:10:00+00:00,388.9649963378906,388.9750061035156,388.8949890136719,388.8949890136719,1987
2026-03-10 19:11:00+00:00,388.8500061035156,388.8550109863281,388.2250061035156,388.55999755859375,3342
2026-03-10 19:12:00+00:00,388.4000854492188,388.7799987792969,388.4000854492188,388.489990234375,5539
2026-03-10 19:13:00+00:00,388.3250122070313,388.3250122070313,388.3200073242188,388.3200073242188,674
2026-03-10 19:14:00+00:00,388.8399963378906,389.0799865722656,388.8399963378906,388.93499755859375,3810
2026-03-10 19:15:00+00:00,388.8949890136719,388.8949890136719,388.2699890136719,388.2699890136719,3549
2026-03-10 19:16:00+00:00,388.0700073242188,388.4299926757813,388.0700073242188,388.4299926757813,2521
2026-03-10 19:17:00+00:00,388.8200073242188,388.8200073242188,388.5549926757813,388.5549926757813,1205
2026-03-10 19:18:00+00:00,388.8800048828125,388.9100036621094,388.489990234375,388.739990234375,5681
2026-03-10 19:19:00+00:00,388.8999938964844,388.8999938964844,388.75,388.75,2923
2026-03-10 19:20:00+00:00,388.9599914550781,389.2200012207031,388.510009765625,388.7900085449219,14085
2026-03-10 19:21:00+00:00,388.5199890136719,388.5199890136719,387.6400146484375,387.6499938964844,5282
2026-03-10 19:22:00+00:00,387.80999755859375,388.4800109863281,387.7349853515625,388.4800109863281,3719
2026-03-10 19:23:00+00:00,388.239990234375,388.7999877929688,388.239990234375,388.3500061035156,5797
2026-03-10 19:24:00+00:00,388.4500122070313,388.6499938964844,388.3800048828125,388.6099853515625,2407
2026-03-10 19:25:00+00:00,388.5700073242188,388.9200134277344,388.0799865722656,388.3299865722656,14158
2026-03-10 19:26:00+00:00,388.0499877929688,388.0499877929688,386.9849853515625,387.0,6440
2026-03-10 19:27:00+00:00,386.8677062988281,387.6700134277344,386.8677062988281,387.6700134277344,5425
2026-03-10 19:28:00+00:00,387.5169982910156,387.7999877929688,387.5169982910156,387.760009765625,2377
2026-03-10 19:29:00+00:00,387.7999877929688,388.0,387.18499755859375,387.18499755859375,5963
2026-03-10 19:30:00+00:00,387.0257873535156,387.0257873535156,386.3900146484375,386.8349914550781,4268
2026-03-10 19:31:00+00:00,386.9800109863281,387.760009765625,386.8399963378906,387.2149963378906,10650
2026-03-10 19:32:00+00:00,387.2250061035156,387.2250061035156,386.5,386.5700073242188,7507
2026-03-10 19:33:00+00:00,386.75,386.85101318359375,386.4200134277344,386.5,5794
2026-03-10 19:34:00+00:00,386.5552978515625,387.1499938964844,386.4500122070313,386.75,7849
2026-03-10 19:35:00+00:00,386.748291015625,387.1300048828125,386.748291015625,386.8500061035156,4766
2026-03-10 19:36:00+00:00,386.2300109863281,386.3299865722656,386.0799865722656,386.3299865722656,3935
2026-03-10 19:37:00+00:00,386.502197265625,386.502197265625,386.260009765625,386.260009765625,1954
2026-03-10 19:38:00+00:00,386.3200073242188,386.4949951171875,386.1994018554688,386.4200134277344,5543
2026-03-10 19:39:00+00:00,386.0889892578125,387.5737915039063,386.0799865722656,387.1199951171875,6884
2026-03-10 19:40:00+00:00,387.2200012207031,388.1799926757813,386.6099853515625,388.05999755859375,13293
2026-03-10 19:41:00+00:00,388.0700073242188,388.0700073242188,386.9299926757813,387.0249938964844,5925
2026-03-10 19:42:00+00:00,387.0199890136719,387.6400146484375,386.5849914550781,387.6400146484375,9953
2026-03-10 19:43:00+00:00,387.2000122070313,387.2000122070313,386.4599914550781,386.4599914550781,2637
2026-03-10 19:44:00+00:00,386.6300048828125,386.8699951171875,386.18499755859375,386.18499755859375,8393
2026-03-10 19:45:00+00:00,386.3299865722656,386.5,385.9649963378906,386.3399963378906,13827
2026-03-10 19:46:00+00:00,386.2650146484375,386.75,386.2650146484375,386.6650085449219,5159
2026-03-10 19:47:00+00:00,386.7000122070313,386.7000122070313,386.3200073242188,386.3200073242188,4354
2026-03-10 19:48:00+00:00,386.3999938964844,386.3999938964844,385.260009765625,385.260009765625,3391
2026-03-10 19:49:00+00:00,385.2200012207031,385.6199951171875,385.2200012207031,385.4049987792969,3766
2026-03-10 19:50:00+00:00,385.6099853515625,385.7799987792969,384.260009765625,384.5499877929688,16229
2026-03-10 19:51:00+00:00,384.3299865722656,384.96099853515625,384.2749938964844,384.3200073242188,13265
2026-03-10 19:52:00+00:00,384.3500061035156,384.760009765625,384.25,384.5799865722656,13294
2026-03-10 19:53:00+00:00,384.6700134277344,384.8299865722656,384.3900146484375,384.3900146484375,10624
2026-03-10 19:54:00+00:00,384.3949890136719,384.8299865722656,384.2699890136719,384.5950012207031,11568
2026-03-10 19:55:00+00:00,384.5050048828125,384.5050048828125,383.7300109863281,384.1000061035156,13149
2026-03-10 19:56:00+00:00,383.9200134277344,384.2250061035156,383.6449890136719,384.2250061035156,15999
2026-03-10 19:57:00+00:00,384.1950073242188,384.3500061035156,383.7950134277344,384.05999755859375,33470
2026-03-10 19:58:00+00:00,383.9800109863281,384.3999938964844,383.9700012207031,384.2650146484375,34432
2026-03-10 19:59:00+00:00,384.3500061035156,384.4299926757813,383.989990234375,384.2900085449219,73907
2026-03-11 13:30:00+00:00,383.9400024414063,384.0,379.0,379.0,76263
2026-03-11 13:31:00+00:00,378.18499755859375,380.8450012207031,376.1499938964844,378.6600036621094,15242
2026-03-11 13:32:00+00:00,378.6900024414063,382.3663940429688,377.0,380.7049865722656,8869
2026-03-11 13:33:00+00:00,381.5400085449219,381.5400085449219,379.0,379.8200073242188,15037
2026-03-11 13:34:00+00:00,379.5700073242188,381.8500061035156,379.0903015136719,380.8349914550781,9652
2026-03-11 13:35:00+00:00,380.0,380.8299865722656,379.3999938964844,380.0,11972
2026-03-11 13:36:00+00:00,379.7049865722656,380.6600036621094,377.9700012207031,378.2049865722656,16541
2026-03-11 13:37:00+00:00,379.0,379.5,378.5,378.9299926757813,9475
2026-03-11 13:38:00+00:00,379.6300048828125,381.7000122070313,379.5400085449219,380.2349853515625,5870
2026-03-11 13:39:00+00:00,380.2349853515625,383.6199951171875,380.2349853515625,382.4450073242188,5882
2026-03-11 13:40:00+00:00,382.0,382.9800109863281,380.8200073242188,381.625,7314
2026-03-11 13:41:00+00:00,380.7699890136719,382.010009765625,380.7699890136719,381.8918151855469,3154
2026-03-11 13:42:00+00:00,381.4500122070313,381.8980102539063,380.0101013183594,381.1400146484375,4261
2026-03-11 13:43:00+00:00,380.010009765625,381.0350036621094,379.80999755859375,380.1400146484375,8394
2026-03-11 13:44:00+00:00,380.010009765625,381.1510009765625,379.6900024414063,379.6900939941406,9555
2026-03-11 13:45:00+00:00,379.6900024414063,383.6199951171875,379.6900024414063,383.4158020019531,14394
2026-03-11 13:46:00+00:00,383.2449951171875,383.743896484375,382.010009765625,383.743896484375,4714
2026-03-11 13:47:00+00:00,383.28070068359375,383.8299865722656,383.1300048828125,383.7799987792969,5083
2026-03-11 13:48:00+00:00,382.9649963378906,383.6700134277344,381.8299865722656,383.4400024414063,6941
2026-03-11 13:49:00+00:00,382.9249877929688,383.2200012207031,382.9249877929688,383.2200012207031,2298
2026-03-11 13:50:00+00:00,383.0450134277344,383.1300048828125,381.0299987792969,381.61279296875,6496
2026-03-11 13:51:00+00:00,381.7799987792969,381.7799987792969,381.7799987792969,381.7799987792969,1612
2026-03-11 13:52:00+00:00,381.9200134277344,385.1549987792969,381.9200134277344,384.3049926757813,9814
2026-03-11 13:53:00+00:00,385.0,386.6882934570313,385.0,385.0,5892
2026-03-11 13:54:00+00:00,384.9649963378906,385.260009765625,384.510009765625,384.9450073242188,9028
2026-03-11 13:55:00+00:00,385.1000061035156,386.9200134277344,385.1000061035156,386.4249877929688,18628
2026-03-11 13:56:00+00:00,386.4200134277344,386.4200134277344,384.8399963378906,384.8399963378906,9242
2026-03-11 13:57:00+00:00,385.7300109863281,386.2999877929688,385.7300109863281,386.2999877929688,2605
2026-03-11 13:58:00+00:00,386.3869934082031,387.0499877929688,385.7650146484375,386.8299865722656,3400
2026-03-11 13:59:00+00:00,386.9100036621094,387.2699890136719,386.1210021972656,386.9400024414063,5553
2026-03-11 14:00:00+00:00,387.7250061035156,389.375,387.7250061035156,389.375,8412
2026-03-11 14:01:00+00:00,389.3699951171875,389.3699951171875,387.8200073242188,387.8200073242188,14039
2026-03-11 14:02:00+00:00,387.9700927734375,388.1950073242188,386.2300109863281,386.6300048828125,12908
2026-03-11 14:03:00+00:00,386.25,387.1799926757813,385.6000061035156,387.1799926757813,8793
2026-03-11 14:04:00+00:00,387.3699951171875,388.8200073242188,387.3699951171875,388.75,5856
2026-03-11 14:05:00+00:00,388.739990234375,388.8800048828125,387.9800109863281,388.25,6636
2026-03-11 14:06:00+00:00,387.989990234375,388.1799926757813,387.3200073242188,387.3250122070313,9212
2026-03-11 14:07:00+00:00,387.3200073242188,387.760009765625,387.3200073242188,387.7491149902344,4958
2026-03-11 14:08:00+00:00,387.4100036621094,387.4100036621094,385.30999755859375,385.30999755859375,8806
2026-03-11 14:09:00+00:00,386.4400024414063,386.9200134277344,386.2749938964844,386.4500122070313,13433
2026-03-11 14:10:00+00:00,386.4599914550781,386.4599914550781,385.7900085449219,385.7900085449219,5953
2026-03-11 14:11:00+00:00,385.7699890136719,385.7699890136719,385.1199951171875,385.4299926757813,1822
2026-03-11 14:12:00+00:00,385.4299926757813,386.3200073242188,385.4299926757813,386.0,5076
2026-03-11 14:13:00+00:00,386.0,387.0,386.0,387.0,4369
2026-03-11 14:14:00+00:00,387.05999755859375,387.1098937988281,386.2000122070313,386.8949890136719,4300
2026-03-11 14:15:00+00:00,386.9549865722656,386.9549865722656,386.0199890136719,386.0199890136719,2924
2026-03-11 14:16:00+00:00,385.6900024414063,385.6900024414063,385.4800109863281,385.6900024414063,8421
2026-03-11 14:17:00+00:00,385.9800109863281,385.9800109863281,384.3599853515625,385.0650024414063,9178
2026-03-11 14:18:00+00:00,384.510009765625,385.0899963378906,383.8100891113281,385.010009765625,5173
2026-03-11 14:19:00+00:00,384.4800109863281,385.05999755859375,384.4800109863281,385.05999755859375,3547
2026-03-11 14:20:00+00:00,384.5,385.1000061035156,384.4649963378906,385.1000061035156,5353
2026-03-11 14:21:00+00:00,385.4700012207031,385.8800048828125,385.2900085449219,385.5799865722656,2856
2026-03-11 14:22:00+00:00,385.1900024414063,385.739990234375,385.0501098632813,385.3949890136719,6696
2026-03-11 14:23:00+00:00,384.4352111816406,384.8800048828125,384.4200134277344,384.4549865722656,3973
2026-03-11 14:24:00+00:00,384.0199890136719,385.4699096679688,384.0199890136719,385.010009765625,4389
2026-03-11 14:25:00+00:00,385.2900085449219,385.989990234375,384.7799987792969,385.7200012207031,4509
2026-03-11 14:26:00+00:00,385.3999938964844,385.3999938964844,384.5076904296875,384.5076904296875,2777
2026-03-11 14:27:00+00:00,384.7000122070313,384.7000122070313,382.8299865722656,382.8299865722656,7098
2026-03-11 14:28:00+00:00,383.1600036621094,383.4552001953125,382.4578857421875,383.4552001953125,6865
2026-03-11 14:29:00+00:00,383.8699951171875,385.9986877441406,383.7200012207031,385.9800109863281,5353
2026-03-11 14:30:00+00:00,385.4299926757813,385.8214111328125,384.5849914550781,384.5849914550781,3415
2026-03-11 14:31:00+00:00,384.30999755859375,384.30999755859375,383.2900085449219,383.2900085449219,3139
2026-03-11 14:32:00+00:00,382.80999755859375,383.2349853515625,382.6900024414063,382.8399963378906,3333
2026-03-11 14:33:00+00:00,382.8399963378906,383.3500061035156,382.6099853515625,383.2099914550781,7244
2026-03-11 14:34:00+00:00,383.2699890136719,383.30999755859375,382.3999938964844,382.4100036621094,9138
2026-03-11 14:35:00+00:00,382.6099853515625,384.3454895019531,382.5299987792969,383.5700073242188,7117
2026-03-11 14:36:00+00:00,384.0799865722656,384.239990234375,383.8200988769531,383.8200988769531,2850
2026-03-11 14:37:00+00:00,383.9299926757813,384.1099853515625,383.7900085449219,384.1050109863281,2556
2026-03-11 14:38:00+00:00,384.5,385.0,384.3599853515625,385.0,5323
2026-03-11 14:39:00+00:00,384.3999938964844,384.3999938964844,384.010009765625,384.05999755859375,3683
2026-03-11 14:40:00+00:00,384.0700073242188,384.3900146484375,383.75,384.1199951171875,2611
2026-03-11 14:41:00+00:00,383.6700134277344,384.3999938964844,383.3200073242188,384.1449890136719,2778
2026-03-11 14:42:00+00:00,384.1449890136719,384.1950073242188,383.9400024414063,384.0,1715
2026-03-11 14:43:00+00:00,384.03509521484375,384.3800048828125,383.3949890136719,383.3949890136719,6707
2026-03-11 14:44:00+00:00,383.7999877929688,384.4599914550781,383.7999877929688,384.18499755859375,3912
2026-03-11 14:45:00+00:00,383.7950134277344,383.7950134277344,383.7950134277344,383.7950134277344,1002
2026-03-11 14:46:00+00:00,383.4075927734375,384.7000122070313,383.4075927734375,384.0,11831
2026-03-11 14:47:00+00:00,383.9049987792969,386.3399963378906,383.9049987792969,386.3399963378906,8807
2026-03-11 14:48:00+00:00,386.6199951171875,387.0,386.110107421875,386.5549926757813,11670
2026-03-11 14:49:00+00:00,386.8306884765625,387.1700134277344,386.1099853515625,386.8299865722656,8144
2026-03-11 14:50:00+00:00,386.8299865722656,387.0,386.5700073242188,386.7937927246094,3484
2026-03-11 14:51:00+00:00,386.4599914550781,386.55999755859375,386.110107421875,386.55999755859375,3120
2026-03-11 14:52:00+00:00,386.7099914550781,387.010009765625,386.36370849609375,386.36370849609375,4374
2026-03-11 14:53:00+00:00,387.1000061035156,387.4999084472656,387.1000061035156,387.3624877929688,2917
2026-03-11 14:54:00+00:00,386.9684143066406,387.0,386.3299865722656,386.3299865722656,3850
2026-03-11 14:55:00+00:00,386.6449890136719,386.9800109863281,386.1099853515625,386.1300048828125,6081
2026-03-11 14:56:00+00:00,386.2200012207031,386.6099853515625,386.2200012207031,386.6099853515625,1994
2026-03-11 14:57:00+00:00,386.9800109863281,387.739990234375,386.5700073242188,387.739990234375,5504
2026-03-11 14:58:00+00:00,388.1000061035156,388.659912109375,387.9249877929688,388.4049987792969,9055
2026-03-11 14:59:00+00:00,388.6099853515625,388.6099853515625,388.2749938964844,388.3999938964844,2357
2026-03-11 15:00:00+00:00,388.3150024414063,388.75,388.2999877929688,388.4400024414063,4090
2026-03-11 15:01:00+00:00,388.4500122070313,388.7250061035156,387.9700012207031,387.9700012207031,8346
2026-03-11 15:02:00+00:00,387.9599914550781,388.0700073242188,387.625,387.625,4654
2026-03-11 15:03:00+00:00,387.2200012207031,388.989990234375,387.2200012207031,388.989990234375,4502
2026-03-11 15:04:00+00:00,388.5299987792969,390.0,388.5299987792969,389.989990234375,11405
2026-03-11 15:05:00+00:00,389.91900634765625,390.4500122070313,389.7200012207031,390.0650024414063,10604
2026-03-11 15:06:00+00:00,390.0650024414063,390.3598937988281,389.610107421875,390.30999755859375,8577
2026-03-11 15:07:00+00:00,389.9750061035156,390.7099914550781,389.9750061035156,390.6499938964844,4588
2026-03-11 15:08:00+00:00,390.53460693359375,391.1799926757813,390.53460693359375,391.0,7308
2026-03-11 15:09:00+00:00,390.8550109863281,391.239990234375,390.6099853515625,390.6625061035156,41281
2026-03-11 15:10:00+00:00,388.8599853515625,389.0474853515625,388.8500061035156,389.0474853515625,2223
2026-03-11 15:11:00+00:00,389.1199951171875,389.1199951171875,388.2349853515625,388.8399963378906,4718
2026-03-11 15:12:00+00:00,389.1000061035156,389.1000061035156,387.7401123046875,387.7401123046875,8807
2026-03-11 15:13:00+00:00,388.2699890136719,388.4299926757813,388.05999755859375,388.4299926757813,2394
2026-03-11 15:14:00+00:00,388.2300109863281,388.3250122070313,387.4700012207031,387.9700927734375,5652
2026-03-11 15:15:00+00:00,388.1799926757813,388.1799926757813,386.5,386.8299865722656,6333
2026-03-11 15:16:00+00:00,386.6000061035156,386.8599853515625,385.7099914550781,385.7099914550781,2947
2026-03-11 15:17:00+00:00,385.4400024414063,386.05999755859375,384.7699890136719,385.2950134277344,7741
2026-03-11 15:18:00+00:00,385.5700073242188,385.5799865722656,385.5700073242188,385.5799865722656,1177
2026-03-11 15:19:00+00:00,385.5899963378906,385.8900146484375,385.3999938964844,385.8900146484375,3644
2026-03-11 15:20:00+00:00,386.0,386.6499938964844,386.0,386.6499938964844,2137
2026-03-11 15:21:00+00:00,386.6950073242188,387.3699951171875,386.5,387.1549987792969,7660
2026-03-11 15:22:00+00:00,387.1549987792969,388.4898986816406,387.1549987792969,387.7099914550781,5400
2026-03-11 15:23:00+00:00,387.1300048828125,387.489990234375,386.9800109863281,387.489990234375,4673
2026-03-11 15:24:00+00:00,387.4500122070313,388.2000122070313,387.4500122070313,388.0299987792969,2291
2026-03-11 15:25:00+00:00,388.5,388.9299926757813,387.6400146484375,388.1799926757813,5329
2026-03-11 15:26:00+00:00,387.80999755859375,388.1600036621094,387.7308044433594,387.80999755859375,1919
2026-03-11 15:27:00+00:00,387.80999755859375,387.80999755859375,387.0195007324219,387.0195007324219,4761
2026-03-11 15:29:00+00:00,386.7098083496094,386.7098083496094,386.7098083496094,386.7098083496094,1144
2026-03-11 15:30:00+00:00,386.5700073242188,386.5700073242188,384.6799926757813,384.6799926757813,6857
2026-03-11 15:31:00+00:00,385.5700073242188,386.1000061035156,385.4400024414063,385.4400024414063,2333
2026-03-11 15:32:00+00:00,385.9800109863281,386.1799926757813,385.8949890136719,386.1700134277344,3363
2026-03-11 15:33:00+00:00,386.3999938964844,386.5798950195313,386.3999938964844,386.5798950195313,693
2026-03-11 15:34:00+00:00,386.0201110839844,386.5798950195313,386.0201110839844,386.0299987792969,3580
2026-03-11 15:35:00+00:00,385.510009765625,385.510009765625,385.0,385.0,2050
2026-03-11 15:36:00+00:00,384.7900085449219,385.2900085449219,384.7900085449219,385.2900085449219,834
2026-03-11 15:37:00+00:00,385.135009765625,385.2539978027344,385.05999755859375,385.114990234375,2002
2026-03-11 15:38:00+00:00,385.4599914550781,385.4599914550781,384.7300109863281,385.1199035644531,3216
2026-03-11 15:39:00+00:00,385.0700073242188,385.0700073242188,384.375,384.739990234375,2746
2026-03-11 15:40:00+00:00,384.5400085449219,384.75,384.510009765625,384.75,1003
2026-03-11 15:41:00+00:00,384.8250122070313,384.8299865722656,384.3746948242188,384.4400024414063,2653
2026-03-11 15:42:00+00:00,384.4700012207031,384.75,384.4700012207031,384.75,1582
2026-03-11 15:43:00+00:00,385.2998962402344,385.2998962402344,384.2999877929688,384.2999877929688,2069
2026-03-11 15:44:00+00:00,384.9399108886719,384.9399108886719,384.2099914550781,384.4599914550781,3043
2026-03-11 15:45:00+00:00,384.3450012207031,384.3450012207031,384.05999755859375,384.1749877929688,1846
2026-03-11 15:46:00+00:00,383.6400146484375,383.989990234375,383.6400146484375,383.7349853515625,2785
2026-03-11 15:47:00+00:00,383.7349853515625,383.7349853515625,383.3500061035156,383.4299926757813,6136
2026-03-11 15:48:00+00:00,383.3299865722656,383.7222900390625,383.239990234375,383.2900085449219,3182
2026-03-11 15:49:00+00:00,383.5151062011719,384.3550109863281,383.5151062011719,384.3550109863281,3290
2026-03-11 15:50:00+00:00,384.1799926757813,384.9249877929688,384.1799926757813,384.9249877929688,3047
2026-03-11 15:51:00+00:00,384.68499755859375,385.3299865722656,384.4500122070313,385.3299865722656,4463
2026-03-11 15:52:00+00:00,385.6199951171875,385.6199951171875,385.0549926757813,385.0549926757813,2094
2026-03-11 15:53:00+00:00,384.7799987792969,385.1700134277344,384.7799987792969,384.9200134277344,2188
2026-03-11 15:54:00+00:00,384.80999755859375,384.80999755859375,384.4400024414063,384.6199951171875,2896
2026-03-11 15:55:00+00:00,385.0799865722656,385.510009765625,384.9599914550781,385.260009765625,6263
2026-03-11 15:56:00+00:00,385.0,385.0,384.8299865722656,384.8299865722656,2676
2026-03-11 15:57:00+00:00,383.8900146484375,383.8900146484375,383.8900146484375,383.8900146484375,3663
2026-03-11 15:58:00+00:00,384.18499755859375,384.18499755859375,383.8999938964844,383.9599914550781,2957
2026-03-11 15:59:00+00:00,384.5199890136719,384.5199890136719,384.3349914550781,384.3349914550781,842
2026-03-11 16:00:00+00:00,384.3349914550781,384.3349914550781,383.8999938964844,383.8999938964844,2065
2026-03-11 16:01:00+00:00,383.2699890136719,383.5849914550781,383.2699890136719,383.2699890136719,4939
2026-03-11 16:02:00+00:00,383.2699890136719,383.2699890136719,382.7550048828125,383.125,6735
2026-03-11 16:03:00+00:00,383.16351318359375,383.16351318359375,382.8869018554688,383.0150146484375,3062
2026-03-11 16:04:00+00:00,382.6401062011719,383.25,382.6401062011719,383.25,2831
2026-03-11 16:05:00+00:00,383.1853942871094,383.2799987792969,383.0799865722656,383.0799865722656,1712
2026-03-11 16:06:00+00:00,382.489990234375,382.5899963378906,382.2950134277344,382.5899963378906,2950
2026-03-11 16:07:00+00:00,382.75,382.75,382.75,382.75,833
2026-03-11 16:08:00+00:00,382.8299865722656,382.8299865722656,382.5400085449219,382.5400085449219,1078
2026-03-11 16:09:00+00:00,382.4849853515625,383.4150085449219,382.4849853515625,383.4150085449219,1571
2026-03-11 16:10:00+00:00,383.5400085449219,383.8500061035156,383.2699890136719,383.739990234375,4653
2026-03-11 16:11:00+00:00,383.9200134277344,383.9200134277344,383.30999755859375,383.6400146484375,3712
2026-03-11 16:12:00+00:00,383.6400146484375,383.6400146484375,382.9200134277344,382.9200134277344,1550
2026-03-11 16:13:00+00:00,383.4500122070313,383.80999755859375,383.4500122070313,383.80999755859375,2540
2026-03-11 16:14:00+00:00,384.0400085449219,384.1700134277344,384.0400085449219,384.1700134277344,794
2026-03-11 16:15:00+00:00,383.8949890136719,384.17388916015625,383.8949890136719,384.17388916015625,2347
2026-03-11 16:16:00+00:00,383.2601013183594,383.2601013183594,383.260009765625,383.260009765625,939
2026-03-11 16:17:00+00:00,383.05999755859375,383.6900024414063,382.6900024414063,383.4049987792969,4904
2026-03-11 16:18:00+00:00,383.80999755859375,383.8800048828125,383.80999755859375,383.8800048828125,1104
2026-03-11 16:19:00+00:00,383.7449951171875,383.7449951171875,383.7449951171875,383.7449951171875,353
2026-03-11 16:20:00+00:00,383.6900024414063,384.0700073242188,383.489990234375,384.0700073242188,2981
2026-03-11 16:21:00+00:00,383.9100036621094,383.9100036621094,383.6000061035156,383.6000061035156,2826
2026-03-11 16:22:00+00:00,383.8949890136719,383.9280090332031,383.8949890136719,383.9280090332031,1164
2026-03-11 16:23:00+00:00,383.6300048828125,384.1799926757813,383.6300048828125,383.760009765625,2351
2026-03-11 16:24:00+00:00,383.4800109863281,383.4800109863281,383.0700073242188,383.0700073242188,1720
2026-03-11 16:25:00+00:00,383.2900085449219,383.2900085449219,382.5400085449219,382.5400085449219,1803
2026-03-11 16:26:00+00:00,382.30999755859375,382.4898986816406,382.0499877929688,382.4898986816406,4308
2026-03-11 16:27:00+00:00,382.5,382.7250061035156,382.2699890136719,382.2699890136719,2382
2026-03-11 16:28:00+00:00,382.8821105957031,383.0499877929688,382.5299987792969,382.7900085449219,3958
2026-03-11 16:29:00+00:00,382.9700012207031,383.260009765625,382.9700012207031,383.260009765625,3305
2026-03-11 16:30:00+00:00,383.2200012207031,383.7999877929688,383.2200012207031,383.7999877929688,2267
2026-03-11 16:31:00+00:00,383.43499755859375,383.7799987792969,383.43499755859375,383.7799987792969,1137
2026-03-11 16:32:00+00:00,383.7999877929688,383.7999877929688,383.7999877929688,383.7999877929688,1548
2026-03-11 16:33:00+00:00,383.5199890136719,383.5499877929688,383.25,383.5499877929688,2025
2026-03-11 16:34:00+00:00,384.1300048828125,384.9410095214844,384.0650024414063,384.9410095214844,2470
2026-03-11 16:35:00+00:00,384.7149963378906,384.9100036621094,384.6199951171875,384.7049865722656,1367
2026-03-11 16:36:00+00:00,384.8399963378906,384.8399963378906,384.8399963378906,384.8399963378906,274
2026-03-11 16:37:00+00:00,385.1799926757813,385.5199890136719,385.1799926757813,385.343505859375,2897
2026-03-11 16:38:00+00:00,385.2999877929688,385.2999877929688,384.8299865722656,384.8299865722656,3371
2026-03-11 16:39:00+00:00,384.5,384.5,384.4800109863281,384.5,2326
2026-03-11 16:40:00+00:00,384.6000061035156,384.7799987792969,384.510009765625,384.6451110839844,1417
2026-03-11 16:41:00+00:00,384.6449890136719,385.0755920410156,384.6449890136719,385.0755920410156,583
2026-03-11 16:42:00+00:00,384.7200927734375,384.75,384.7200012207031,384.7200012207031,1563
2026-03-11 16:43:00+00:00,384.2999877929688,384.2999877929688,384.2999877929688,384.2999877929688,189
2026-03-11 16:44:00+00:00,384.5299987792969,384.7450866699219,384.4249877929688,384.7450866699219,1618
2026-03-11 16:45:00+00:00,384.4400024414063,384.55999755859375,384.4200134277344,384.55999755859375,2002
2026-03-11 16:46:00+00:00,384.6900024414063,384.8049926757813,384.6799926757813,384.8049926757813,4753
2026-03-11 16:49:00+00:00,384.9700012207031,385.1799926757813,384.4500122070313,385.1799926757813,2063
2026-03-11 16:50:00+00:00,385.1700134277344,385.1700134277344,385.0400085449219,385.0400085449219,612
2026-03-11 16:51:00+00:00,385.0400085449219,385.0400085449219,384.7200012207031,384.7200012207031,1394
2026-03-11 16:52:00+00:00,385.0400085449219,385.3599853515625,384.7699890136719,385.3599853515625,1905
2026-03-11 16:53:00+00:00,385.3599853515625,385.3599853515625,384.989990234375,385.0499877929688,2681
2026-03-11 16:54:00+00:00,385.05999755859375,385.1008911132813,385.05999755859375,385.1008911132813,3067
2026-03-11 16:55:00+00:00,384.9700012207031,384.9700012207031,384.9700012207031,384.9700012207031,612
2026-03-11 16:56:00+00:00,385.05999755859375,385.3699951171875,385.05999755859375,385.3699951171875,418
2026-03-11 16:57:00+00:00,385.3800048828125,385.4898986816406,384.9599914550781,385.0450134277344,2999
2026-03-11 16:58:00+00:00,384.75,384.7799987792969,384.6300048828125,384.7799987792969,1370
2026-03-11 16:59:00+00:00,384.9450073242188,384.9450073242188,384.9450073242188,384.9450073242188,280
2026-03-11 17:00:00+00:00,384.9450988769531,386.1300048828125,384.9450988769531,386.1300048828125,6250
2026-03-11 17:01:00+00:00,386.1749877929688,386.4100036621094,386.0299987792969,386.3399963378906,6158
2026-03-11 17:02:00+00:00,386.1950073242188,386.4800109863281,386.0400085449219,386.4800109863281,8533
2026-03-11 17:03:00+00:00,386.30999755859375,386.8598937988281,386.30999755859375,386.8598937988281,1377
2026-03-11 17:04:00+00:00,386.5,386.6900024414063,386.1510009765625,386.1510009765625,3653
2026-03-11 17:05:00+00:00,386.8599853515625,386.8599853515625,386.2799987792969,386.2799987792969,1881
2026-03-11 17:06:00+00:00,386.2200012207031,386.5050048828125,385.8250122070313,386.1799926757813,5526
2026-03-11 17:07:00+00:00,386.1900024414063,386.5700073242188,386.1900024414063,386.4249877929688,3922
2026-03-11 17:08:00+00:00,386.739990234375,386.739990234375,386.4249877929688,386.4249877929688,542
2026-03-11 17:09:00+00:00,386.4249877929688,386.4249877929688,385.80999755859375,385.8399963378906,10983
2026-03-11 17:10:00+00:00,386.1600036621094,386.2550048828125,386.0199890136719,386.25,2649
2026-03-11 17:11:00+00:00,386.25,386.25,385.9500122070313,385.9500122070313,1677
2026-03-11 17:12:00+00:00,385.6499938964844,385.8949890136719,385.6499938964844,385.8949890136719,1390
2026-03-11 17:13:00+00:00,385.8949890136719,385.8949890136719,385.25,385.864990234375,4777
2026-03-11 17:14:00+00:00,385.6000061035156,385.8699951171875,385.1099853515625,385.6300048828125,5434
2026-03-11 17:15:00+00:00,385.5101013183594,385.5101013183594,385.4599914550781,385.4599914550781,1175
2026-03-11 17:16:00+00:00,385.4599914550781,385.4599914550781,385.4599914550781,385.4599914550781,243
2026-03-11 17:17:00+00:00,385.1000061035156,385.193115234375,384.8900146484375,385.0450134277344,2731
2026-03-11 17:18:00+00:00,384.8699951171875,384.8699951171875,384.5499877929688,384.5499877929688,954
2026-03-11 17:19:00+00:00,384.7124938964844,385.2000122070313,384.510009765625,385.1000061035156,3455
2026-03-11 17:20:00+00:00,385.6099853515625,385.6099853515625,385.5320129394531,385.5320129394531,963
2026-03-11 17:21:00+00:00,385.7900085449219,385.8200073242188,385.7900085449219,385.8200073242188,829
2026-03-11 17:22:00+00:00,385.6749877929688,385.7200012207031,385.4500122070313,385.4500122070313,1348
2026-03-11 17:23:00+00:00,385.8389892578125,385.8389892578125,385.29010009765625,385.760009765625,1004
2026-03-11 17:24:00+00:00,385.6499938964844,385.9800109863281,385.6499938964844,385.6900024414063,2791
2026-03-11 17:25:00+00:00,385.8800048828125,386.1900024414063,385.8150024414063,385.8900146484375,3827
2026-03-11 17:26:00+00:00,386.0799865722656,386.0799865722656,385.3200073242188,385.4500122070313,4932
2026-03-11 17:27:00+00:00,385.6300048828125,385.989990234375,385.6300048828125,385.840087890625,2088
2026-03-11 17:28:00+00:00,385.55999755859375,385.6600036621094,385.55999755859375,385.6600036621094,924
2026-03-11 17:29:00+00:00,385.5375061035156,386.0899963378906,385.5375061035156,386.0899963378906,1803
2026-03-11 17:30:00+00:00,385.8349914550781,385.8349914550781,385.8349914550781,385.8349914550781,2058
2026-03-11 17:31:00+00:00,385.3599853515625,385.3699951171875,385.3599853515625,385.3699951171875,1620
2026-03-11 17:32:00+00:00,385.1799926757813,385.1799926757813,385.1799926757813,385.1799926757813,288
2026-03-11 17:33:00+00:00,385.4500122070313,385.4500122070313,385.1900024414063,385.2699890136719,1387
2026-03-11 17:34:00+00:00,385.1799926757813,385.3635864257813,384.9100036621094,385.1199951171875,2573
2026-03-11 17:35:00+00:00,384.9500122070313,385.4400024414063,384.9500122070313,385.0499877929688,4330
2026-03-11 17:36:00+00:00,384.9299926757813,385.0899963378906,384.5,384.6000061035156,5159
2026-03-11 17:37:00+00:00,383.8800048828125,383.8800048828125,382.5499877929688,382.5499877929688,3255
2026-03-11 17:38:00+00:00,382.7200012207031,382.7200012207031,382.2420043945313,382.2420043945313,2417
2026-03-11 17:39:00+00:00,382.5799865722656,383.3299865722656,382.3999938964844,383.1499938964844,9488
2026-03-11 17:40:00+00:00,383.4625854492188,383.8299865722656,383.3299865722656,383.3550109863281,3853
2026-03-11 17:41:00+00:00,383.0700073242188,383.1499938964844,382.8699951171875,383.0750122070313,4016
2026-03-11 17:42:00+00:00,383.0,383.0,382.5,382.8900146484375,6351
2026-03-11 17:43:00+00:00,383.0700073242188,383.3399963378906,382.5299987792969,382.5299987792969,2467
2026-03-11 17:44:00+00:00,383.0201110839844,383.6600036621094,383.0201110839844,383.6600036621094,2377
2026-03-11 17:46:00+00:00,383.2401123046875,384.3500061035156,383.2401123046875,383.67291259765625,3140
2026-03-11 17:48:00+00:00,384.0499877929688,384.3399963378906,384.0499877929688,384.0499877929688,1696
2026-03-11 17:49:00+00:00,383.8299865722656,383.9750061035156,383.760009765625,383.9750061035156,2830
2026-03-11 17:50:00+00:00,384.3200073242188,384.8399963378906,384.3200073242188,384.8200073242188,8710
2026-03-11 17:51:00+00:00,385.0,385.8299865722656,385.0,385.6000061035156,7845
2026-03-11 17:53:00+00:00,385.385009765625,385.50140380859375,384.989990234375,385.1749877929688,1630
2026-03-11 17:54:00+00:00,385.5,385.5950012207031,385.3179931640625,385.3179931640625,1382
2026-03-11 17:55:00+00:00,385.1600036621094,385.1600036621094,384.489990234375,384.489990234375,4715
2026-03-11 17:56:00+00:00,384.55999755859375,384.7699890136719,384.55999755859375,384.7699890136719,1645
2026-03-11 17:57:00+00:00,384.7749938964844,384.7749938964844,384.6242065429688,384.7749938964844,1601
2026-03-11 17:58:00+00:00,385.4299926757813,385.4299926757813,385.4299926757813,385.4299926757813,631
2026-03-11 17:59:00+00:00,385.5950927734375,385.5950927734375,385.5950927734375,385.5950927734375,900
2026-03-11 18:00:00+00:00,385.1199951171875,385.2349853515625,384.989990234375,384.989990234375,1010
2026-03-11 18:01:00+00:00,385.2799987792969,385.2799987792969,385.2799987792969,385.2799987792969,701
2026-03-11 18:02:00+00:00,385.0799865722656,385.2149963378906,384.75,384.75,1256
2026-03-11 18:03:00+00:00,384.75,385.135009765625,384.75,384.75,3926
2026-03-11 18:04:00+00:00,384.6199951171875,384.8250122070313,384.4500122070313,384.6499938964844,2309
2026-03-11 18:05:00+00:00,384.3900146484375,384.3900146484375,384.0,384.0400085449219,4593
2026-03-11 18:06:00+00:00,383.9700012207031,384.6000061035156,383.843505859375,384.6000061035156,7319
2026-03-11 18:10:00+00:00,384.6300048828125,384.6300048828125,384.4374084472656,384.4374084472656,2688
2026-03-11 18:11:00+00:00,384.510009765625,384.510009765625,383.80999755859375,383.80999755859375,4304
2026-03-11 18:12:00+00:00,383.7000122070313,384.3800048828125,383.7000122070313,384.3800048828125,2538
2026-03-11 18:13:00+00:00,384.239990234375,384.3399963378906,384.239990234375,384.3349914550781,1038
2026-03-11 18:14:00+00:00,384.0199890136719,384.2300109863281,383.8949890136719,384.1900024414063,3465
2026-03-11 18:15:00+00:00,383.9500122070313,384.0,383.9500122070313,384.0,3420
2026-03-11 18:17:00+00:00,383.840087890625,384.0199890136719,383.5499877929688,383.5499877929688,2037
2026-03-11 18:18:00+00:00,383.8550109863281,384.1799926757813,383.8550109863281,384.1499938964844,1829
2026-03-11 18:19:00+00:00,384.135009765625,384.135009765625,383.4400024414063,383.9500122070313,15586
2026-03-11 18:20:00+00:00,384.1700134277344,384.4500122070313,384.1700134277344,384.4500122070313,3436
2026-03-11 18:21:00+00:00,384.5899963378906,384.5899963378906,384.5899963378906,384.5899963378906,944
2026-03-11 18:22:00+00:00,384.6900024414063,385.2950134277344,384.6900024414063,385.0849914550781,8533
2026-03-11 18:23:00+00:00,385.3800048828125,385.489990234375,384.7799987792969,384.9699096679688,15058
2026-03-11 18:24:00+00:00,384.7699890136719,384.8399963378906,384.2300109863281,384.510009765625,9763
2026-03-11 18:25:00+00:00,384.2200012207031,384.239990234375,384.1900024414063,384.239990234375,1650
2026-03-11 18:26:00+00:00,383.8200073242188,384.3800048828125,383.8200073242188,384.3800048828125,2725
2026-03-11 18:27:00+00:00,384.260009765625,384.2900085449219,384.260009765625,384.2900085449219,1163
2026-03-11 18:28:00+00:00,384.6900024414063,385.1600036621094,384.6900024414063,384.9400024414063,3605
2026-03-11 18:29:00+00:00,384.9400024414063,385.1300048828125,384.75,385.1300048828125,2369
2026-03-11 18:30:00+00:00,385.3550109863281,385.3550109863281,384.510009765625,384.510009765625,3662
2026-03-11 18:31:00+00:00,384.7049865722656,384.9700012207031,384.5700073242188,384.9150085449219,1988
2026-03-11 18:32:00+00:00,385.0700073242188,385.0700073242188,385.0700073242188,385.0700073242188,853
2026-03-11 18:33:00+00:00,385.2999877929688,385.2999877929688,384.8999938964844,385.1744995117188,1763
2026-03-11 18:34:00+00:00,384.8999938964844,385.1050109863281,384.8999938964844,385.1050109863281,883
2026-03-11 18:35:00+00:00,385.1524963378906,385.1524963378906,385.1524963378906,385.1524963378906,681
2026-03-11 18:36:00+00:00,385.1050109863281,385.5199890136719,385.1050109863281,385.5199890136719,3715
2026-03-11 18:37:00+00:00,385.6300048828125,385.6300048828125,385.1900024414063,385.1900024414063,2477
2026-03-11 18:39:00+00:00,385.1799926757813,385.1799926757813,385.1799926757813,385.1799926757813,187
2026-03-11 18:40:00+00:00,385.2699890136719,385.2699890136719,385.2699890136719,385.2699890136719,1094
2026-03-11 18:41:00+00:00,385.4775085449219,385.7999877929688,385.4775085449219,385.7999877929688,626
2026-03-11 18:42:00+00:00,385.2200012207031,385.2650146484375,385.0299987792969,385.1199951171875,4124
2026-03-11 18:43:00+00:00,385.1799926757813,385.2300109863281,385.1799926757813,385.2300109863281,1256
2026-03-11 18:44:00+00:00,385.1099853515625,385.2000122070313,385.1099853515625,385.2000122070313,1944
2026-03-11 18:45:00+00:00,385.0700073242188,385.0700073242188,385.0700073242188,385.0700073242188,455
2026-03-11 18:46:00+00:00,385.2000122070313,385.30999755859375,384.8900146484375,384.8900146484375,2561
2026-03-11 18:47:00+00:00,384.760009765625,384.9400024414063,384.75,384.9400024414063,2197
2026-03-11 18:48:00+00:00,384.9299926757813,385.1400146484375,384.9299926757813,385.1400146484375,5496
2026-03-11 18:49:00+00:00,385.1300048828125,385.1300048828125,384.6300048828125,384.6600036621094,3675
2026-03-11 18:50:00+00:00,384.5700073242188,385.0499877929688,384.5700073242188,384.9414978027344,1094
2026-03-11 18:51:00+00:00,384.8150024414063,385.2900085449219,384.8150024414063,385.2300109863281,5311
2026-03-11 18:52:00+00:00,385.2300109863281,385.7099914550781,385.2300109863281,385.239990234375,4576
2026-03-11 18:53:00+00:00,384.8900146484375,384.8900146484375,384.8900146484375,384.8900146484375,1519
2026-03-11 18:54:00+00:00,385.3599853515625,385.3599853515625,385.2250061035156,385.2250061035156,917
2026-03-11 18:55:00+00:00,385.3599853515625,385.6600036621094,385.30999755859375,385.30999755859375,4774
2026-03-11 18:56:00+00:00,385.3250122070313,385.3250122070313,385.3250122070313,385.3250122070313,418
2026-03-11 18:57:00+00:00,385.2699890136719,385.2699890136719,385.2699890136719,385.2699890136719,845
2026-03-11 18:58:00+00:00,385.375,385.6400146484375,385.1799926757813,385.4100036621094,3749
2026-03-11 18:59:00+00:00,385.4100036621094,385.4100036621094,385.4100036621094,385.4100036621094,3023
2026-03-11 19:02:00+00:00,385.1099853515625,385.1099853515625,384.5549926757813,384.5549926757813,2761
2026-03-11 19:03:00+00:00,384.489990234375,385.05999755859375,384.489990234375,385.05999755859375,5699
2026-03-11 19:04:00+00:00,384.9299926757813,384.9299926757813,384.9299926757813,384.9299926757813,1080
2026-03-11 19:05:00+00:00,384.9436950683594,384.9436950683594,384.9436950683594,384.9436950683594,1219
2026-03-11 19:06:00+00:00,384.3599853515625,384.614990234375,384.3599853515625,384.614990234375,879
2026-03-11 19:07:00+00:00,384.614990234375,384.614990234375,384.614990234375,384.614990234375,1006
2026-03-11 19:08:00+00:00,384.4800109863281,385.05999755859375,384.4800109863281,385.0,2211
2026-03-11 19:09:00+00:00,385.0,385.30999755859375,384.9400024414063,385.1900024414063,3509
2026-03-11 19:10:00+00:00,385.1650085449219,385.1650085449219,385.1650085449219,385.1650085449219,388
2026-03-11 19:11:00+00:00,385.3699951171875,385.760009765625,385.3200988769531,385.3200988769531,4496
2026-03-11 19:12:00+00:00,385.10009765625,385.2900085449219,385.10009765625,385.25,1866
2026-03-11 19:13:00+00:00,385.0450134277344,385.2300109863281,385.0450134277344,385.2300109863281,1514
2026-03-11 19:14:00+00:00,385.4599914550781,385.4849853515625,385.385009765625,385.385009765625,1516
2026-03-11 19:15:00+00:00,385.1199951171875,385.6799926757813,384.8599853515625,384.8599853515625,8849
2026-03-11 19:16:00+00:00,385.1400146484375,385.1400146484375,385.1400146484375,385.1400146484375,1463
2026-03-11 19:18:00+00:00,385.5799865722656,385.5799865722656,385.4200134277344,385.4200134277344,3060
2026-03-11 19:19:00+00:00,385.4599914550781,385.5199890136719,385.4599914550781,385.5199890136719,2054
2026-03-11 19:20:00+00:00,385.2999877929688,385.5,385.2999877929688,385.5,828
2026-03-11 19:21:00+00:00,385.2850036621094,385.5700073242188,385.2850036621094,385.5700073242188,1829
2026-03-11 19:22:00+00:00,385.3250122070313,385.3250122070313,385.3250122070313,385.3250122070313,1711
2026-03-11 19:23:00+00:00,385.2999877929688,385.2999877929688,385.2999877929688,385.2999877929688,482
2026-03-11 19:24:00+00:00,385.239990234375,385.3900146484375,385.239990234375,385.3900146484375,1462
2026-03-11 19:25:00+00:00,385.489990234375,385.7000122070313,385.489990234375,385.7000122070313,2966
2026-03-11 19:26:00+00:00,385.989990234375,386.0450134277344,385.7401123046875,385.9200134277344,3677
2026-03-11 19:27:00+00:00,385.9725036621094,386.1799926757813,385.8500061035156,386.0249938964844,5221
2026-03-11 19:28:00+00:00,386.0,386.0,385.7300109863281,385.78509521484375,2962
2026-03-11 19:29:00+00:00,385.739990234375,385.739990234375,385.739990234375,385.739990234375,962
2026-03-11 19:30:00+00:00,386.0,386.0199890136719,385.8599853515625,385.885009765625,4343
2026-03-11 19:31:00+00:00,385.93499755859375,385.93499755859375,385.5600891113281,385.5600891113281,4625
2026-03-11 19:32:00+00:00,385.7518005371094,385.8900146484375,385.614990234375,385.8900146484375,2259
2026-03-11 19:33:00+00:00,385.875,386.0,385.875,385.9549865722656,1742
2026-03-11 19:34:00+00:00,385.7850036621094,386.5,385.7850036621094,386.3599853515625,4642
2026-03-11 19:35:00+00:00,386.2349853515625,386.2349853515625,386.2349853515625,386.2349853515625,971
2026-03-11 19:36:00+00:00,386.2650146484375,386.3949890136719,386.25,386.25,3902
2026-03-11 19:37:00+00:00,386.30999755859375,386.30999755859375,386.30999755859375,386.30999755859375,2022
2026-03-11 19:38:00+00:00,386.25,386.5,386.25,386.5,3014
2026-03-11 19:39:00+00:00,386.3699951171875,386.6099853515625,386.2999877929688,386.4100036621094,3581
2026-03-11 19:40:00+00:00,386.5499877929688,387.0700073242188,386.5499877929688,387.0700073242188,4471
2026-03-11 19:41:00+00:00,386.8500061035156,386.8999938964844,386.6799926757813,386.7167053222656,4624
2026-03-11 19:42:00+00:00,386.5700073242188,386.8200073242188,386.510009765625,386.510009765625,3841
2026-03-11 19:43:00+00:00,386.6124877929688,386.6400146484375,386.5750122070313,386.6400146484375,2726
2026-03-11 19:44:00+00:00,386.739990234375,386.8250122070313,386.6900024414063,386.8250122070313,5398
2026-03-11 19:45:00+00:00,386.9100036621094,387.0,386.2999877929688,386.3599853515625,6685
2026-03-11 19:46:00+00:00,386.364990234375,386.43499755859375,386.2200012207031,386.43499755859375,3165
2026-03-11 19:47:00+00:00,386.510009765625,386.510009765625,386.510009765625,386.510009765625,1072
2026-03-11 19:48:00+00:00,386.4500122070313,386.6369934082031,386.2900085449219,386.30999755859375,6865
2026-03-11 19:49:00+00:00,386.364990234375,386.4599914550781,386.364990234375,386.4599914550781,1962
2026-03-11 19:50:00+00:00,386.3200073242188,386.3500061035156,385.2699890136719,385.3409118652344,20693
2026-03-11 19:51:00+00:00,385.2200012207031,385.8374938964844,385.2149963378906,385.7999877929688,14993
2026-03-11 19:52:00+00:00,385.5150146484375,385.6799926757813,385.4599914550781,385.59759521484375,7798
2026-03-11 19:53:00+00:00,385.5799865722656,385.5799865722656,385.4500122070313,385.5400085449219,4253
2026-03-11 19:54:00+00:00,385.5899963378906,386.1449890136719,385.2900085449219,385.8999938964844,14910
2026-03-11 19:55:00+00:00,385.8299865722656,385.9750061035156,385.4200134277344,385.6300964355469,15419
2026-03-11 19:56:00+00:00,385.8699951171875,386.2099914550781,385.7800903320313,386.1099853515625,15216
2026-03-11 19:57:00+00:00,386.0299987792969,386.1600036621094,385.9200134277344,385.97900390625,24161
2026-03-11 19:58:00+00:00,385.9500122070313,386.2200012207031,385.8999938964844,386.0899963378906,34023
2026-03-11 19:59:00+00:00,386.1499938964844,386.2999877929688,385.9400024414063,386.2999877929688,53094
2026-03-12 13:30:00+00:00,382.25,385.0,380.6000061035156,382.9700012207031,74652
2026-03-12 13:31:00+00:00,382.2300109863281,382.2300109863281,380.0,380.8900146484375,20932
2026-03-12 13:32:00+00:00,380.2049865722656,381.239990234375,377.7099914550781,377.7200012207031,19774
2026-03-12 13:33:00+00:00,378.5700073242188,379.8900146484375,377.5199890136719,377.5199890136719,5205
2026-03-12 13:34:00+00:00,377.6400146484375,379.4599914550781,377.6400146484375,379.4599914550781,5214
2026-03-12 13:35:00+00:00,379.4700012207031,379.58990478515625,378.739990234375,378.80999755859375,10539
2026-03-12 13:36:00+00:00,378.7699890136719,379.7999877929688,377.7349853515625,378.4100036621094,8841
2026-03-12 13:37:00+00:00,378.010009765625,378.0799865722656,377.0,377.4150085449219,8087
2026-03-12 13:38:00+00:00,377.3550109863281,378.08990478515625,377.0199890136719,377.0199890136719,3599
2026-03-12 13:39:00+00:00,376.3999938964844,376.5299987792969,375.7550048828125,375.965087890625,7638
2026-03-12 13:40:00+00:00,375.4649963378906,376.27740478515625,375.0199890136719,376.27740478515625,7164
2026-03-12 13:41:00+00:00,376.1300048828125,376.1300048828125,375.0,375.05999755859375,6944
2026-03-12 13:42:00+00:00,376.4800109863281,376.4800109863281,374.3900146484375,375.6099853515625,4430
2026-03-12 13:43:00+00:00,374.4757080078125,374.8900146484375,374.4757080078125,374.4757080078125,1845
2026-03-12 13:44:00+00:00,375.6700134277344,375.6700134277344,374.9200134277344,375.3599853515625,3522
2026-03-12 13:45:00+00:00,374.5400085449219,375.0,373.8800048828125,375.0,5659
2026-03-12 13:46:00+00:00,373.9501037597656,375.659912109375,373.9501037597656,374.0,6773
2026-03-12 13:47:00+00:00,372.9700012207031,373.25,372.6799926757813,373.0700073242188,4975
2026-03-12 13:48:00+00:00,373.3299865722656,373.9649963378906,373.2999877929688,373.9649963378906,8579
2026-03-12 13:49:00+00:00,374.5698852539063,375.1300048828125,373.9655151367188,375.1300048828125,1887
2026-03-12 13:50:00+00:00,375.6700134277344,377.3193054199219,375.6600036621094,376.6799926757813,7223
2026-03-12 13:51:00+00:00,376.9400024414063,377.6499938964844,376.010009765625,376.4249877929688,5181
2026-03-12 13:52:00+00:00,376.4249877929688,376.4249877929688,375.4150085449219,375.4949951171875,5083
2026-03-12 13:53:00+00:00,374.8500061035156,374.8500061035156,373.8299865722656,374.1199951171875,2944
2026-03-12 13:54:00+00:00,373.5,373.5,372.4700012207031,372.5400085449219,7834
2026-03-12 13:55:00+00:00,372.0,372.6000061035156,370.7300109863281,370.927490234375,12153
2026-03-12 13:56:00+00:00,370.5300903320313,371.2099914550781,370.2900085449219,370.6000061035156,15062
2026-03-12 13:57:00+00:00,370.0,371.5,369.5140075683594,371.1099853515625,16017
2026-03-12 13:58:00+00:00,371.114990234375,371.7300109863281,370.6300048828125,370.6300048828125,19475
2026-03-12 13:59:00+00:00,370.8800048828125,372.0,370.1900024414063,372.0,13097
2026-03-12 14:00:00+00:00,372.0299987792969,374.0,372.0299987792969,373.610107421875,6614
2026-03-12 14:01:00+00:00,374.0,374.7950134277344,374.0,374.7950134277344,6029
2026-03-12 14:02:00+00:00,375.0799865722656,376.1749877929688,374.8399963378906,376.1700134277344,6081
2026-03-12 14:03:00+00:00,376.4172058105469,376.8999938964844,375.8699951171875,376.6099853515625,7952
2026-03-12 14:04:00+00:00,376.6000061035156,377.4100036621094,376.1199951171875,376.6650085449219,10663
2026-03-12 14:05:00+00:00,377.0,377.0,376.4599914550781,376.4599914550781,3362
2026-03-12 14:06:00+00:00,376.1199951171875,376.8399963378906,375.4067077636719,375.4067077636719,7921
2026-03-12 14:07:00+00:00,375.010009765625,375.4599914550781,374.6900024414063,375.2528991699219,7233
2026-03-12 14:08:00+00:00,374.9200134277344,375.5,374.8299865722656,375.5,1795
2026-03-12 14:09:00+00:00,375.0166931152344,376.3399963378906,375.0166931152344,376.3399963378906,3470
2026-03-12 14:10:00+00:00,375.68499755859375,375.9249877929688,374.05999755859375,374.05999755859375,8900
2026-03-12 14:11:00+00:00,374.5299987792969,375.0400085449219,374.2900085449219,375.0400085449219,4948
2026-03-12 14:12:00+00:00,375.5499877929688,376.5610046386719,375.4700012207031,376.5610046386719,3980
2026-03-12 14:13:00+00:00,376.6321105957031,376.6321105957031,376.2300109863281,376.2349853515625,4197
2026-03-12 14:14:00+00:00,376.0899963378906,376.55999755859375,376.0899963378906,376.55999755859375,1111
2026-03-12 14:15:00+00:00,376.2000122070313,376.260009765625,376.2000122070313,376.260009765625,1370
2026-03-12 14:16:00+00:00,376.3291931152344,376.3291931152344,375.260009765625,375.7099914550781,4297
2026-03-12 14:17:00+00:00,375.010009765625,375.2550048828125,374.6700134277344,374.9700012207031,2851
2026-03-12 14:18:00+00:00,374.7799987792969,374.9299926757813,374.3599853515625,374.7799987792969,4198
2026-03-12 14:19:00+00:00,374.25,374.3699951171875,374.0,374.2000122070313,7098
2026-03-12 14:20:00+00:00,374.9299926757813,375.8999938964844,374.9299926757813,375.7049865722656,2573
2026-03-12 14:21:00+00:00,375.4400024414063,375.4400024414063,374.4599914550781,374.4599914550781,2493
2026-03-12 14:22:00+00:00,374.0750122070313,374.6600036621094,374.0,374.3800048828125,5555
2026-03-12 14:23:00+00:00,374.0,374.0,373.5,373.5054016113281,6549
2026-03-12 14:24:00+00:00,373.5650024414063,373.5650024414063,373.0,373.0750122070313,3298
2026-03-12 14:25:00+00:00,373.5,375.04779052734375,373.5,374.9849853515625,5172
2026-03-12 14:26:00+00:00,374.4100036621094,374.5,374.0799865722656,374.0799865722656,3220
2026-03-12 14:28:00+00:00,373.1000061035156,373.1000061035156,372.510009765625,372.7250061035156,1453
2026-03-12 14:29:00+00:00,372.5,372.7699890136719,372.3299865722656,372.4049987792969,3617
2026-03-12 14:30:00+00:00,372.4200134277344,373.0899963378906,372.4200134277344,373.0899963378906,2662
2026-03-12 14:31:00+00:00,372.510009765625,372.55999755859375,372.0,372.0,5392
2026-03-12 14:32:00+00:00,371.9450073242188,376.2690124511719,371.6000061035156,373.3250122070313,58447
2026-03-12 14:33:00+00:00,373.30999755859375,373.30999755859375,372.8550109863281,372.8550109863281,4363
2026-03-12 14:34:00+00:00,372.2900085449219,372.3550109863281,372.2900085449219,372.3550109863281,1987
2026-03-12 14:35:00+00:00,372.3550109863281,372.5700073242188,372.3550109863281,372.5700073242188,1822
2026-03-12 14:36:00+00:00,372.7149963378906,372.7149963378906,372.0,372.0,2107
2026-03-12 14:37:00+00:00,372.0,372.2550048828125,371.3299865722656,371.4500122070313,6024
2026-03-12 14:38:00+00:00,371.0,371.2200012207031,370.2000122070313,370.8405151367188,10199
2026-03-12 14:39:00+00:00,370.8049926757813,371.2099914550781,370.5,371.2099914550781,3317
2026-03-12 14:40:00+00:00,370.8599853515625,371.052490234375,369.60009765625,370.1861877441406,11821
2026-03-12 14:41:00+00:00,369.664794921875,371.1099853515625,369.664794921875,371.0299987792969,10810
2026-03-12 14:42:00+00:00,371.114990234375,371.114990234375,369.9299926757813,369.989990234375,4940
2026-03-12 14:43:00+00:00,370.2250061035156,371.5,369.6943054199219,371.1700134277344,5916
2026-03-12 14:44:00+00:00,371.635009765625,372.1600036621094,371.635009765625,372.0350036621094,2791
2026-03-12 14:45:00+00:00,372.0849914550781,372.0849914550781,371.4849853515625,371.4849853515625,4266
2026-03-12 14:46:00+00:00,371.4849853515625,374.3800048828125,371.4825134277344,373.9049987792969,7202
2026-03-12 14:47:00+00:00,374.4100036621094,374.4100036621094,372.6099853515625,373.1650085449219,9375
2026-03-12 14:48:00+00:00,373.1650085449219,373.1650085449219,372.4849853515625,372.4849853515625,2118
2026-03-12 14:49:00+00:00,371.6199951171875,371.7349853515625,370.489990234375,370.489990234375,5026
2026-03-12 14:50:00+00:00,371.05999755859375,371.05999755859375,370.2550048828125,370.2550048828125,3285
2026-03-12 14:51:00+00:00,370.3200073242188,370.8988952636719,370.3200073242188,370.8988952636719,2733
2026-03-12 14:52:00+00:00,370.8999938964844,370.8999938964844,370.0199890136719,370.0199890136719,5855
2026-03-12 14:53:00+00:00,370.4800109863281,370.6400146484375,370.1400146484375,370.3205871582031,4829
2026-03-12 14:54:00+00:00,370.0199890136719,370.4299926757813,370.0199890136719,370.1499938964844,2912
2026-03-12 14:55:00+00:00,370.760009765625,371.5562133789063,370.760009765625,371.0299987792969,7276
2026-03-12 14:56:00+00:00,371.010009765625,371.6499938964844,371.010009765625,371.6499938964844,3727
2026-03-12 14:57:00+00:00,371.1600036621094,371.4150085449219,370.8200073242188,371.4150085449219,2979
2026-03-12 14:58:00+00:00,371.2699890136719,371.4249877929688,371.05999755859375,371.4249877929688,2598
2026-03-12 14:59:00+00:00,371.1549987792969,371.5610046386719,370.8200073242188,371.2950134277344,2546
2026-03-12 15:00:00+00:00,371.260009765625,371.4400024414063,370.7300109863281,371.3049926757813,5729
2026-03-12 15:01:00+00:00,371.625,372.010009765625,371.625,371.989990234375,15114
2026-03-12 15:02:00+00:00,372.1300048828125,372.3500061035156,371.9299926757813,371.9299926757813,2415
2026-03-12 15:03:00+00:00,372.0249938964844,372.3900146484375,371.9200134277344,372.385009765625,3747
2026-03-12 15:04:00+00:00,372.5249938964844,372.7099914550781,372.1499938964844,372.3399963378906,1954
2026-03-12 15:05:00+00:00,372.2799987792969,372.4949951171875,371.7900085449219,371.7900085449219,5782
2026-03-12 15:06:00+00:00,371.8200073242188,371.8250122070313,371.3299865722656,371.3399963378906,2210
2026-03-12 15:07:00+00:00,371.5050048828125,371.5050048828125,370.7392883300781,370.7392883300781,3776
2026-03-12 15:08:00+00:00,370.9599914550781,371.4400024414063,370.7850036621094,371.3900146484375,4494
2026-03-12 15:09:00+00:00,371.6950073242188,371.6950073242188,371.1499938964844,371.3399963378906,2615
2026-03-12 15:10:00+00:00,371.3200073242188,371.3200073242188,370.7900085449219,370.989990234375,2212
2026-03-12 15:11:00+00:00,370.989990234375,371.0700073242188,370.6900024414063,370.6900024414063,2851
2026-03-12 15:12:00+00:00,370.3500061035156,370.3500061035156,368.6900024414063,369.2799987792969,10871
2026-03-12 15:13:00+00:00,369.2200012207031,369.7698974609375,369.05999755859375,369.7698974609375,4273
2026-03-12 15:14:00+00:00,369.7900085449219,370.885009765625,369.6144104003906,370.885009765625,5184
2026-03-12 15:15:00+00:00,371.2900085449219,371.2900085449219,370.75,371.2850036621094,3442
2026-03-12 15:16:00+00:00,371.2149963378906,371.2149963378906,370.6499938964844,370.9100036621094,1647
2026-03-12 15:17:00+00:00,370.7825012207031,372.0,370.4800109863281,372.0,9271
2026-03-12 15:18:00+00:00,372.010009765625,372.18499755859375,371.7349853515625,372.0549926757813,5180
2026-03-12 15:19:00+00:00,372.010009765625,372.1400146484375,371.9800109863281,372.1400146484375,968
2026-03-12 15:20:00+00:00,372.2200012207031,372.2200012207031,371.4200134277344,371.80999755859375,2576
2026-03-12 15:21:00+00:00,371.6050109863281,371.6050109863281,371.0,371.0,3171
2026-03-12 15:22:00+00:00,370.7799987792969,370.9700012207031,370.510009765625,370.9700012207031,3138
2026-03-12 15:23:00+00:00,371.2699890136719,371.8699951171875,370.6799926757813,370.6799926757813,4772
2026-03-12 15:24:00+00:00,371.1050109863281,371.864990234375,371.0000915527344,371.6300048828125,6331
2026-03-12 15:25:00+00:00,371.5000915527344,371.9200134277344,371.5000915527344,371.9200134277344,2269
2026-03-12 15:26:00+00:00,371.5299987792969,372.0,371.5299987792969,371.9750061035156,2441
2026-03-12 15:27:00+00:00,372.2699890136719,373.0,372.2699890136719,373.0,6479
2026-03-12 15:28:00+00:00,373.5,373.7698974609375,373.1700134277344,373.7698974609375,3996
2026-03-12 15:29:00+00:00,373.5317077636719,373.5317077636719,373.1300048828125,373.1300048828125,2158
2026-03-12 15:30:00+00:00,372.9549865722656,372.9949951171875,372.7000122070313,372.9949951171875,3705
2026-03-12 15:31:00+00:00,373.0199890136719,373.3999938964844,373.0199890136719,373.1000061035156,5586
2026-03-12 15:32:00+00:00,372.8699951171875,373.3490905761719,372.8699951171875,373.3490905761719,2764
2026-03-12 15:33:00+00:00,373.010009765625,373.010009765625,372.135009765625,372.135009765625,3736
2026-03-12 15:34:00+00:00,372.3900146484375,372.3900146484375,371.7099914550781,372.0199890136719,2222
2026-03-12 15:35:00+00:00,372.2200012207031,372.6400146484375,372.1600036621094,372.5,5318
2026-03-12 15:36:00+00:00,372.1000061035156,372.1650085449219,371.8399963378906,371.9700012207031,2901
2026-03-12 15:37:00+00:00,371.9400024414063,372.5325012207031,371.5849914550781,372.385009765625,5932
2026-03-12 15:38:00+00:00,373.0,373.0,372.8599853515625,372.8800048828125,2365
2026-03-12 15:39:00+00:00,373.364990234375,375.6700134277344,373.364990234375,375.6700134277344,8349
2026-03-12 15:40:00+00:00,376.0,376.0,374.8699951171875,374.8699951171875,3092
2026-03-12 15:41:00+00:00,373.7000122070313,375.0350036621094,373.7000122070313,375.0350036621094,934
2026-03-12 15:42:00+00:00,374.5750122070313,375.0799865722656,374.5625,375.0799865722656,2189
2026-03-12 15:43:00+00:00,375.0499877929688,376.30999755859375,375.0499877929688,375.8327026367188,4782
2026-03-12 15:44:00+00:00,375.7349853515625,376.30999755859375,375.7349853515625,376.05999755859375,5397
2026-03-12 15:45:00+00:00,375.9898986816406,376.2250061035156,375.6600036621094,376.0,3744
2026-03-12 15:46:00+00:00,375.6000061035156,375.8049926757813,375.6000061035156,375.6400146484375,3542
2026-03-12 15:47:00+00:00,375.2300109863281,375.2300109863281,375.010009765625,375.1099853515625,3380
2026-03-12 15:48:00+00:00,375.489990234375,376.2025146484375,375.489990234375,376.2025146484375,2008
2026-03-12 15:49:00+00:00,375.4801025390625,375.8450012207031,375.4801025390625,375.8349914550781,1524
2026-03-12 15:50:00+00:00,376.281005859375,376.281005859375,375.4949951171875,375.4949951171875,3278
2026-03-12 15:51:00+00:00,375.3550109863281,375.5450134277344,375.2699890136719,375.3324890136719,1357
2026-03-12 15:52:00+00:00,375.2999877929688,376.2796020507813,375.2999877929688,376.2340087890625,2522
2026-03-12 15:53:00+00:00,376.1000061035156,377.5799865722656,376.1000061035156,376.773193359375,6713
2026-03-12 15:54:00+00:00,376.2799987792969,376.5350036621094,376.2799987792969,376.5350036621094,3720
2026-03-12 15:56:00+00:00,377.0,377.0,376.6600036621094,376.6600036621094,777
2026-03-12 15:57:00+00:00,376.7799987792969,376.7799987792969,376.7799987792969,376.7799987792969,662
2026-03-12 15:58:00+00:00,376.3875122070313,377.2200012207031,376.3875122070313,377.2200012207031,2175
2026-03-12 15:59:00+00:00,377.2099914550781,377.2099914550781,377.2099914550781,377.2099914550781,1019
2026-03-12 16:00:00+00:00,377.2550048828125,377.260009765625,376.7200012207031,376.7200012207031,3091
2026-03-12 16:01:00+00:00,376.5,377.0750122070313,376.5,377.0,2419
2026-03-12 16:02:00+00:00,376.510009765625,376.510009765625,376.510009765625,376.510009765625,2364
2026-03-12 16:03:00+00:00,377.2157897949219,377.4599914550781,376.25,377.4500122070313,2902
2026-03-12 16:04:00+00:00,377.8500061035156,378.1275024414063,377.8500061035156,378.0450134277344,2418
2026-03-12 16:05:00+00:00,377.8699951171875,378.3399963378906,377.8699951171875,378.3399963378906,1298
2026-03-12 16:06:00+00:00,378.5,378.5,377.7000122070313,377.7149963378906,2152
2026-03-12 16:07:00+00:00,377.2099914550781,377.489990234375,377.2099914550781,377.489990234375,1241
2026-03-12 16:08:00+00:00,377.0499877929688,377.0499877929688,376.7349853515625,376.8901062011719,4378
2026-03-12 16:09:00+00:00,376.4700012207031,376.4700012207031,375.260009765625,375.68499755859375,3451
2026-03-12 16:10:00+00:00,375.9400024414063,375.9400024414063,375.9400024414063,375.9400024414063,2221
2026-03-12 16:11:00+00:00,376.3150024414063,376.7898864746094,376.2000122070313,376.2000122070313,2395
2026-03-12 16:12:00+00:00,376.406494140625,376.6499938964844,376.3150024414063,376.3150024414063,1758
2026-03-12 16:13:00+00:00,375.9599914550781,375.9599914550781,375.9599914550781,375.9599914550781,1787
2026-03-12 16:14:00+00:00,376.2250061035156,377.4500122070313,376.1625061035156,376.9299926757813,3854
2026-03-12 16:15:00+00:00,377.2492065429688,377.2492065429688,377.2492065429688,377.2492065429688,1391
2026-03-12 16:16:00+00:00,378.0799865722656,378.0799865722656,377.8999938964844,377.8999938964844,1403
2026-03-12 16:17:00+00:00,378.1950073242188,378.6000061035156,378.1950073242188,378.6000061035156,2161
2026-03-12 16:18:00+00:00,377.7349853515625,377.7349853515625,377.7349853515625,377.7349853515625,1495
2026-03-12 16:19:00+00:00,377.5899963378906,378.0299987792969,377.2000122070313,377.2000122070313,3094
2026-03-12 16:20:00+00:00,377.4599914550781,377.4649963378906,376.8299865722656,377.0953979492188,1506
2026-03-12 16:21:00+00:00,377.489990234375,377.7449951171875,377.489990234375,377.7449951171875,1648
2026-03-12 16:22:00+00:00,378.2099914550781,378.2099914550781,378.2099914550781,378.2099914550781,1985
2026-03-12 16:23:00+00:00,378.2099914550781,378.58990478515625,377.7300109863281,377.8900146484375,1923
2026-03-12 16:24:00+00:00,378.1400146484375,378.1400146484375,377.55999755859375,377.55999755859375,2497
2026-03-12 16:25:00+00:00,376.9649963378906,376.9649963378906,376.864990234375,376.864990234375,2239
2026-03-12 16:26:00+00:00,377.0150146484375,377.7999877929688,377.0050048828125,377.7999877929688,2975
2026-03-12 16:27:00+00:00,377.7999877929688,378.2799987792969,377.4299926757813,377.4299926757813,5327
2026-03-12 16:28:00+00:00,377.8250122070313,378.2900085449219,377.7000122070313,377.7449951171875,3688
2026-03-12 16:29:00+00:00,377.4299926757813,377.4299926757813,377.3049926757813,377.3049926757813,2578
2026-03-12 16:30:00+00:00,377.9200134277344,378.0,377.9200134277344,377.9599914550781,3337
2026-03-12 16:31:00+00:00,378.0199890136719,378.0199890136719,378.0199890136719,378.0199890136719,2189
2026-03-12 16:32:00+00:00,377.3900146484375,377.3900146484375,376.989990234375,376.989990234375,872
2026-03-12 16:33:00+00:00,377.3800048828125,377.9699096679688,377.2200012207031,377.4750061035156,2717
2026-03-12 16:34:00+00:00,378.2799987792969,378.2799987792969,377.0,377.0,1511
2026-03-12 16:35:00+00:00,377.5150146484375,377.739990234375,377.5150146484375,377.6000061035156,3564
2026-03-12 16:36:00+00:00,377.625,377.6400146484375,377.6000061035156,377.6000061035156,1639
2026-03-12 16:37:00+00:00,377.6000061035156,378.1400146484375,377.0499877929688,378.1400146484375,3401
2026-03-12 16:38:00+00:00,378.1900024414063,378.5849914550781,377.7200012207031,378.25,6057
2026-03-12 16:39:00+00:00,379.3200073242188,379.3533935546875,378.8299865722656,379.3533935546875,2441
2026-03-12 16:40:00+00:00,379.3699951171875,379.3699951171875,379.3699951171875,379.3699951171875,637
2026-03-12 16:41:00+00:00,379.239990234375,379.6499938964844,379.0,379.6499938964844,4451
2026-03-12 16:42:00+00:00,379.4450073242188,380.3200073242188,379.4450073242188,380.3200073242188,4210
2026-03-12 16:43:00+00:00,380.1000061035156,380.125,379.760009765625,379.760009765625,2410
2026-03-12 16:44:00+00:00,379.2799987792969,379.5075073242188,379.260009765625,379.5075073242188,2320
2026-03-12 16:45:00+00:00,379.1700134277344,379.4100036621094,378.7300109863281,378.7300109863281,2219
2026-03-12 16:46:00+00:00,378.7250061035156,378.7250061035156,377.9800109863281,377.9800109863281,4686
2026-03-12 16:47:00+00:00,378.0,378.3599853515625,378.0,378.3599853515625,2094
2026-03-12 16:48:00+00:00,378.3200073242188,378.3299865722656,378.239990234375,378.239990234375,880
2026-03-12 16:49:00+00:00,378.8599853515625,378.8599853515625,378.8599853515625,378.8599853515625,1344
2026-03-12 16:50:00+00:00,378.8399963378906,378.8900146484375,378.8399963378906,378.8900146484375,1450
2026-03-12 16:51:00+00:00,378.2701110839844,378.2701110839844,378.2701110839844,378.2701110839844,1092
2026-03-12 16:52:00+00:00,378.3299865722656,378.4450073242188,378.1400146484375,378.1400146484375,2971
2026-03-12 16:53:00+00:00,378.364990234375,378.364990234375,378.0199890136719,378.0199890136719,2500
2026-03-12 16:54:00+00:00,378.0750122070313,378.0750122070313,378.0750122070313,378.0750122070313,1945
2026-03-12 16:55:00+00:00,378.6199951171875,378.8999938964844,378.6199951171875,378.8999938964844,2737
2026-03-12 16:56:00+00:00,378.7999877929688,378.7999877929688,378.4574890136719,378.4574890136719,753
2026-03-12 16:57:00+00:00,378.4849853515625,378.4849853515625,377.80999755859375,377.80999755859375,2390
2026-03-12 16:58:00+00:00,378.0549926757813,378.0549926757813,377.8699951171875,378.0299987792969,6302
2026-03-12 16:59:00+00:00,377.989990234375,377.989990234375,377.6300048828125,377.7300109863281,2329
2026-03-12 17:00:00+00:00,378.1099853515625,378.51361083984375,378.1099853515625,378.4750061035156,3172
2026-03-12 17:02:00+00:00,378.1799926757813,378.3450012207031,378.1799926757813,378.3450012207031,2121
2026-03-12 17:03:00+00:00,378.1050109863281,378.1050109863281,378.1050109863281,378.1050109863281,836
2026-03-12 17:04:00+00:00,378.4400024414063,378.9500122070313,378.4400024414063,378.9500122070313,3628
2026-03-12 17:05:00+00:00,379.510009765625,379.510009765625,379.510009765625,379.510009765625,931
2026-03-12 17:06:00+00:00,379.55999755859375,379.5799865722656,379.4249877929688,379.4249877929688,2155
2026-03-12 17:07:00+00:00,379.4450073242188,379.4450073242188,379.4450073242188,379.4450073242188,995
2026-03-12 17:08:00+00:00,379.0499877929688,379.6700134277344,377.9299926757813,377.9299926757813,5591
2026-03-12 17:09:00+00:00,378.0549926757813,378.0549926757813,378.0549926757813,378.0549926757813,1488
2026-03-12 17:10:00+00:00,377.3949890136719,377.989990234375,377.3949890136719,377.989990234375,1984
2026-03-12 17:11:00+00:00,377.4200134277344,377.43499755859375,377.4200134277344,377.43499755859375,843
2026-03-12 17:12:00+00:00,376.9601135253906,377.8599853515625,376.9601135253906,377.5050048828125,2079
2026-03-12 17:13:00+00:00,377.5650024414063,377.5799865722656,377.5650024414063,377.5799865722656,1596
2026-03-12 17:14:00+00:00,377.3999938964844,377.3999938964844,376.9299926757813,376.9299926757813,3506
2026-03-12 17:17:00+00:00,376.93499755859375,377.2449951171875,376.8900146484375,376.8900146484375,1494
2026-03-12 17:18:00+00:00,377.2300109863281,377.2300109863281,376.5499877929688,376.5899963378906,2631
2026-03-12 17:19:00+00:00,376.8500061035156,376.8500061035156,375.5199890136719,376.1600036621094,3948
2026-03-12 17:20:00+00:00,376.0300903320313,376.5299987792969,376.0300903320313,376.5299987792969,1701
2026-03-12 17:21:00+00:00,376.5400085449219,376.5400085449219,376.4949951171875,376.5400085449219,3114
2026-03-12 17:23:00+00:00,377.2250061035156,377.2650146484375,377.2250061035156,377.2650146484375,3889
2026-03-12 17:25:00+00:00,376.1799926757813,376.30999755859375,376.1799926757813,376.30999755859375,1424
2026-03-12 17:26:00+00:00,376.2049865722656,376.5060119628906,376.2049865722656,376.5060119628906,562
2026-03-12 17:27:00+00:00,376.2049865722656,376.2049865722656,375.80999755859375,375.80999755859375,4705
2026-03-12 17:28:00+00:00,375.8399963378906,375.8599853515625,375.510009765625,375.8299865722656,2096
2026-03-12 17:29:00+00:00,375.6400146484375,375.7999877929688,375.5199890136719,375.7999877929688,1986
2026-03-12 17:30:00+00:00,375.5899963378906,375.6400146484375,375.3399963378906,375.6400146484375,1843
2026-03-12 17:31:00+00:00,375.7749938964844,375.876708984375,375.6300048828125,375.6300048828125,940
2026-03-12 17:32:00+00:00,375.7200012207031,375.7200012207031,375.7200012207031,375.7200012207031,956
2026-03-12 17:33:00+00:00,375.6000061035156,375.7950134277344,375.6000061035156,375.7950134277344,540
2026-03-12 17:34:00+00:00,375.5799865722656,375.5799865722656,375.5799865722656,375.5799865722656,1811
2026-03-12 17:36:00+00:00,376.3599853515625,376.6199951171875,375.9100036621094,375.9100036621094,2617
2026-03-12 17:37:00+00:00,375.7200012207031,376.1400146484375,375.7200012207031,376.1400146484375,835
2026-03-12 17:38:00+00:00,375.7099914550781,375.8999938964844,375.7099914550781,375.8999938964844,1984
2026-03-12 17:39:00+00:00,375.8999938964844,376.7499084472656,375.8999938964844,376.510009765625,5232
2026-03-12 17:41:00+00:00,376.0299987792969,376.4800109863281,375.8500061035156,375.8500061035156,4037
2026-03-12 17:42:00+00:00,375.6199951171875,375.9450073242188,375.30999755859375,375.30999755859375,12282
2026-03-12 17:44:00+00:00,375.4249877929688,375.4249877929688,375.010009765625,375.010009765625,2303
2026-03-12 17:45:00+00:00,375.0299987792969,375.0700073242188,374.3200988769531,374.5700073242188,4555
2026-03-12 17:46:00+00:00,374.6799926757813,374.9945983886719,374.43499755859375,374.9700012207031,2418
2026-03-12 17:47:00+00:00,375.2099914550781,375.2099914550781,375.1000061035156,375.1799926757813,2300
2026-03-12 17:48:00+00:00,375.2900085449219,375.2950134277344,375.2900085449219,375.2950134277344,720
2026-03-12 17:49:00+00:00,375.25,375.4150085449219,375.25,375.4150085449219,2224
2026-03-12 17:50:00+00:00,374.8399963378906,374.8399963378906,374.8399963378906,374.8399963378906,1480
2026-03-12 17:51:00+00:00,375.4849853515625,375.4849853515625,375.0700073242188,375.0700073242188,1627
2026-03-12 17:52:00+00:00,375.6099853515625,375.7999877929688,375.6099853515625,375.760009765625,2075
2026-03-12 17:53:00+00:00,375.4599914550781,375.7300109863281,375.4500122070313,375.7300109863281,1585
2026-03-12 17:54:00+00:00,375.3299865722656,375.3299865722656,375.3299865722656,375.3299865722656,773
2026-03-12 17:55:00+00:00,375.0700073242188,375.0700073242188,374.6199951171875,374.7099914550781,5420
2026-03-12 17:56:00+00:00,374.7099914550781,374.8800048828125,374.7099914550781,374.864990234375,2060
2026-03-12 17:58:00+00:00,375.0700073242188,375.2799987792969,375.0700073242188,375.2799987792969,1689
2026-03-12 17:59:00+00:00,375.5350036621094,375.5350036621094,375.5350036621094,375.5350036621094,2362
2026-03-12 18:00:00+00:00,375.885009765625,375.885009765625,375.885009765625,375.885009765625,181
2026-03-12 18:01:00+00:00,375.8924865722656,375.8999938964844,375.8924865722656,375.8999938964844,1925
2026-03-12 18:02:00+00:00,376.3699951171875,376.3800048828125,376.2349853515625,376.30999755859375,3708
2026-03-12 18:03:00+00:00,376.0,376.0299987792969,375.7300109863281,375.9299926757813,3569
2026-03-12 18:04:00+00:00,376.4949951171875,376.4949951171875,376.1199951171875,376.1199951171875,1932
2026-03-12 18:05:00+00:00,375.9500122070313,375.9500122070313,375.8200073242188,375.9400024414063,2169
2026-03-12 18:06:00+00:00,375.6099853515625,375.8450012207031,375.6099853515625,375.8450012207031,955
2026-03-12 18:07:00+00:00,376.1600036621094,376.6000061035156,375.9649963378906,376.6000061035156,2893
2026-03-12 18:08:00+00:00,376.6050109863281,376.9299926757813,376.5150146484375,376.5150146484375,1115
2026-03-12 18:09:00+00:00,376.510009765625,376.510009765625,376.4849853515625,376.4849853515625,1036
2026-03-12 18:10:00+00:00,376.3599853515625,376.3599853515625,376.3599853515625,376.3599853515625,1685
2026-03-12 18:11:00+00:00,376.8999938964844,376.8999938964844,376.8999938964844,376.8999938964844,722
2026-03-12 18:12:00+00:00,376.9324951171875,376.9324951171875,376.9324951171875,376.9324951171875,936
2026-03-12 18:13:00+00:00,376.8999938964844,377.239990234375,376.8599853515625,377.2200012207031,2479
2026-03-12 18:14:00+00:00,377.1000061035156,377.4700012207031,377.1000061035156,377.2999877929688,2833
2026-03-12 18:15:00+00:00,377.3500061035156,377.3500061035156,377.3299865722656,377.3299865722656,1375
2026-03-12 18:16:00+00:00,377.3200073242188,377.60101318359375,377.3200073242188,377.4700012207031,3532
2026-03-12 18:17:00+00:00,377.385009765625,377.385009765625,376.8999938964844,376.8999938964844,2926
2026-03-12 18:18:00+00:00,376.8399963378906,376.8399963378906,376.8049926757813,376.8299865722656,1764
2026-03-12 18:19:00+00:00,376.8150024414063,376.8399963378906,376.5799865722656,376.6700134277344,3757
2026-03-12 18:20:00+00:00,376.6199951171875,376.6199951171875,376.6199951171875,376.6199951171875,464
2026-03-12 18:21:00+00:00,376.4049987792969,376.4049987792969,376.0,376.1199951171875,2709
2026-03-12 18:22:00+00:00,376.4800109863281,376.55999755859375,376.4800109863281,376.4849853515625,3790
2026-03-12 18:23:00+00:00,376.4800109863281,376.4800109863281,376.4800109863281,376.4800109863281,1161
2026-03-12 18:24:00+00:00,376.2918090820313,377.0,376.2918090820313,376.9200134277344,3271
2026-03-12 18:25:00+00:00,376.9200134277344,376.9200134277344,376.9100036621094,376.9100036621094,1089
2026-03-12 18:26:00+00:00,376.7000122070313,376.7000122070313,376.7000122070313,376.7000122070313,247
2026-03-12 18:27:00+00:00,376.9049987792969,377.2898864746094,376.9049987792969,377.2898864746094,2262
2026-03-12 18:28:00+00:00,376.510009765625,376.510009765625,376.4400024414063,376.4400024414063,1275
2026-03-12 18:29:00+00:00,377.08990478515625,377.08990478515625,376.6799926757813,376.75,2118
2026-03-12 18:30:00+00:00,376.6549987792969,376.6925048828125,376.6549987792969,376.6925048828125,958
2026-03-12 18:31:00+00:00,376.6549987792969,376.9800109863281,376.6549987792969,376.9800109863281,1764
2026-03-12 18:32:00+00:00,376.66009521484375,376.9400024414063,376.66009521484375,376.9400024414063,1775
2026-03-12 18:33:00+00:00,377.0199890136719,377.0350036621094,377.0199890136719,377.0350036621094,489
2026-03-12 18:34:00+00:00,377.0350036621094,377.0400085449219,376.739990234375,376.8200073242188,2960
2026-03-12 18:35:00+00:00,376.6600036621094,376.6600036621094,376.4100036621094,376.4450073242188,2932
2026-03-12 18:36:00+00:00,376.4299926757813,376.6499938964844,376.2101135253906,376.4549865722656,1841
2026-03-12 18:37:00+00:00,376.4549865722656,376.8200073242188,376.2999877929688,376.8200073242188,2735
2026-03-12 18:38:00+00:00,377.0400085449219,377.1799926757813,377.0400085449219,377.0950012207031,1399
2026-03-12 18:39:00+00:00,377.1499938964844,377.3299865722656,376.4949951171875,376.4949951171875,3951
2026-03-12 18:41:00+00:00,376.1099853515625,376.1099853515625,375.55999755859375,375.7049865722656,3507
2026-03-12 18:42:00+00:00,375.7300109863281,375.989990234375,375.7300109863281,375.989990234375,2031
2026-03-12 18:43:00+00:00,375.1799926757813,375.7398986816406,375.1799926757813,375.4599914550781,1558
2026-03-12 18:44:00+00:00,375.4599914550781,375.75,375.3500061035156,375.3500061035156,4860
2026-03-12 18:45:00+00:00,375.3500061035156,375.3500061035156,375.010009765625,375.010009765625,3843
2026-03-12 18:46:00+00:00,375.3800048828125,375.4407958984375,375.3800048828125,375.4407958984375,1054
2026-03-12 18:47:00+00:00,375.25,375.3500061035156,375.25,375.25,1821
2026-03-12 18:48:00+00:00,375.3800048828125,375.75,375.3800048828125,375.75,2405
2026-03-12 18:49:00+00:00,375.5150146484375,375.5150146484375,375.2950134277344,375.3200073242188,2673
2026-03-12 18:50:00+00:00,375.4100036621094,375.75,375.4100036621094,375.75,3584
2026-03-12 18:52:00+00:00,375.8765869140625,375.8765869140625,375.7950134277344,375.7950134277344,2668
2026-03-12 18:53:00+00:00,375.7099914550781,376.2349853515625,375.7099914550781,376.2349853515625,3267
2026-03-12 18:55:00+00:00,376.3879089355469,376.3879089355469,376.2449951171875,376.2449951171875,819
2026-03-12 18:56:00+00:00,375.9599914550781,375.9599914550781,375.8550109863281,375.9549865722656,3011
2026-03-12 18:57:00+00:00,376.260009765625,376.2699890136719,376.1549987792969,376.2300109863281,1767
2026-03-12 18:58:00+00:00,376.3399963378906,376.4800109863281,376.2250061035156,376.2250061035156,2143
2026-03-12 18:59:00+00:00,375.7650146484375,375.8200073242188,375.7650146484375,375.8200073242188,3457
2026-03-12 19:00:00+00:00,375.1000061035156,375.43499755859375,374.6099853515625,375.43499755859375,3275
2026-03-12 19:01:00+00:00,375.7799987792969,376.0450134277344,375.4599914550781,375.5199890136719,4422
2026-03-12 19:02:00+00:00,374.6600036621094,374.6600036621094,374.6600036621094,374.6600036621094,971
2026-03-12 19:03:00+00:00,374.6600036621094,374.8999938964844,374.4100036621094,374.4100036621094,2844
2026-03-12 19:04:00+00:00,374.3699951171875,374.8699951171875,374.3699951171875,374.614990234375,3620
2026-03-12 19:05:00+00:00,375.1749877929688,375.2900085449219,375.1749877929688,375.2900085449219,1813
2026-03-12 19:06:00+00:00,374.7300109863281,374.7300109863281,374.7149963378906,374.7149963378906,288
2026-03-12 19:07:00+00:00,374.7900085449219,374.7900085449219,374.260009765625,374.260009765625,2084
2026-03-12 19:08:00+00:00,374.1900024414063,374.3250122070313,374.0130004882813,374.0130004882813,5116
2026-03-12 19:10:00+00:00,374.7300109863281,374.9743957519531,374.7300109863281,374.864990234375,4519
2026-03-12 19:12:00+00:00,374.4100036621094,374.7099914550781,374.4100036621094,374.7099914550781,2568
2026-03-12 19:13:00+00:00,374.7300109863281,374.9599914550781,374.3399963378906,374.9599914550781,1748
2026-03-12 19:14:00+00:00,374.5849914550781,374.6650085449219,374.5849914550781,374.6650085449219,1343
2026-03-12 19:15:00+00:00,375.0,375.1600036621094,375.0,375.1600036621094,2364
2026-03-12 19:16:00+00:00,374.9800109863281,375.1499938964844,374.6789855957031,374.6789855957031,3362
2026-03-12 19:18:00+00:00,374.9049987792969,375.1400146484375,374.8250122070313,375.125,4924
2026-03-12 19:20:00+00:00,374.7099914550781,374.7900085449219,374.7099914550781,374.7900085449219,1841
2026-03-12 19:21:00+00:00,374.8800048828125,375.260009765625,374.7699890136719,375.260009765625,5750
2026-03-12 19:22:00+00:00,375.3599853515625,375.3599853515625,375.3599853515625,375.3599853515625,1774
2026-03-12 19:24:00+00:00,375.4549865722656,375.5299987792969,375.1615905761719,375.3299865722656,2594
2026-03-12 19:25:00+00:00,375.3049926757813,375.3049926757813,375.3049926757813,375.3049926757813,1194
2026-03-12 19:26:00+00:00,375.2099914550781,375.3999938964844,375.0101013183594,375.3949890136719,8148
2026-03-12 19:27:00+00:00,375.2300109863281,375.2300109863281,375.010009765625,375.010009765625,1659
2026-03-12 19:28:00+00:00,374.7799987792969,374.7799987792969,374.7799987792969,374.7799987792969,1665
2026-03-12 19:29:00+00:00,374.4849853515625,374.4849853515625,374.3699951171875,374.4849853515625,2277
2026-03-12 19:30:00+00:00,374.7999877929688,374.9400024414063,374.7999877929688,374.8999938964844,3083
2026-03-12 19:31:00+00:00,374.7300109863281,374.989990234375,374.7300109863281,374.989990234375,2473
2026-03-12 19:32:00+00:00,374.7099914550781,374.7099914550781,374.7099914550781,374.7099914550781,1942
2026-03-12 19:33:00+00:00,374.68499755859375,374.68499755859375,374.68499755859375,374.68499755859375,1462
2026-03-12 19:34:00+00:00,374.5400085449219,374.7200012207031,374.5400085449219,374.7200012207031,2282
2026-03-12 19:35:00+00:00,374.8800048828125,374.8800048828125,374.5400085449219,374.5400085449219,1932
2026-03-12 19:36:00+00:00,374.6050109863281,374.6050109863281,374.3500061035156,374.3699951171875,2034
2026-03-12 19:37:00+00:00,374.5249938964844,374.8399963378906,374.5249938964844,374.8399963378906,3588
2026-03-12 19:38:00+00:00,374.6799926757813,374.6799926757813,374.6799926757813,374.6799926757813,634
2026-03-12 19:39:00+00:00,374.6799926757813,374.8500061035156,374.3999938964844,374.3999938964844,5030
2026-03-12 19:40:00+00:00,374.3200073242188,374.3800048828125,373.7799987792969,374.05999755859375,5506
2026-03-12 19:41:00+00:00,373.5499877929688,373.6400146484375,373.3900146484375,373.6199951171875,2534
2026-03-12 19:42:00+00:00,373.760009765625,373.8699951171875,373.4549865722656,373.5700073242188,3512
2026-03-12 19:43:00+00:00,373.55999755859375,373.55999755859375,373.5400085449219,373.5400085449219,1788
2026-03-12 19:44:00+00:00,373.7699890136719,373.7699890136719,373.6000061035156,373.6000061035156,4113
2026-03-12 19:45:00+00:00,373.5950012207031,373.8200073242188,373.5950012207031,373.80999755859375,3984
2026-03-12 19:46:00+00:00,373.5299987792969,373.5400085449219,373.25,373.489990234375,5006
2026-03-12 19:47:00+00:00,373.4849853515625,373.4849853515625,373.43499755859375,373.43499755859375,1634
2026-03-12 19:48:00+00:00,373.5400085449219,373.6549987792969,373.3599853515625,373.5249938964844,6499
2026-03-12 19:49:00+00:00,373.5249938964844,373.7298889160156,373.3200073242188,373.6600036621094,2555
2026-03-12 19:50:00+00:00,373.3200073242188,373.3200073242188,372.7200012207031,373.0050048828125,11944
2026-03-12 19:51:00+00:00,372.8299865722656,373.5504150390625,372.6300048828125,373.385009765625,10566
2026-03-12 19:52:00+00:00,373.385009765625,373.385009765625,372.9200134277344,373.0700073242188,13113
2026-03-12 19:53:00+00:00,372.9800109863281,373.1600036621094,372.7999877929688,372.9500122070313,9289
2026-03-12 19:54:00+00:00,372.9500122070313,373.3999938964844,372.5700073242188,373.3999938964844,19244
2026-03-12 19:55:00+00:00,373.5799865722656,374.5150146484375,373.5700073242188,373.6650085449219,18028
2026-03-12 19:56:00+00:00,373.6000061035156,373.614990234375,373.2799987792969,373.3399963378906,9490
2026-03-12 19:57:00+00:00,373.2099914550781,373.6799926757813,373.2099914550781,373.4299926757813,21655
2026-03-12 19:58:00+00:00,373.4299926757813,373.9200134277344,373.4299926757813,373.8299865722656,22705
2026-03-12 19:59:00+00:00,373.8599853515625,374.5199890136719,373.6600036621094,373.989990234375,67160
2026-03-13 13:30:00+00:00,378.5400085449219,383.9700012207031,377.1400146484375,383.3800048828125,443884
2026-03-13 13:31:00+00:00,383.375,383.375,380.4591064453125,381.9049987792969,15107
2026-03-13 13:32:00+00:00,380.0849914550781,383.1749877929688,380.0849914550781,382.88580322265625,4546
2026-03-13 13:33:00+00:00,382.93499755859375,385.6199951171875,382.93499755859375,385.130615234375,12854
2026-03-13 13:34:00+00:00,385.55999755859375,387.9800109863281,385.010009765625,387.1900024414063,23922
2026-03-13 13:35:00+00:00,387.1474914550781,389.0,385.760009765625,387.0299987792969,20958
2026-03-13 13:36:00+00:00,386.989990234375,388.0,385.9801025390625,387.0199890136719,9860
2026-03-13 13:37:00+00:00,386.7677001953125,388.1000061035156,386.5,387.489990234375,8288
2026-03-13 13:38:00+00:00,387.4595031738281,388.0,386.6300048828125,387.0296020507813,5313
2026-03-13 13:39:00+00:00,387.739990234375,388.89459228515625,387.3450012207031,387.6499938964844,11782
2026-03-13 13:40:00+00:00,387.6749877929688,389.4500122070313,387.6749877929688,389.0,9779
2026-03-13 13:41:00+00:00,389.6400146484375,391.2799072265625,389.360107421875,389.360107421875,36128
2026-03-13 13:42:00+00:00,390.1600036621094,390.1600036621094,388.1900024414063,389.1650085449219,8731
2026-03-13 13:43:00+00:00,388.80999755859375,389.7349853515625,388.3599853515625,389.2099914550781,4212
2026-03-13 13:44:00+00:00,389.3399963378906,390.8500061035156,389.3399963378906,390.8500061035156,5185
2026-03-13 13:45:00+00:00,390.4100036621094,391.8255920410156,389.2999877929688,389.2999877929688,14412
2026-03-13 13:46:00+00:00,389.6400146484375,389.6400146484375,389.6400146484375,389.6400146484375,2612
2026-03-13 13:47:00+00:00,389.1900024414063,389.4299926757813,388.010009765625,388.260986328125,3796
2026-03-13 13:48:00+00:00,388.30999755859375,388.9671020507813,388.30999755859375,388.7000122070313,4596
2026-03-13 13:49:00+00:00,388.989990234375,388.989990234375,388.989990234375,388.989990234375,1787
2026-03-13 13:50:00+00:00,388.4700012207031,388.7099914550781,387.2950134277344,388.1199951171875,6134
2026-03-13 13:51:00+00:00,387.0000915527344,388.9100036621094,387.0000915527344,388.9100036621094,10024
2026-03-13 13:52:00+00:00,388.5299987792969,389.4800109863281,388.4200134277344,389.1026916503906,7746
2026-03-13 13:53:00+00:00,389.6700134277344,391.010009765625,389.6700134277344,391.010009765625,4533
2026-03-13 13:54:00+00:00,391.1300048828125,391.489990234375,390.5499877929688,391.1900024414063,5621
2026-03-13 13:55:00+00:00,390.9800109863281,392.0,390.3999938964844,391.75,9639
2026-03-13 13:56:00+00:00,391.9700012207031,391.9700012207031,390.9800109863281,391.2349853515625,5908
2026-03-13 13:57:00+00:00,390.9714965820313,392.6000061035156,390.9299926757813,391.1549987792969,22597
2026-03-13 13:58:00+00:00,391.7999877929688,391.7999877929688,390.7049865722656,391.5,11601
2026-03-13 13:59:00+00:00,391.30999755859375,391.6874084472656,391.30999755859375,391.6874084472656,1332
2026-03-13 14:00:00+00:00,391.3450012207031,392.55999755859375,391.3450012207031,392.55999755859375,7530
2026-03-13 14:01:00+00:00,392.3049926757813,392.5718994140625,392.090087890625,392.3200073242188,16410
2026-03-13 14:02:00+00:00,392.0899963378906,393.114990234375,391.875,392.739990234375,23832
2026-03-13 14:03:00+00:00,393.239990234375,394.0,392.5700988769531,393.3599853515625,22483
2026-03-13 14:04:00+00:00,393.385009765625,394.2000122070313,393.2300109863281,393.6300048828125,10823
2026-03-13 14:05:00+00:00,393.5,394.2000122070313,392.2950134277344,392.2950134277344,27516
2026-03-13 14:06:00+00:00,392.260009765625,393.9400024414063,392.2250061035156,393.9400024414063,14600
2026-03-13 14:07:00+00:00,394.010009765625,394.9898986816406,392.7999877929688,392.7999877929688,19676
2026-03-13 14:08:00+00:00,392.0499877929688,392.6549987792969,391.0,392.3599853515625,6711
2026-03-13 14:09:00+00:00,392.4800109863281,393.5,392.4800109863281,393.4053039550781,6570
2026-03-13 14:10:00+00:00,393.5400085449219,393.5400085449219,392.25,392.25,12262
2026-03-13 14:11:00+00:00,392.1900024414063,393.0199890136719,392.1900024414063,392.8900146484375,6181
2026-03-13 14:12:00+00:00,392.9800109863281,393.6600036621094,392.5499877929688,393.6600036621094,18101
2026-03-13 14:13:00+00:00,393.625,394.1610107421875,392.2699890136719,392.7950134277344,18542
2026-03-13 14:14:00+00:00,392.8900146484375,393.25,392.489990234375,392.875,9374
2026-03-13 14:15:00+00:00,392.875,393.0,391.360107421875,391.8699951171875,8132
2026-03-13 14:16:00+00:00,392.2300109863281,392.639892578125,390.8167114257813,390.8167114257813,12815
2026-03-13 14:17:00+00:00,391.1499938964844,391.2850036621094,388.9500122070313,388.9500122070313,12417
2026-03-13 14:18:00+00:00,389.55999755859375,390.3299865722656,389.489990234375,389.8349914550781,7857
2026-03-13 14:19:00+00:00,390.1300048828125,391.7477111816406,390.1300048828125,391.0972900390625,5346
2026-03-13 14:20:00+00:00,391.5,392.4413146972656,391.1099853515625,391.1099853515625,8447
2026-03-13 14:21:00+00:00,391.9299926757813,392.1000061035156,391.0,391.5400085449219,6543
2026-03-13 14:22:00+00:00,391.889892578125,391.889892578125,390.8900146484375,390.8900146484375,4795
2026-03-13 14:23:00+00:00,391.0299987792969,391.5862121582031,390.989990234375,391.3599853515625,4287
2026-03-13 14:24:00+00:00,391.5249938964844,391.9100036621094,390.5249938964844,390.5249938964844,9619
2026-03-13 14:25:00+00:00,390.1600036621094,390.1600036621094,389.0,389.0,3781
2026-03-13 14:26:00+00:00,388.0,389.3598937988281,388.0,388.9193115234375,3916
2026-03-13 14:27:00+00:00,389.6799926757813,390.3599853515625,388.9299926757813,389.5400085449219,2895
2026-03-13 14:28:00+00:00,388.8699951171875,390.0,388.2099914550781,390.0,4498
2026-03-13 14:29:00+00:00,389.7850036621094,390.3599853515625,389.7850036621094,390.1050109863281,5229
2026-03-13 14:30:00+00:00,389.7900085449219,390.1199951171875,389.3399963378906,389.8984069824219,4478
2026-03-13 14:31:00+00:00,389.7000122070313,390.7000122070313,389.7000122070313,390.4400024414063,4808
2026-03-13 14:32:00+00:00,390.3900146484375,390.9200134277344,390.3450012207031,390.6950073242188,9084
2026-03-13 14:33:00+00:00,390.6900024414063,391.1300048828125,390.6000061035156,391.1300048828125,4003
2026-03-13 14:34:00+00:00,390.7000122070313,391.2699890136719,390.260009765625,391.0700073242188,27427
2026-03-13 14:35:00+00:00,390.9549865722656,391.2799987792969,389.3599853515625,389.7200012207031,13897
2026-03-13 14:36:00+00:00,389.5249938964844,389.7449951171875,388.7099914550781,389.0,7936
2026-03-13 14:37:00+00:00,388.7650146484375,388.9700012207031,388.2300109863281,388.9700012207031,7813
2026-03-13 14:38:00+00:00,388.2727966308594,388.510009765625,388.2000122070313,388.5,4466
2026-03-13 14:39:00+00:00,388.8900146484375,389.375,388.8900146484375,388.9599914550781,6564
2026-03-13 14:40:00+00:00,388.9049987792969,388.9049987792969,386.6195068359375,386.8250122070313,18618
2026-03-13 14:41:00+00:00,386.125,386.9100036621094,386.0,386.9100036621094,7964
2026-03-13 14:42:00+00:00,386.5450134277344,386.5450134277344,385.6799926757813,386.5,10470
2026-03-13 14:43:00+00:00,386.5,386.5,385.5,385.55999755859375,2004
2026-03-13 14:44:00+00:00,385.3900146484375,385.3999938964844,384.3900146484375,384.7200012207031,3412
2026-03-13 14:45:00+00:00,384.5450134277344,384.6000061035156,384.0,384.6000061035156,5995
2026-03-13 14:46:00+00:00,384.5650024414063,385.0400085449219,383.989990234375,383.989990234375,7192
2026-03-13 14:47:00+00:00,384.1549987792969,384.4200134277344,384.1549987792969,384.4200134277344,2826
2026-03-13 14:48:00+00:00,384.614990234375,385.4800109863281,384.614990234375,385.4800109863281,2341
2026-03-13 14:49:00+00:00,385.3399963378906,385.375,384.8005981445313,385.2591857910156,1779
2026-03-13 14:50:00+00:00,385.5199890136719,385.7999877929688,385.3999938964844,385.3999938964844,1688
2026-03-13 14:51:00+00:00,386.0,386.0,385.3999938964844,385.6050109863281,2207
2026-03-13 14:52:00+00:00,384.7699890136719,385.1700134277344,384.5,384.7300109863281,5083
2026-03-13 14:53:00+00:00,385.0,385.1199951171875,384.2000122070313,385.1099853515625,7853
2026-03-13 14:54:00+00:00,385.2349853515625,385.2349853515625,385.2200012207031,385.2200012207031,1933
2026-03-13 14:55:00+00:00,384.385009765625,384.385009765625,383.6499938964844,383.6499938964844,5385
2026-03-13 14:56:00+00:00,383.6300048828125,384.0249938964844,381.6400146484375,381.6950073242188,3900
2026-03-13 14:57:00+00:00,381.6799926757813,382.239990234375,381.6799926757813,381.7000122070313,4994
2026-03-13 14:58:00+00:00,382.0150146484375,382.25,381.5,381.7999877929688,3627
2026-03-13 14:59:00+00:00,382.0,382.7598876953125,381.6199951171875,382.3999938964844,7971
2026-03-13 15:00:00+00:00,382.5,382.5,382.010009765625,382.3800048828125,1388
2026-03-13 15:01:00+00:00,382.1000061035156,382.8298034667969,381.989990234375,382.8298034667969,2721
2026-03-13 15:02:00+00:00,382.260009765625,382.3599853515625,381.80999755859375,382.0199890136719,2815
2026-03-13 15:03:00+00:00,381.7893981933594,383.4491882324219,381.7893981933594,383.4491882324219,4570
2026-03-13 15:04:00+00:00,382.89300537109375,383.1199951171875,382.89300537109375,383.1199951171875,551
2026-03-13 15:05:00+00:00,383.1300048828125,383.4450073242188,382.8399963378906,383.2174987792969,4470
2026-03-13 15:06:00+00:00,383.8699951171875,383.8699951171875,382.9200134277344,383.0,1211
2026-03-13 15:07:00+00:00,383.0899963378906,384.2850036621094,382.9299926757813,384.2850036621094,3555
2026-03-13 15:08:00+00:00,384.80999755859375,385.3450012207031,384.635009765625,385.3450012207031,3252
2026-03-13 15:09:00+00:00,385.739990234375,386.3999938964844,385.739990234375,386.3699951171875,4039
2026-03-13 15:10:00+00:00,386.2000122070313,386.7799987792969,386.010009765625,386.7799987792969,10480
2026-03-13 15:11:00+00:00,386.7799987792969,386.9100036621094,386.4150085449219,386.6600036621094,4030
2026-03-13 15:12:00+00:00,386.9800109863281,387.2999877929688,386.7749938964844,387.1300048828125,6124
2026-03-13 15:13:00+00:00,387.70989990234375,387.70989990234375,386.30999755859375,386.75,2804
2026-03-13 15:14:00+00:00,386.7699890136719,386.7699890136719,386.4500122070313,386.4500122070313,1216
2026-03-13 15:15:00+00:00,386.385009765625,386.385009765625,385.5499877929688,385.635009765625,3601
2026-03-13 15:16:00+00:00,385.0549926757813,385.0549926757813,385.0549926757813,385.0549926757813,732
2026-03-13 15:17:00+00:00,384.3299865722656,385.3250122070313,384.2049865722656,385.3250122070313,8592
2026-03-13 15:18:00+00:00,385.5799865722656,385.8550109863281,385.5750122070313,385.8251037597656,6087
2026-03-13 15:19:00+00:00,386.0400085449219,386.4100036621094,385.18499755859375,385.18499755859375,13174
2026-03-13 15:20:00+00:00,385.1749877929688,385.4249877929688,385.1749877929688,385.4249877929688,705
2026-03-13 15:21:00+00:00,385.5,385.5350036621094,385.4700012207031,385.4700012207031,1570
2026-03-13 15:22:00+00:00,386.0,386.0700073242188,385.6476135253906,385.8550109863281,7128
2026-03-13 15:23:00+00:00,385.5299987792969,385.5299987792969,384.7951049804688,384.7951049804688,5052
2026-03-13 15:24:00+00:00,384.3599853515625,384.4849853515625,383.5150146484375,383.5150146484375,5777
2026-03-13 15:25:00+00:00,383.0,383.5400085449219,382.4599914550781,383.1449890136719,5123
2026-03-13 15:26:00+00:00,382.8299865722656,383.3399963378906,382.6000061035156,382.6000061035156,5026
2026-03-13 15:27:00+00:00,382.8900146484375,383.05999755859375,382.3800048828125,382.9649963378906,2684
2026-03-13 15:28:00+00:00,382.8497009277344,383.2250061035156,382.7799987792969,382.8250122070313,3176
2026-03-13 15:29:00+00:00,383.3198852539063,383.3198852539063,382.9224853515625,382.9224853515625,1867
2026-03-13 15:30:00+00:00,382.9849853515625,383.2900085449219,381.99749755859375,382.0799865722656,10048
2026-03-13 15:31:00+00:00,382.2699890136719,382.6300048828125,382.2699890136719,382.43499755859375,1961
2026-03-13 15:32:00+00:00,382.510009765625,382.5899963378906,382.0000915527344,382.0000915527344,1937
2026-03-13 15:33:00+00:00,382.3200073242188,382.3200073242188,381.2200012207031,381.6099853515625,3985
2026-03-13 15:34:00+00:00,381.2200012207031,382.2099914550781,381.2200012207031,382.0,4051
2026-03-13 15:35:00+00:00,382.0,382.8900146484375,381.7000122070313,382.8900146484375,5154
2026-03-13 15:36:00+00:00,382.6549987792969,382.6549987792969,381.7000122070313,381.7000122070313,1884
2026-03-13 15:37:00+00:00,381.260009765625,381.7349853515625,381.1199951171875,381.7349853515625,2568
2026-03-13 15:38:00+00:00,382.2200012207031,382.2200012207031,382.2200012207031,382.2200012207031,1230
2026-03-13 15:39:00+00:00,382.8999938964844,382.8999938964844,382.8949890136719,382.8949890136719,638
2026-03-13 15:40:00+00:00,382.6700134277344,383.7300109863281,382.6700134277344,383.7200012207031,9142
2026-03-13 15:41:00+00:00,383.2300109863281,383.4450073242188,383.1099853515625,383.1549987792969,3418
2026-03-13 15:42:00+00:00,383.0700073242188,383.0700073242188,382.75,382.8599853515625,7340
2026-03-13 15:43:00+00:00,382.5700073242188,382.5700073242188,381.6000061035156,381.8150024414063,5144
2026-03-13 15:44:00+00:00,382.3989868164063,382.3989868164063,380.8550109863281,381.2799987792969,12716
2026-03-13 15:45:00+00:00,382.010009765625,382.010009765625,382.010009765625,382.010009765625,1219
2026-03-13 15:46:00+00:00,382.010009765625,382.0150146484375,381.5700073242188,381.8999938964844,2882
2026-03-13 15:47:00+00:00,382.0650024414063,384.1300048828125,382.0650024414063,384.05999755859375,6056
2026-03-13 15:48:00+00:00,383.739990234375,384.1099853515625,383.3200073242188,384.0899963378906,6293
2026-03-13 15:49:00+00:00,383.4599914550781,383.4599914550781,382.9200134277344,382.9200134277344,3779
2026-03-13 15:50:00+00:00,382.6449890136719,383.0199890136719,382.3450012207031,382.7349853515625,5999
2026-03-13 15:51:00+00:00,382.6000061035156,382.6000061035156,382.0,382.0950012207031,1688
2026-03-13 15:52:00+00:00,382.1799926757813,382.5499877929688,381.3786010742188,381.93499755859375,6603
2026-03-13 15:53:00+00:00,381.9299926757813,382.0150146484375,381.6749877929688,381.6749877929688,810
2026-03-13 15:54:00+00:00,382.30999755859375,382.30999755859375,381.75,382.2449951171875,1868
2026-03-13 15:55:00+00:00,382.260009765625,382.260009765625,382.2099914550781,382.25,1858
2026-03-13 15:56:00+00:00,382.2550048828125,382.3999938964844,381.6799926757813,382.2950134277344,4797
2026-03-13 15:57:00+00:00,382.6900024414063,382.739990234375,382.5450134277344,382.5450134277344,2320
2026-03-13 15:58:00+00:00,382.489990234375,382.489990234375,382.3500061035156,382.3500061035156,2022
2026-03-13 16:00:00+00:00,382.8999938964844,383.2000122070313,382.8999938964844,383.2000122070313,1769
2026-03-13 16:01:00+00:00,383.0650024414063,383.6000061035156,382.5199890136719,383.6000061035156,2605
2026-03-13 16:02:00+00:00,383.4249877929688,383.7999877929688,383.4175109863281,383.510009765625,5691
2026-03-13 16:03:00+00:00,383.4500122070313,384.260009765625,383.05999755859375,384.0799865722656,3409
2026-03-13 16:04:00+00:00,384.1000061035156,384.3399963378906,384.0899963378906,384.0899963378906,3042
2026-03-13 16:05:00+00:00,383.7200012207031,383.739990234375,383.4599914550781,383.6300048828125,2474
2026-03-13 16:06:00+00:00,383.5799865722656,383.7049865722656,383.5799865722656,383.7049865722656,1821
2026-03-13 16:07:00+00:00,383.75,384.2099914550781,383.75,384.1076049804688,2065
2026-03-13 16:08:00+00:00,384.3996887207031,384.5299072265625,384.0150146484375,384.3599853515625,2310
2026-03-13 16:09:00+00:00,383.7301025390625,384.1300048828125,383.7301025390625,384.1300048828125,1704
2026-03-13 16:10:00+00:00,384.5199890136719,384.5299987792969,384.2999877929688,384.3900146484375,2126
2026-03-13 16:11:00+00:00,384.3900146484375,384.5700073242188,383.8999938964844,384.0,5928
2026-03-13 16:12:00+00:00,384.0,384.3800048828125,384.0,384.3800048828125,2444
2026-03-13 16:13:00+00:00,383.5,383.5,382.5,382.7300109863281,4008
2026-03-13 16:14:00+00:00,382.55999755859375,382.55999755859375,382.53509521484375,382.53509521484375,1213
2026-03-13 16:15:00+00:00,382.9649963378906,383.2099914550781,382.9649963378906,383.2099914550781,1336
2026-03-13 16:16:00+00:00,382.4150085449219,382.4150085449219,382.0,382.0300903320313,1318
2026-03-13 16:17:00+00:00,382.260009765625,382.260009765625,382.260009765625,382.260009765625,674
2026-03-13 16:18:00+00:00,382.0849914550781,382.0849914550781,382.0750122070313,382.0750122070313,984
2026-03-13 16:20:00+00:00,382.5,382.510009765625,382.25,382.4700012207031,2591
2026-03-13 16:22:00+00:00,383.5,383.5499877929688,383.5,383.5050048828125,1749
2026-03-13 16:23:00+00:00,384.0,384.8577880859375,383.2000122070313,384.4649963378906,8513
2026-03-13 16:24:00+00:00,384.2749938964844,384.4649963378906,383.5799865722656,383.8999938964844,6407
2026-03-13 16:25:00+00:00,383.8999938964844,383.8999938964844,383.5,383.625,1593
2026-03-13 16:26:00+00:00,383.2099914550781,383.4645080566406,383.2099914550781,383.4645080566406,1058
2026-03-13 16:27:00+00:00,383.2200012207031,383.2200012207031,383.2200012207031,383.2200012207031,1942
2026-03-13 16:28:00+00:00,383.4649963378906,383.7739868164063,383.4649963378906,383.7739868164063,1938
2026-03-13 16:30:00+00:00,383.3399963378906,383.3399963378906,383.1000061035156,383.1300048828125,2267
2026-03-13 16:31:00+00:00,383.760009765625,383.760009765625,383.681396484375,383.681396484375,815
2026-03-13 16:32:00+00:00,384.1000061035156,384.5499877929688,383.9599914550781,384.5499877929688,2885
2026-03-13 16:33:00+00:00,384.5499877929688,384.5499877929688,384.489990234375,384.510009765625,1818
2026-03-13 16:34:00+00:00,384.3800048828125,384.3800048828125,383.9800109863281,384.3349914550781,2690
2026-03-13 16:35:00+00:00,384.2770080566406,385.510009765625,384.2770080566406,384.9649963378906,6808
2026-03-13 16:36:00+00:00,384.5400085449219,386.7650146484375,384.5400085449219,386.7650146484375,3091
2026-03-13 16:37:00+00:00,386.7650146484375,386.7650146484375,386.3800048828125,386.625,7407
2026-03-13 16:38:00+00:00,386.9400024414063,387.1000061035156,386.6900024414063,386.7999877929688,5108
2026-03-13 16:39:00+00:00,386.5,386.7250061035156,385.8880920410156,386.1336975097656,4066
2026-03-13 16:40:00+00:00,386.30999755859375,387.0799865722656,386.2000122070313,387.0799865722656,4567
2026-03-13 16:41:00+00:00,386.75,387.1099853515625,386.75,387.1099853515625,2956
2026-03-13 16:42:00+00:00,387.3399963378906,388.3500061035156,387.3399963378906,388.3500061035156,4057
2026-03-13 16:43:00+00:00,387.2524108886719,388.4949951171875,387.2524108886719,388.4949951171875,3286
2026-03-13 16:44:00+00:00,388.739990234375,388.739990234375,387.9500122070313,388.0,5145
2026-03-13 16:45:00+00:00,387.7699890136719,388.1965026855469,387.55999755859375,387.9100036621094,3386
2026-03-13 16:46:00+00:00,387.7900085449219,387.885009765625,387.5,387.6650085449219,7360
2026-03-13 16:47:00+00:00,387.614990234375,387.91400146484375,387.2200012207031,387.91400146484375,9607
2026-03-13 16:48:00+00:00,387.8299865722656,388.260009765625,387.3399963378906,387.4200134277344,12808
2026-03-13 16:49:00+00:00,387.3900146484375,387.7900085449219,387.3349914550781,387.6700134277344,6212
2026-03-13 16:50:00+00:00,387.1700134277344,388.1600036621094,387.1700134277344,387.8049926757813,4028
2026-03-13 16:51:00+00:00,388.6600036621094,388.8049926757813,388.6000061035156,388.6400146484375,5547
2026-03-13 16:52:00+00:00,388.875,389.4314880371094,388.5801086425781,388.6499938964844,8600
2026-03-13 16:53:00+00:00,388.9505004882813,388.9505004882813,388.4400024414063,388.4400024414063,3553
2026-03-13 16:54:00+00:00,388.6600036621094,388.6700134277344,388.2702941894531,388.2702941894531,4536
2026-03-13 16:55:00+00:00,388.2799987792969,388.5249938964844,388.1799926757813,388.1799926757813,4593
2026-03-13 16:56:00+00:00,387.9450073242188,387.9450073242188,387.5299987792969,387.5499877929688,4200
2026-03-13 16:57:00+00:00,387.4200134277344,387.9500122070313,387.4200134277344,387.9500122070313,2870
2026-03-13 16:58:00+00:00,387.7049865722656,388.0799865722656,387.072509765625,387.4849853515625,6754
2026-03-13 16:59:00+00:00,387.1900024414063,387.7799072265625,387.1900024414063,387.7799072265625,1726
2026-03-13 17:00:00+00:00,387.05999755859375,387.05999755859375,386.4679870605469,386.7250061035156,5271
2026-03-13 17:01:00+00:00,386.739990234375,386.739990234375,386.5400085449219,386.5700073242188,1366
2026-03-13 17:02:00+00:00,386.3599853515625,387.0150146484375,386.1400146484375,387.0150146484375,6200
2026-03-13 17:03:00+00:00,387.0050048828125,387.0050048828125,386.8900146484375,386.8999938964844,6645
2026-03-13 17:04:00+00:00,387.0450134277344,387.5299987792969,386.54010009765625,387.5299987792969,5171
2026-03-13 17:05:00+00:00,388.1199951171875,388.1199951171875,388.1199951171875,388.1199951171875,1306
2026-03-13 17:06:00+00:00,387.8949890136719,388.0,387.4200134277344,387.4200134277344,5067
2026-03-13 17:07:00+00:00,387.489990234375,387.4949951171875,387.0899963378906,387.4949951171875,2604
2026-03-13 17:08:00+00:00,387.5799865722656,387.9450073242188,387.5799865722656,387.7250061035156,2613
2026-03-13 17:09:00+00:00,387.8450012207031,387.8450012207031,387.3599853515625,387.7300109863281,2435
2026-03-13 17:10:00+00:00,387.0700073242188,387.4299926757813,386.8001098632813,387.4299926757813,3965
2026-03-13 17:11:00+00:00,387.5549926757813,387.6900024414063,386.8900146484375,387.1950073242188,4586
2026-03-13 17:12:00+00:00,387.6900024414063,388.25628662109375,387.6900024414063,388.25628662109375,2100
2026-03-13 17:13:00+00:00,388.0,388.0,387.989990234375,387.989990234375,4049
2026-03-13 17:14:00+00:00,388.30999755859375,388.6836853027344,388.2419128417969,388.5,2000
2026-03-13 17:15:00+00:00,389.1795043945313,389.1795043945313,388.4599914550781,388.4599914550781,1520
2026-03-13 17:16:00+00:00,388.9750061035156,389.5979919433594,388.7900085449219,389.239990234375,1929
2026-03-13 17:17:00+00:00,389.0450134277344,389.0450134277344,388.6449890136719,388.6449890136719,2033
2026-03-13 17:18:00+00:00,388.4800109863281,388.5750122070313,387.7950134277344,388.3599853515625,5028
2026-03-13 17:19:00+00:00,388.0350036621094,388.8500061035156,388.0350036621094,388.7049865722656,2591
2026-03-13 17:20:00+00:00,388.5450134277344,388.5450134277344,388.5450134277344,388.5450134277344,327
2026-03-13 17:21:00+00:00,388.5750122070313,388.5750122070313,388.5750122070313,388.5750122070313,1635
2026-03-13 17:22:00+00:00,388.5,389.08990478515625,388.0400085449219,388.0400085449219,7566
2026-03-13 17:23:00+00:00,388.0400085449219,388.2999877929688,387.9200134277344,388.2900085449219,3124
2026-03-13 17:24:00+00:00,388.3999938964844,389.0,388.3999938964844,389.0,1144
2026-03-13 17:25:00+00:00,388.5,388.5,388.3699951171875,388.5,1455
2026-03-13 17:26:00+00:00,388.6499938964844,388.6499938964844,388.6499938964844,388.6499938964844,734
2026-03-13 17:27:00+00:00,388.30999755859375,388.5750122070313,388.2999877929688,388.375,2895
2026-03-13 17:28:00+00:00,388.6749877929688,388.6749877929688,388.6749877929688,388.6749877929688,525
2026-03-13 17:29:00+00:00,388.6950073242188,389.0199890136719,388.6950073242188,388.7149963378906,2169
2026-03-13 17:30:00+00:00,388.2900085449219,388.2900085449219,387.9400024414063,387.9400024414063,2414
2026-03-13 17:31:00+00:00,387.8500061035156,388.0,387.8500061035156,388.0,941
2026-03-13 17:32:00+00:00,388.0390930175781,388.0390930175781,388.0390930175781,388.0390930175781,666
2026-03-13 17:33:00+00:00,387.6499938964844,387.6700134277344,387.5700073242188,387.5799865722656,2163
2026-03-13 17:34:00+00:00,387.55999755859375,387.55999755859375,387.55999755859375,387.55999755859375,758
2026-03-13 17:35:00+00:00,387.510009765625,387.510009765625,387.510009765625,387.510009765625,555
2026-03-13 17:36:00+00:00,387.4450073242188,387.760009765625,387.4450073242188,387.760009765625,1782
2026-03-13 17:37:00+00:00,387.625,387.909912109375,387.625,387.80999755859375,1036
2026-03-13 17:38:00+00:00,387.7300109863281,387.7300109863281,387.7300109863281,387.7300109863281,708
2026-03-13 17:39:00+00:00,387.7300109863281,387.7300109863281,387.7051086425781,387.7051086425781,583
2026-03-13 17:40:00+00:00,387.7900085449219,388.2550048828125,387.7900085449219,388.0849914550781,3853
2026-03-13 17:41:00+00:00,388.1050109863281,388.1050109863281,387.3999938964844,387.625,3918
2026-03-13 17:42:00+00:00,387.3500061035156,387.3500061035156,387.1199951171875,387.1199951171875,1351
2026-03-13 17:44:00+00:00,387.739990234375,387.739990234375,387.3609924316406,387.3609924316406,1556
2026-03-13 17:45:00+00:00,388.0199890136719,388.16119384765625,387.760009765625,387.760009765625,1129
2026-03-13 17:46:00+00:00,387.7000122070313,387.739990234375,387.3800964355469,387.3800964355469,2297
2026-03-13 17:47:00+00:00,387.7199096679688,387.7199096679688,387.2250061035156,387.2250061035156,614
2026-03-13 17:48:00+00:00,387.2699890136719,387.2699890136719,387.1820068359375,387.2699890136719,750
2026-03-13 17:49:00+00:00,386.8399963378906,386.8500061035156,386.739990234375,386.739990234375,3809
2026-03-13 17:50:00+00:00,386.4200134277344,386.4200134277344,386.4200134277344,386.4200134277344,446
2026-03-13 17:51:00+00:00,386.1799926757813,386.4549865722656,386.1600036621094,386.4500122070313,2745
2026-03-13 17:52:00+00:00,386.05999755859375,386.1499938964844,386.05999755859375,386.1499938964844,2013
2026-03-13 17:53:00+00:00,386.4599914550781,386.6799926757813,386.1824951171875,386.6799926757813,2275
2026-03-13 17:54:00+00:00,386.5499877929688,386.5499877929688,386.5499877929688,386.5499877929688,1012
2026-03-13 17:56:00+00:00,386.9599914550781,386.9599914550781,386.9599914550781,386.9599914550781,2580
2026-03-13 17:59:00+00:00,385.9400024414063,386.1499938964844,385.885009765625,386.1499938964844,2906
2026-03-13 18:00:00+00:00,385.6300048828125,386.0799865722656,385.6300048828125,385.9649963378906,9118
2026-03-13 18:01:00+00:00,386.30999755859375,386.30999755859375,385.4153137207031,385.4153137207031,1465
2026-03-13 18:02:00+00:00,386.2998962402344,386.7298889160156,386.0299987792969,386.7298889160156,4306
2026-03-13 18:03:00+00:00,386.6300048828125,386.6300048828125,386.5849914550781,386.5851135253906,2822
2026-03-13 18:04:00+00:00,387.05999755859375,387.05999755859375,387.05999755859375,387.05999755859375,1076
2026-03-13 18:05:00+00:00,386.75,386.989990234375,386.5700073242188,386.760009765625,11975
2026-03-13 18:06:00+00:00,386.7049865722656,386.7049865722656,386.7049865722656,386.7049865722656,524
2026-03-13 18:07:00+00:00,386.8550109863281,386.8550109863281,386.25,386.5625,2115
2026-03-13 18:08:00+00:00,386.2799987792969,386.2799987792969,386.2799987792969,386.2799987792969,794
2026-03-13 18:09:00+00:00,386.0199890136719,386.135009765625,385.9249877929688,386.135009765625,1222
2026-03-13 18:10:00+00:00,386.4599914550781,386.7149963378906,386.4599914550781,386.6700134277344,2138
2026-03-13 18:11:00+00:00,386.6700134277344,387.05999755859375,386.6700134277344,387.05999755859375,1156
2026-03-13 18:12:00+00:00,386.8955078125,387.0199890136719,386.5199890136719,386.6099853515625,3887
2026-03-13 18:13:00+00:00,386.9700012207031,386.9700012207031,386.614990234375,386.614990234375,644
2026-03-13 18:14:00+00:00,386.6400146484375,386.6900024414063,386.6400146484375,386.6900024414063,1563
2026-03-13 18:15:00+00:00,386.9599914550781,387.1950073242188,386.9599914550781,387.1900024414063,2964
2026-03-13 18:16:00+00:00,387.4700012207031,387.4700012207031,387.364990234375,387.364990234375,1059
2026-03-13 18:17:00+00:00,387.5527038574219,387.7200012207031,387.3500061035156,387.3500061035156,1770
2026-03-13 18:18:00+00:00,387.55999755859375,387.8200073242188,387.2999877929688,387.2999877929688,3836
2026-03-13 18:19:00+00:00,387.0350036621094,387.0350036621094,386.9284973144531,387.0,1166
2026-03-13 18:20:00+00:00,387.0050964355469,387.0050964355469,386.7850036621094,386.7850036621094,2641
2026-03-13 18:21:00+00:00,386.7799987792969,386.7799987792969,386.2250061035156,386.2250061035156,2419
2026-03-13 18:22:00+00:00,386.5400085449219,386.5400085449219,386.5400085449219,386.5400085449219,822
2026-03-13 18:24:00+00:00,385.8599853515625,386.2300109863281,385.8599853515625,386.1099853515625,2192
2026-03-13 18:25:00+00:00,386.5400085449219,386.5400085449219,386.2799987792969,386.2799987792969,674
2026-03-13 18:26:00+00:00,386.0899963378906,386.125,386.0487060546875,386.125,966
2026-03-13 18:27:00+00:00,386.05999755859375,386.05999755859375,385.55999755859375,385.55999755859375,1428
2026-03-13 18:28:00+00:00,385.7449951171875,385.7449951171875,385.6878051757813,385.6878051757813,718
2026-03-13 18:29:00+00:00,385.989990234375,386.5150146484375,385.989990234375,386.43499755859375,4624
2026-03-13 18:30:00+00:00,386.349609375,386.989990234375,386.349609375,386.989990234375,3423
2026-03-13 18:31:00+00:00,386.8900146484375,387.1700134277344,386.8900146484375,387.1700134277344,916
2026-03-13 18:32:00+00:00,387.1700134277344,387.3349914550781,387.1700134277344,387.3349914550781,1932
2026-03-13 18:33:00+00:00,387.9800109863281,387.9800109863281,387.4750061035156,387.4750061035156,764
2026-03-13 18:34:00+00:00,387.2950134277344,388.0,387.1499938964844,387.7900085449219,3850
2026-03-13 18:35:00+00:00,387.4901123046875,387.6400146484375,387.4100036621094,387.6400146484375,2021
2026-03-13 18:36:00+00:00,387.6400146484375,387.875,387.6400146484375,387.875,1965
2026-03-13 18:37:00+00:00,387.5899963378906,387.5899963378906,387.2300109863281,387.2799987792969,2941
2026-03-13 18:38:00+00:00,387.1492004394531,387.3500061035156,387.1492004394531,387.3500061035156,1443
2026-03-13 18:39:00+00:00,387.4700927734375,387.489990234375,387.4700012207031,387.489990234375,1347
2026-03-13 18:40:00+00:00,387.4273986816406,387.489990234375,387.1799926757813,387.489990234375,795
2026-03-13 18:41:00+00:00,387.6400146484375,387.8399963378906,387.6400146484375,387.8399963378906,2491
2026-03-13 18:42:00+00:00,387.5700073242188,387.5700073242188,387.5588989257813,387.5700073242188,994
2026-03-13 18:43:00+00:00,387.5499877929688,387.7900085449219,387.5,387.7900085449219,4874
2026-03-13 18:44:00+00:00,388.0,388.1199951171875,388.0,388.0299987792969,2751
2026-03-13 18:45:00+00:00,388.0499877929688,388.0499877929688,387.7146911621094,387.7146911621094,1218
2026-03-13 18:46:00+00:00,387.6000061035156,387.7749938964844,387.6000061035156,387.7749938964844,1201
2026-03-13 18:47:00+00:00,388.1000061035156,388.1000061035156,387.8550109863281,387.8550109863281,1895
2026-03-13 18:48:00+00:00,388.0,388.2099914550781,387.7250061035156,388.1549987792969,5935
2026-03-13 18:49:00+00:00,388.0,388.4898986816406,387.9999084472656,388.2799987792969,10482
2026-03-13 18:50:00+00:00,388.2000122070313,388.2900085449219,388.05999755859375,388.2850036621094,3906
2026-03-13 18:51:00+00:00,388.3999938964844,388.5899963378906,388.239990234375,388.239990234375,4268
2026-03-13 18:52:00+00:00,388.2799987792969,388.6499938964844,388.1799926757813,388.4700012207031,3135
2026-03-13 18:53:00+00:00,388.5499877929688,388.6369018554688,388.4599914550781,388.4599914550781,2025
2026-03-13 18:54:00+00:00,388.4509887695313,388.4509887695313,388.3900146484375,388.3900146484375,1894
2026-03-13 18:55:00+00:00,388.3500061035156,388.4299926757813,388.2999877929688,388.4299926757813,1078
2026-03-13 18:56:00+00:00,388.3923034667969,388.5398864746094,388.1799926757813,388.1799926757813,2514
2026-03-13 18:57:00+00:00,388.0950012207031,388.4700012207031,388.0950012207031,388.4450073242188,3821
2026-03-13 18:58:00+00:00,388.4200134277344,388.4200134277344,387.75,388.2699890136719,6465
2026-03-13 18:59:00+00:00,388.4400024414063,388.5650024414063,388.2099914550781,388.2099914550781,3598
2026-03-13 19:00:00+00:00,387.9500122070313,388.6199951171875,387.9500122070313,388.2449951171875,5289
2026-03-13 19:01:00+00:00,388.2349853515625,388.2349853515625,388.2349853515625,388.2349853515625,2337
2026-03-13 19:02:00+00:00,388.0,388.2300109863281,387.30999755859375,387.489990234375,4931
2026-03-13 19:03:00+00:00,387.0801086425781,387.2999877929688,386.7824096679688,386.7824096679688,6014
2026-03-13 19:04:00+00:00,386.7499084472656,386.7499084472656,386.4700012207031,386.489990234375,2285
2026-03-13 19:05:00+00:00,386.489990234375,387.409912109375,386.489990234375,387.1950073242188,3607
2026-03-13 19:06:00+00:00,387.3999938964844,387.6700134277344,387.3999938964844,387.6700134277344,1501
2026-03-13 19:07:00+00:00,386.8301086425781,387.2999877929688,386.8301086425781,387.2999877929688,3248
2026-03-13 19:08:00+00:00,387.3299865722656,387.9649963378906,387.3299865722656,387.5299987792969,3168
2026-03-13 19:09:00+00:00,387.5,387.5,387.4299926757813,387.4299926757813,1864
2026-03-13 19:10:00+00:00,387.0400085449219,387.0400085449219,385.6650085449219,386.7000122070313,13505
2026-03-13 19:11:00+00:00,386.3999938964844,386.3999938964844,386.239990234375,386.239990234375,2092
2026-03-13 19:12:00+00:00,386.0799865722656,386.0799865722656,386.0799865722656,386.0799865722656,1963
2026-03-13 19:13:00+00:00,386.0700073242188,386.1799926757813,385.510009765625,385.5400085449219,2722
2026-03-13 19:14:00+00:00,385.3200073242188,385.385009765625,385.0,385.0,6982
2026-03-13 19:15:00+00:00,385.1050109863281,385.5400085449219,385.0050964355469,385.3251037597656,4704
2026-03-13 19:16:00+00:00,385.2699890136719,385.4299926757813,385.0799865722656,385.1000061035156,2309
2026-03-13 19:17:00+00:00,384.8049926757813,385.1300048828125,384.8049926757813,385.010009765625,3373
2026-03-13 19:18:00+00:00,384.55999755859375,385.3349914550781,384.55999755859375,385.2250061035156,2829
2026-03-13 19:19:00+00:00,385.2250061035156,385.4049987792969,385.1499938964844,385.1499938964844,4152
2026-03-13 19:20:00+00:00,384.8599853515625,384.8999938964844,384.7200012207031,384.7200012207031,2180
2026-03-13 19:21:00+00:00,384.1600036621094,384.1600036621094,383.80999755859375,383.8500061035156,2590
2026-03-13 19:22:00+00:00,383.8200073242188,383.8299865722656,383.1199951171875,383.1199951171875,1821
2026-03-13 19:23:00+00:00,383.05999755859375,383.4549865722656,383.05999755859375,383.4549865722656,1931
2026-03-13 19:24:00+00:00,383.239990234375,383.9500122070313,383.2200012207031,383.7699890136719,4272
2026-03-13 19:25:00+00:00,383.5,383.5,383.3200073242188,383.3200073242188,1166
2026-03-13 19:26:00+00:00,383.6099853515625,383.760009765625,383.260009765625,383.760009765625,1503
2026-03-13 19:27:00+00:00,383.6600036621094,383.8900146484375,383.6600036621094,383.8900146484375,2643
2026-03-13 19:28:00+00:00,383.6799926757813,383.7550048828125,383.6799926757813,383.7550048828125,1351
2026-03-13 19:29:00+00:00,383.739990234375,383.9078063964844,383.510009765625,383.6700134277344,2831
2026-03-13 19:30:00+00:00,383.7300109863281,384.2300109863281,383.6300048828125,384.2300109863281,5583
2026-03-13 19:31:00+00:00,384.3699951171875,384.69189453125,384.3699951171875,384.69189453125,1512
2026-03-13 19:32:00+00:00,384.4400024414063,384.6199951171875,384.0899963378906,384.0899963378906,5380
2026-03-13 19:33:00+00:00,383.9800109863281,384.0650024414063,383.489990234375,383.7250061035156,4929
2026-03-13 19:34:00+00:00,383.5400085449219,383.8699951171875,383.4299926757813,383.6099853515625,17287
2026-03-13 19:35:00+00:00,383.5863952636719,383.5863952636719,383.0,383.1700134277344,4463
2026-03-13 19:36:00+00:00,382.7099914550781,383.0499877929688,382.4700012207031,382.6400146484375,8312
2026-03-13 19:38:00+00:00,382.885009765625,383.0,382.6900024414063,382.6900024414063,3246
2026-03-13 19:39:00+00:00,382.6700134277344,382.75,382.4299926757813,382.5950012207031,2531
2026-03-13 19:40:00+00:00,382.5799865722656,382.7000122070313,382.3200073242188,382.7000122070313,2901
2026-03-13 19:41:00+00:00,382.2950134277344,382.9599914550781,382.2950134277344,382.8599853515625,6529
2026-03-13 19:42:00+00:00,382.7900085449219,382.7900085449219,382.6749877929688,382.7799987792969,1332
2026-03-13 19:43:00+00:00,382.6499938964844,382.7799987792969,382.5,382.7799987792969,3641
2026-03-13 19:44:00+00:00,382.7301025390625,383.05999755859375,382.7301025390625,382.9400024414063,4667
2026-03-13 19:45:00+00:00,382.93499755859375,382.93499755859375,382.2900085449219,382.4249877929688,4513
2026-03-13 19:46:00+00:00,382.4150085449219,382.4150085449219,381.9299926757813,381.9299926757813,2963
2026-03-13 19:47:00+00:00,382.1000061035156,382.739990234375,382.1000061035156,382.739990234375,8591
2026-03-13 19:49:00+00:00,382.88720703125,382.88720703125,382.760009765625,382.7900085449219,2689
2026-03-13 19:50:00+00:00,382.6000061035156,382.7900085449219,382.2799987792969,382.4649963378906,4887
2026-03-13 19:51:00+00:00,382.3200073242188,382.3699951171875,381.989990234375,382.1600036621094,6301
2026-03-13 19:52:00+00:00,382.1600036621094,382.5299987792969,382.1600036621094,382.2049865722656,9816
2026-03-13 19:53:00+00:00,382.5199890136719,382.7850036621094,382.4049987792969,382.7850036621094,5343
2026-03-13 19:54:00+00:00,382.6449890136719,383.05999755859375,382.260009765625,382.260009765625,12484
2026-03-13 19:55:00+00:00,382.3500061035156,382.4800109863281,382.0199890136719,382.4599914550781,10304
2026-03-13 19:56:00+00:00,382.4599914550781,383.4750061035156,382.4599914550781,383.2999877929688,17357
2026-03-13 19:57:00+00:00,383.3399963378906,383.75,383.3399963378906,383.6400146484375,14978
2026-03-13 19:58:00+00:00,383.5799865722656,383.7300109863281,383.5,383.6650085449219,321711
2026-03-13 19:59:00+00:00,383.7300109863281,383.8299865722656,383.6199951171875,383.8299865722656,46061
2026-03-16 13:30:00+00:00,398.0,407.6199951171875,397.0,405.15570068359375,125053
2026-03-16 13:31:00+00:00,405.7999877929688,406.9700012207031,403.4574890136719,406.7239990234375,21633
2026-03-16 13:32:00+00:00,406.3900146484375,407.5,405.0101013183594,405.0159912109375,21398
2026-03-16 13:33:00+00:00,405.5,406.739990234375,404.1300964355469,405.8299865722656,10049
2026-03-16 13:34:00+00:00,406.0249938964844,406.4949951171875,404.2760009765625,404.9599914550781,13553
2026-03-16 13:35:00+00:00,404.9599914550781,407.3800048828125,404.7720947265625,406.5499877929688,10467
2026-03-16 13:36:00+00:00,407.5,407.5,405.0799865722656,405.5,100152
2026-03-16 13:37:00+00:00,405.8699951171875,406.0,404.75,404.75,0
2026-03-16 13:38:00+00:00,405.25,405.9999084472656,404.2300109863281,404.489990234375,17524
2026-03-16 13:39:00+00:00,404.5950012207031,406.8200073242188,404.5700073242188,406.6600036621094,9752
2026-03-16 13:40:00+00:00,405.7000122070313,406.9999084472656,405.6709899902344,405.9367980957031,9352
2026-03-16 13:41:00+00:00,407.0,407.5,406.18499755859375,407.1300048828125,8255
2026-03-16 13:42:00+00:00,406.9400024414063,408.1099853515625,406.8999938964844,407.4500122070313,11542
2026-03-16 13:43:00+00:00,406.989990234375,407.989990234375,406.6499938964844,407.0199890136719,5248
2026-03-16 13:44:00+00:00,407.260009765625,410.4400024414063,407.260009765625,409.7000122070313,25291
2026-03-16 13:45:00+00:00,409.7000122070313,410.489990234375,408.5700073242188,408.5700073242188,14295
2026-03-16 13:46:00+00:00,408.6900024414063,408.8599853515625,407.3301086425781,408.0799865722656,10819
2026-03-16 13:47:00+00:00,408.2250061035156,409.9599914550781,407.61041259765625,409.6300048828125,11640
2026-03-16 13:48:00+00:00,409.2300109863281,409.30999755859375,407.510009765625,407.510009765625,6210
2026-03-16 13:49:00+00:00,407.7349853515625,407.9700012207031,406.7300109863281,407.1799926757813,6627
2026-03-16 13:50:00+00:00,407.1950073242188,409.2200012207031,406.2300109863281,409.0150146484375,16328
2026-03-16 13:51:00+00:00,409.0150146484375,410.0,408.510009765625,409.7449951171875,19499
2026-03-16 13:52:00+00:00,409.9700012207031,410.7999877929688,409.010009765625,410.0,24673
2026-03-16 13:53:00+00:00,410.0,410.3349914550781,409.1200866699219,410.3349914550781,9830
2026-03-16 13:54:00+00:00,410.6600036621094,410.6759948730469,408.7799987792969,409.3299865722656,10899
2026-03-16 13:55:00+00:00,409.3999938964844,410.75,409.3299865722656,410.05999755859375,17807
2026-03-16 13:56:00+00:00,409.7200012207031,410.3250122070313,409.6900024414063,410.3200073242188,6768
2026-03-16 13:57:00+00:00,410.6799926757813,410.6900024414063,409.0300903320313,409.55999755859375,17956
2026-03-16 13:58:00+00:00,409.4859924316406,409.6900024414063,409.4859924316406,409.6900024414063,1662
2026-03-16 13:59:00+00:00,409.7200012207031,409.989990234375,409.1199951171875,409.5299987792969,11838
2026-03-16 14:00:00+00:00,409.8200073242188,409.8200073242188,408.0,408.6549987792969,30511
2026-03-16 14:01:00+00:00,408.6549987792969,409.7999877929688,408.6549987792969,409.7049865722656,5633
2026-03-16 14:02:00+00:00,409.5,409.7049865722656,408.2200012207031,408.5400085449219,15586
2026-03-16 14:03:00+00:00,408.2699890136719,408.989990234375,408.0299987792969,408.2200012207031,4262
2026-03-16 14:04:00+00:00,409.1199951171875,410.0,409.1199951171875,409.5899963378906,10616
2026-03-16 14:05:00+00:00,409.5799865722656,410.3550109863281,409.3049926757813,409.3049926757813,16209
2026-03-16 14:06:00+00:00,409.4574890136719,410.0199890136719,409.3049926757813,410.0199890136719,5184
2026-03-16 14:07:00+00:00,409.739990234375,409.9898986816406,409.6000061035156,409.9898986816406,4916
2026-03-16 14:08:00+00:00,409.55999755859375,409.8200073242188,409.2099914550781,409.5,7467
2026-03-16 14:09:00+00:00,408.2699890136719,408.2699890136719,406.6148986816406,407.2699890136719,9573
2026-03-16 14:10:00+00:00,407.489990234375,407.7799987792969,407.489990234375,407.7799987792969,3460
2026-03-16 14:11:00+00:00,408.0799865722656,408.64990234375,407.8250122070313,407.8250122070313,3645
2026-03-16 14:12:00+00:00,408.2152099609375,408.2152099609375,407.4750061035156,407.4750061035156,2963
2026-03-16 14:13:00+00:00,407.6400146484375,408.64990234375,407.0592041015625,408.0400085449219,6259
2026-03-16 14:14:00+00:00,408.2319946289063,408.2319946289063,407.3299865722656,407.3999938964844,224297
2026-03-16 14:15:00+00:00,407.4049987792969,407.7799987792969,407.0,407.7799987792969,5163
2026-03-16 14:16:00+00:00,407.4335021972656,408.239990234375,407.4335021972656,408.2041931152344,0
2026-03-16 14:17:00+00:00,408.4849853515625,408.4849853515625,406.6900024414063,407.1401062011719,14116
2026-03-16 14:18:00+00:00,407.5499877929688,408.1600036621094,407.4500122070313,408.1600036621094,5890
2026-03-16 14:19:00+00:00,407.7950134277344,407.7950134277344,406.3800048828125,406.6000061035156,6353
2026-03-16 14:20:00+00:00,406.57080078125,407.5400085449219,406.4700012207031,407.2999877929688,7302
2026-03-16 14:21:00+00:00,407.364990234375,408.1578063964844,407.3250122070313,408.1578063964844,6975
2026-03-16 14:22:00+00:00,407.7099914550781,407.7699890136719,407.1600036621094,407.1600036621094,3529
2026-03-16 14:23:00+00:00,407.4200134277344,407.5150146484375,407.0199890136719,407.0199890136719,2649
2026-03-16 14:24:00+00:00,407.2550048828125,407.8721923828125,407.2550048828125,407.5,4203
2026-03-16 14:25:00+00:00,407.1600036621094,407.2900085449219,406.3299865722656,406.5499877929688,5511
2026-03-16 14:26:00+00:00,406.9150085449219,406.9150085449219,406.3299865722656,406.3299865722656,2081
2026-03-16 14:27:00+00:00,406.8550109863281,406.8550109863281,406.5,406.5,2556
2026-03-16 14:28:00+00:00,406.6329040527344,406.6329040527344,405.8900146484375,406.0549926757813,2496
2026-03-16 14:29:00+00:00,405.6400146484375,406.05999755859375,404.9200134277344,404.9800109863281,20168
2026-03-16 14:30:00+00:00,404.8900146484375,405.1650085449219,404.5499877929688,405.0,5384
2026-03-16 14:31:00+00:00,405.2999877929688,405.9599914550781,405.0899963378906,405.0899963378906,5949
2026-03-16 14:32:00+00:00,405.3575134277344,405.3575134277344,403.2300109863281,404.1700134277344,269739
2026-03-16 14:33:00+00:00,404.4700012207031,405.0700073242188,404.4700012207031,404.5549926757813,0
2026-03-16 14:34:00+00:00,404.5,405.4400024414063,404.3800048828125,404.989990234375,4621
2026-03-16 14:35:00+00:00,404.2999877929688,405.2699890136719,404.1700134277344,404.1700134277344,6312
2026-03-16 14:36:00+00:00,403.7900085449219,404.0249938964844,403.760009765625,403.8949890136719,5434
2026-03-16 14:37:00+00:00,404.2300109863281,404.2900085449219,402.7799987792969,402.8150024414063,4583
2026-03-16 14:38:00+00:00,402.80999755859375,403.3399963378906,402.0,402.1050109863281,8557
2026-03-16 14:39:00+00:00,402.1700134277344,402.239990234375,401.9500122070313,402.0950012207031,5192
2026-03-16 14:40:00+00:00,401.7200012207031,402.0,401.5899963378906,401.5899963378906,3164
2026-03-16 14:41:00+00:00,401.6000061035156,401.9576110839844,401.0899963378906,401.9576110839844,6872
2026-03-16 14:42:00+00:00,402.0,402.2925109863281,402.0,402.0299987792969,284830
2026-03-16 14:43:00+00:00,401.80999755859375,402.239990234375,401.7380065917969,402.1736145019531,0
2026-03-16 14:44:00+00:00,402.5,402.8200073242188,402.2999877929688,402.4700012207031,5840
2026-03-16 14:45:00+00:00,402.864990234375,403.7799987792969,402.864990234375,403.739990234375,292026
2026-03-16 14:46:00+00:00,403.4049987792969,403.9700012207031,403.2900085449219,403.9299926757813,10391
2026-03-16 14:47:00+00:00,403.6400146484375,403.6799926757813,402.7799987792969,403.2799987792969,0
2026-03-16 14:48:00+00:00,403.05999755859375,403.4599914550781,402.5,403.2900085449219,5115
2026-03-16 14:49:00+00:00,402.8999938964844,402.8999938964844,402.25,402.7200012207031,2719
2026-03-16 14:50:00+00:00,402.010009765625,402.2799987792969,401.1000061035156,402.1799926757813,5208
2026-03-16 14:51:00+00:00,402.2699890136719,402.7900085449219,402.0,402.4400024414063,6209
2026-03-16 14:52:00+00:00,402.2650146484375,402.80999755859375,402.0,402.0,1626
2026-03-16 14:53:00+00:00,402.8200073242188,402.8800048828125,402.4500122070313,402.5350036621094,2050
2026-03-16 14:54:00+00:00,402.7799987792969,403.25,402.7799987792969,402.8450012207031,6945
2026-03-16 14:55:00+00:00,402.9649963378906,403.2900085449219,402.0,402.2900085449219,5241
2026-03-16 14:56:00+00:00,402.1000061035156,403.6400146484375,402.1000061035156,403.6400146484375,4705
2026-03-16 14:57:00+00:00,403.43499755859375,403.6400146484375,402.0899963378906,402.4299926757813,6595
2026-03-16 14:58:00+00:00,402.2300109863281,402.4480895996094,401.7749938964844,401.8299865722656,3000
2026-03-16 14:59:00+00:00,401.6549987792969,402.2000122070313,401.6549987792969,402.0,6478
2026-03-16 15:00:00+00:00,401.7999877929688,401.8200073242188,400.739990234375,400.7900085449219,316801
2026-03-16 15:01:00+00:00,401.3420104980469,401.5239868164063,400.75,401.5239868164063,0
2026-03-16 15:02:00+00:00,400.80999755859375,400.9700012207031,400.5899963378906,400.9700012207031,2013
2026-03-16 15:03:00+00:00,401.1499938964844,401.1499938964844,401.1499938964844,401.1499938964844,332
2026-03-16 15:04:00+00:00,401.1449890136719,402.5,400.9049987792969,402.2745971679688,4988
2026-03-16 15:05:00+00:00,402.1900024414063,402.1900024414063,401.5400085449219,401.5400085449219,1632
2026-03-16 15:06:00+00:00,401.4780883789063,401.4780883789063,400.6300048828125,400.80999755859375,4192
2026-03-16 15:07:00+00:00,401.3800048828125,401.3800048828125,400.75,400.80999755859375,2853
2026-03-16 15:08:00+00:00,401.0700073242188,401.0700073242188,400.2300109863281,400.4200134277344,3261
2026-03-16 15:09:00+00:00,400.7999877929688,401.3699951171875,400.010009765625,400.6499938964844,335814
2026-03-16 15:10:00+00:00,400.6300048828125,400.989990234375,399.0,399.0,0
2026-03-16 15:11:00+00:00,399.4949951171875,399.5549926757813,399.2449951171875,399.5549926757813,2469
2026-03-16 15:12:00+00:00,399.9849853515625,400.2300109863281,399.9849853515625,400.1199951171875,2649
2026-03-16 15:13:00+00:00,400.0799865722656,400.6300048828125,400.0799865722656,400.5700073242188,3611
2026-03-16 15:14:00+00:00,400.5618896484375,400.8349914550781,400.5618896484375,400.8349914550781,2802
2026-03-16 15:15:00+00:00,401.3699951171875,401.50579833984375,400.8800048828125,400.8800048828125,4560
2026-03-16 15:16:00+00:00,400.6700134277344,400.7900085449219,400.6050109863281,400.6050109863281,2334
2026-03-16 15:17:00+00:00,400.7900085449219,400.7900085449219,400.2250061035156,400.3299865722656,1641
2026-03-16 15:18:00+00:00,400.3450012207031,401.0,400.3450012207031,400.9599914550781,1311
2026-03-16 15:19:00+00:00,401.2999877929688,401.30999755859375,400.7999877929688,400.8900146484375,2128
2026-03-16 15:20:00+00:00,400.625,400.9750061035156,400.625,400.9750061035156,1124
2026-03-16 15:21:00+00:00,400.7699890136719,401.1300048828125,400.7699890136719,401.0174865722656,3020
2026-03-16 15:22:00+00:00,400.9750061035156,400.989990234375,400.7749938964844,400.989990234375,2256
2026-03-16 15:23:00+00:00,400.9949951171875,400.9949951171875,400.6499938964844,400.8500061035156,2795
2026-03-16 15:24:00+00:00,400.8500061035156,401.2200012207031,400.73291015625,400.73291015625,1817
2026-03-16 15:25:00+00:00,401.2900085449219,401.2900085449219,401.010009765625,401.1199951171875,1073
2026-03-16 15:26:00+00:00,401.3699035644531,401.3699035644531,400.6700134277344,400.6700134277344,2559
2026-03-16 15:27:00+00:00,400.4201049804688,400.6050109863281,400.2099914550781,400.6050109863281,1509
2026-03-16 15:28:00+00:00,400.4599914550781,400.4700012207031,400.3999938964844,400.4700012207031,344324
2026-03-16 15:29:00+00:00,400.4649963378906,400.7000122070313,399.8599853515625,399.9549865722656,0
2026-03-16 15:30:00+00:00,399.7799987792969,400.5,399.7799987792969,400.5,2228
2026-03-16 15:31:00+00:00,400.3049926757813,400.3049926757813,400.3049926757813,400.3049926757813,1116
2026-03-16 15:32:00+00:00,400.3049926757813,400.32708740234375,399.5499877929688,399.5950012207031,2168
2026-03-16 15:33:00+00:00,399.5950012207031,399.5950012207031,399.5950012207031,399.5950012207031,857
2026-03-16 15:34:00+00:00,399.5849914550781,400.0,399.5408020019531,399.8800048828125,3750
2026-03-16 15:35:00+00:00,399.84710693359375,399.84710693359375,399.1900024414063,399.1900024414063,1028
2026-03-16 15:36:00+00:00,399.4200134277344,399.6899108886719,398.7300109863281,398.9450073242188,6498
2026-03-16 15:37:00+00:00,398.9313049316406,399.5499877929688,398.9299926757813,399.2999877929688,3924
2026-03-16 15:38:00+00:00,399.2999877929688,399.2999877929688,399.1799926757813,399.1799926757813,1520
2026-03-16 15:39:00+00:00,399.1749877929688,399.5150146484375,399.0,399.5150146484375,3399
2026-03-16 15:40:00+00:00,399.3599853515625,399.5400085449219,399.3599853515625,399.5400085449219,2361
2026-03-16 15:41:00+00:00,399.4425048828125,399.5050048828125,399.0499877929688,399.0499877929688,5798
2026-03-16 15:42:00+00:00,399.1700134277344,399.4500122070313,399.0,399.4500122070313,1340
2026-03-16 15:43:00+00:00,399.4299926757813,399.4299926757813,398.7049865722656,398.9031982421875,2699
2026-03-16 15:44:00+00:00,398.7999877929688,398.8599853515625,398.6700134277344,398.8599853515625,2710
2026-03-16 15:45:00+00:00,398.8599853515625,398.8599853515625,398.5499877929688,398.5499877929688,1795
2026-03-16 15:47:00+00:00,398.8250122070313,398.9085998535156,398.6700134277344,398.7699890136719,2302
2026-03-16 15:48:00+00:00,398.7749938964844,399.0788879394531,398.7749938964844,399.0788879394531,2120
2026-03-16 15:49:00+00:00,398.7999877929688,398.7999877929688,398.5400085449219,398.5400085449219,1551
2026-03-16 15:50:00+00:00,398.6499938964844,398.9299926757813,398.0,398.9299926757813,5118
2026-03-16 15:51:00+00:00,398.9834899902344,399.3251037597656,398.9834899902344,399.0249938964844,2751
2026-03-16 15:52:00+00:00,399.2699890136719,399.2699890136719,398.9100036621094,398.9100036621094,2318
2026-03-16 15:53:00+00:00,398.9800109863281,399.125,398.6000061035156,398.8499145507813,1313
2026-03-16 15:54:00+00:00,398.5499877929688,399.18499755859375,398.5499877929688,399.18499755859375,1597
2026-03-16 15:55:00+00:00,399.3150024414063,399.3699035644531,398.5499877929688,398.5499877929688,4555
2026-03-16 15:56:00+00:00,398.9500122070313,399.3399963378906,398.9450073242188,398.9450073242188,2425
2026-03-16 15:57:00+00:00,399.0650024414063,399.0650024414063,398.1600036621094,398.1600036621094,3128
2026-03-16 15:58:00+00:00,398.2799987792969,398.2799987792969,397.7701110839844,398.1499938964844,6353
2026-03-16 15:59:00+00:00,398.0296020507813,398.2200012207031,397.7701110839844,398.0650024414063,1036
2026-03-16 16:00:00+00:00,398.239990234375,398.7900085449219,398.239990234375,398.7900085449219,2141
2026-03-16 16:01:00+00:00,398.75,398.75,398.5400085449219,398.5400085449219,1092
2026-03-16 16:02:00+00:00,398.447998046875,398.8999938964844,398.3349914550781,398.3349914550781,892
2026-03-16 16:03:00+00:00,398.4400024414063,398.4400024414063,398.3049926757813,398.3299865722656,1441
2026-03-16 16:04:00+00:00,398.5650024414063,398.5650024414063,398.2999877929688,398.3800048828125,1851
2026-03-16 16:05:00+00:00,398.5700073242188,398.5700073242188,398.5700073242188,398.5700073242188,380684
2026-03-16 16:06:00+00:00,398.3399963378906,398.3399963378906,398.3399963378906,398.3399963378906,0
2026-03-16 16:07:00+00:00,398.0299987792969,398.5700073242188,398.0299987792969,398.5199890136719,1819
2026-03-16 16:08:00+00:00,398.8999938964844,399.2550048828125,398.8999938964844,399.0299987792969,3613
2026-03-16 16:09:00+00:00,399.0003967285156,399.0299987792969,398.7999877929688,398.7999877929688,1029
2026-03-16 16:10:00+00:00,398.80999755859375,399.1099853515625,398.7780151367188,398.7950134277344,1695
2026-03-16 16:11:00+00:00,398.5669860839844,398.7950134277344,398.5669860839844,398.6600036621094,1906
2026-03-16 16:12:00+00:00,398.5799865722656,398.5799865722656,397.8399963378906,397.8399963378906,1300
2026-03-16 16:13:00+00:00,397.9599914550781,398.25,397.7500915527344,397.8299865722656,3241
2026-03-16 16:14:00+00:00,397.6000061035156,398.0849914550781,397.6000061035156,398.0849914550781,389115
2026-03-16 16:15:00+00:00,397.9800109863281,397.9800109863281,397.5299987792969,397.7099914550781,0
2026-03-16 16:16:00+00:00,397.6499938964844,397.6499938964844,397.4450073242188,397.4450073242188,895
2026-03-16 16:17:00+00:00,397.1600036621094,397.6099853515625,397.1600036621094,397.4249877929688,2677
2026-03-16 16:18:00+00:00,397.4200134277344,397.7300109863281,397.4200134277344,397.7300109863281,17055
2026-03-16 16:19:00+00:00,397.6099853515625,397.7200012207031,397.3200073242188,397.3200073242188,2144
2026-03-16 16:20:00+00:00,397.1400146484375,397.1499938964844,396.5799865722656,396.875,6459
2026-03-16 16:21:00+00:00,396.7000122070313,396.7000122070313,395.6300048828125,395.6600036621094,2643
2026-03-16 16:22:00+00:00,395.7650146484375,396.3599853515625,395.7650146484375,396.3599853515625,2878
2026-03-16 16:23:00+00:00,396.0179138183594,396.6169128417969,396.0179138183594,396.6169128417969,1844
2026-03-16 16:24:00+00:00,396.5299987792969,396.5300903320313,396.5299987792969,396.5300903320313,734
2026-03-16 16:25:00+00:00,396.5400085449219,396.8699951171875,396.5400085449219,396.6484069824219,2413
2026-03-16 16:26:00+00:00,396.760009765625,396.989990234375,396.6199951171875,396.989990234375,2230
2026-03-16 16:27:00+00:00,397.0,397.1449890136719,397.0,397.1449890136719,2014
2026-03-16 16:28:00+00:00,396.7799987792969,396.7850036621094,396.7799987792969,396.7850036621094,771
2026-03-16 16:29:00+00:00,396.8399963378906,397.1000061035156,396.8399963378906,397.0499877929688,1691
2026-03-16 16:30:00+00:00,396.8299865722656,396.9500122070313,396.5000915527344,396.5000915527344,3189
2026-03-16 16:31:00+00:00,397.0899963378906,397.1000061035156,397.0899963378906,397.1000061035156,474
2026-03-16 16:32:00+00:00,396.9500122070313,397.2999877929688,396.8800048828125,396.8800048828125,4959
2026-03-16 16:34:00+00:00,396.6199951171875,396.7898864746094,396.5799865722656,396.7898864746094,2249
2026-03-16 16:35:00+00:00,396.7900085449219,397.0849914550781,396.6900024414063,396.7250061035156,3291
2026-03-16 16:36:00+00:00,396.9949951171875,396.9949951171875,396.9949951171875,396.9949951171875,517
2026-03-16 16:37:00+00:00,396.63958740234375,397.0499877929688,396.63958740234375,396.8900146484375,2962
2026-03-16 16:38:00+00:00,396.6900024414063,396.6900024414063,396.6900024414063,396.6900024414063,968
2026-03-16 16:40:00+00:00,396.9100036621094,396.9100036621094,396.55999755859375,396.55999755859375,1977
2026-03-16 16:41:00+00:00,396.6050109863281,396.6050109863281,396.2950134277344,396.4500122070313,2614
2026-03-16 16:42:00+00:00,396.4849853515625,396.4849853515625,396.4849853515625,396.4849853515625,1447
2026-03-16 16:43:00+00:00,396.7999877929688,396.989990234375,396.75,396.8550109863281,1625
2026-03-16 16:44:00+00:00,397.0,397.0799865722656,397.0,397.0799865722656,1903
2026-03-16 16:45:00+00:00,396.8949890136719,396.8999938964844,396.3800048828125,396.3800048828125,1712
2026-03-16 16:46:00+00:00,396.5075073242188,396.8299865722656,396.5075073242188,396.8299865722656,1249
2026-03-16 16:47:00+00:00,396.7200012207031,396.8250122070313,396.5,396.6000061035156,2536
2026-03-16 16:48:00+00:00,396.6000061035156,396.6650085449219,396.3977966308594,396.6650085449219,887
2026-03-16 16:49:00+00:00,396.6099853515625,396.6099853515625,396.3399963378906,396.3699951171875,4267
2026-03-16 16:50:00+00:00,396.1099853515625,396.8399963378906,396.1099853515625,396.8299865722656,2175
2026-03-16 16:51:00+00:00,396.6549987792969,396.9100036621094,396.6549987792969,396.7300109863281,567
2026-03-16 16:52:00+00:00,396.7300109863281,397.6099853515625,396.7300109863281,397.6099853515625,411729
2026-03-16 16:53:00+00:00,396.7900085449219,397.80999755859375,396.7900085449219,397.625,0
2026-03-16 16:54:00+00:00,397.739990234375,398.2000122070313,397.5299987792969,397.5299987792969,4126
2026-03-16 16:55:00+00:00,398.1900024414063,398.2000122070313,397.7099914550781,398.2000122070313,1672
2026-03-16 16:56:00+00:00,398.2000122070313,398.4200134277344,397.8900146484375,398.4200134277344,421096
2026-03-16 16:57:00+00:00,398.5239868164063,398.760009765625,398.5239868164063,398.55999755859375,0
2026-03-16 16:58:00+00:00,398.4750061035156,398.6499938964844,398.4750061035156,398.6499938964844,2761
2026-03-16 16:59:00+00:00,398.2000122070313,398.6499938964844,398.2000122070313,398.4205017089844,2839
2026-03-16 17:00:00+00:00,398.4100036621094,399.2449951171875,398.4100036621094,399.239990234375,6748
2026-03-16 17:01:00+00:00,399.739990234375,399.739990234375,399.1400146484375,399.2900085449219,3079
2026-03-16 17:02:00+00:00,399.7200012207031,399.8999938964844,399.4800109863281,399.55999755859375,2734
2026-03-16 17:03:00+00:00,399.239990234375,399.5849914550781,399.2099914550781,399.3500061035156,4243
2026-03-16 17:04:00+00:00,399.260009765625,399.3900146484375,398.99798583984375,398.99798583984375,2180
2026-03-16 17:05:00+00:00,398.6799926757813,399.2033996582031,398.1199951171875,399.1600036621094,3586
2026-03-16 17:06:00+00:00,399.3500061035156,399.3500061035156,399.3399963378906,399.3500061035156,1194
2026-03-16 17:07:00+00:00,399.0,399.6000061035156,399.0,399.6000061035156,425121
2026-03-16 17:08:00+00:00,399.6499938964844,399.6499938964844,398.8250122070313,399.1950073242188,0
2026-03-16 17:09:00+00:00,399.6499938964844,399.6600036621094,399.6499938964844,399.6600036621094,424375
2026-03-16 17:10:00+00:00,399.1950073242188,399.2000122070313,399.1950073242188,399.2000122070313,0
2026-03-16 17:11:00+00:00,399.5299987792969,399.5299987792969,399.4800109863281,399.4800109863281,1527
2026-03-16 17:12:00+00:00,399.4800109863281,399.7000122070313,399.4400024414063,399.7000122070313,427823
2026-03-16 17:13:00+00:00,399.6050109863281,399.6050109863281,399.6050109863281,399.6050109863281,0
2026-03-16 17:14:00+00:00,400.0,400.1700134277344,399.739990234375,399.8599853515625,3324
2026-03-16 17:15:00+00:00,400.2300109863281,400.2300109863281,399.55999755859375,399.7699890136719,432650
2026-03-16 17:16:00+00:00,399.5650024414063,399.572509765625,399.3500061035156,399.3500061035156,0
2026-03-16 17:17:00+00:00,399.4299926757813,399.4299926757813,399.2650146484375,399.3900146484375,1879
2026-03-16 17:18:00+00:00,399.2699890136719,399.7200012207031,399.2699890136719,399.7200012207031,1155
2026-03-16 17:19:00+00:00,399.9299926757813,399.9800109863281,399.7850036621094,399.9800109863281,432845
2026-03-16 17:20:00+00:00,399.989990234375,400.1600036621094,399.75,400.0150146484375,0
2026-03-16 17:21:00+00:00,400.3049926757813,401.2349853515625,400.3049926757813,401.2349853515625,2966
2026-03-16 17:22:00+00:00,401.3500061035156,401.3699951171875,399.7300109863281,400.1650085449219,19365
2026-03-16 17:23:00+00:00,399.8500061035156,400.0400085449219,399.7000122070313,399.7000122070313,4124
2026-03-16 17:24:00+00:00,400.1600036621094,400.260009765625,399.9100036621094,400.1000061035156,5804
2026-03-16 17:26:00+00:00,400.1499938964844,400.6300048828125,399.989990234375,400.3049926757813,8539
2026-03-16 17:27:00+00:00,400.3049926757813,400.3049926757813,399.7799987792969,400.0,5357
2026-03-16 17:28:00+00:00,400.2200012207031,400.3599853515625,399.8999938964844,399.8999938964844,6743
2026-03-16 17:29:00+00:00,400.0,400.1799926757813,399.80999755859375,400.0549926757813,7075
2026-03-16 17:30:00+00:00,400.2998962402344,400.9549865722656,400.0400085449219,400.9549865722656,3044
2026-03-16 17:31:00+00:00,401.3599853515625,401.8500061035156,401.2099914550781,401.6449890136719,2966
2026-03-16 17:32:00+00:00,401.9898986816406,402.0,401.7799987792969,401.7799987792969,1505
2026-03-16 17:33:00+00:00,401.6799926757813,401.8800048828125,401.5299987792969,401.5299987792969,2030
2026-03-16 17:34:00+00:00,401.1799926757813,401.8299865722656,401.1799926757813,401.5199890136719,2491
2026-03-16 17:35:00+00:00,401.360107421875,401.89990234375,401.360107421875,401.75,1153
2026-03-16 17:36:00+00:00,401.5799865722656,401.7699890136719,401.3599853515625,401.3800048828125,3544
2026-03-16 17:37:00+00:00,401.4849853515625,401.6499938964844,401.3800048828125,401.6499938964844,1774
2026-03-16 17:38:00+00:00,401.1900024414063,401.4400024414063,401.1799926757813,401.4400024414063,3422
2026-03-16 17:39:00+00:00,401.2749938964844,401.2749938964844,400.8399963378906,401.0950012207031,916
2026-03-16 17:40:00+00:00,401.2099914550781,401.6900024414063,401.2099914550781,401.5549926757813,2811
2026-03-16 17:41:00+00:00,401.55999755859375,401.55999755859375,401.4450073242188,401.55999755859375,2267
2026-03-16 17:42:00+00:00,401.4599914550781,401.6799926757813,401.4100036621094,401.4100036621094,1952
2026-03-16 17:43:00+00:00,401.6400146484375,401.7900085449219,401.2999877929688,401.3599853515625,488786
2026-03-16 17:44:00+00:00,401.3599853515625,401.6000061035156,401.1900024414063,401.1900024414063,0
2026-03-16 17:45:00+00:00,401.3800048828125,401.6499938964844,401.3800048828125,401.4849853515625,1060
2026-03-16 17:46:00+00:00,401.739990234375,401.739990234375,401.4949951171875,401.5,1335
2026-03-16 17:47:00+00:00,401.5899963378906,401.6799926757813,401.5,401.5299987792969,1202
2026-03-16 17:48:00+00:00,401.6400146484375,402.1400146484375,401.6300048828125,401.7699890136719,6916
2026-03-16 17:49:00+00:00,401.9649963378906,402.1400146484375,401.87249755859375,401.9700012207031,2054
2026-03-16 17:50:00+00:00,402.1499938964844,402.5650024414063,402.1300048828125,402.1300048828125,12816
2026-03-16 17:51:00+00:00,402.4299926757813,403.3598937988281,402.4299926757813,403.0,3936
2026-03-16 17:52:00+00:00,402.989990234375,402.989990234375,402.8800048828125,402.9417114257813,1456
2026-03-16 17:53:00+00:00,403.0,403.3499145507813,403.0,403.0499877929688,2540
2026-03-16 17:54:00+00:00,403.1000061035156,403.1361999511719,402.8200073242188,403.1361999511719,2405
2026-03-16 17:55:00+00:00,403.1400146484375,403.3500061035156,403.1400146484375,403.1650085449219,1857
2026-03-16 17:56:00+00:00,403.4599914550781,403.8299865722656,403.4150085449219,403.5400085449219,1824
2026-03-16 17:57:00+00:00,403.8200073242188,403.9150085449219,403.51800537109375,403.6900024414063,3523
2026-03-16 17:58:00+00:00,403.9150085449219,404.010009765625,403.9150085449219,403.93499755859375,1263
2026-03-16 17:59:00+00:00,403.8450012207031,403.9400024414063,403.8450012207031,403.8550109863281,2821
2026-03-16 18:00:00+00:00,403.8900146484375,404.0,403.8139953613281,403.8450012207031,1352
2026-03-16 18:01:00+00:00,403.7300109863281,403.7300109863281,403.3599853515625,403.4400024414063,3255
2026-03-16 18:02:00+00:00,403.4400024414063,403.5,403.3056945800781,403.3056945800781,1822
2026-03-16 18:03:00+00:00,403.4599914550781,403.4599914550781,403.110107421875,403.1300964355469,2938
2026-03-16 18:04:00+00:00,403.364990234375,403.4800109863281,403.2099914550781,403.4800109863281,3665
2026-03-16 18:05:00+00:00,403.2449951171875,403.2449951171875,403.0650024414063,403.0650024414063,1457
2026-03-16 18:06:00+00:00,403.2300109863281,403.2699890136719,402.4153137207031,402.9400024414063,513707
2026-03-16 18:07:00+00:00,402.3599853515625,402.9800109863281,402.1900024414063,402.1950073242188,0
2026-03-16 18:08:00+00:00,401.8399963378906,402.1799926757813,401.8399963378906,402.1700134277344,3019
2026-03-16 18:09:00+00:00,402.1799926757813,402.1799926757813,401.510009765625,401.6499938964844,515902
2026-03-16 18:10:00+00:00,401.8999938964844,401.8999938964844,401.04010009765625,401.3500061035156,0
2026-03-16 18:11:00+00:00,400.8536987304688,401.1600036621094,400.8536987304688,401.1099853515625,1661
2026-03-16 18:12:00+00:00,401.260009765625,401.8999938964844,401.0452880859375,401.8999938964844,2230
2026-03-16 18:13:00+00:00,401.9299926757813,401.9299926757813,401.5899963378906,401.5899963378906,1046
2026-03-16 18:14:00+00:00,401.9700012207031,402.1600036621094,401.7254028320313,402.1199951171875,2244
2026-03-16 18:15:00+00:00,402.0,402.1499938964844,401.5368957519531,401.7000122070313,3904
2026-03-16 18:16:00+00:00,401.6600036621094,402.0899963378906,401.6600036621094,401.989990234375,1633
2026-03-16 18:17:00+00:00,402.2499084472656,402.2999877929688,402.0499877929688,402.1449890136719,3549
2026-03-16 18:18:00+00:00,402.0799865722656,402.30999755859375,402.0799865722656,402.1499938964844,2385
2026-03-16 18:19:00+00:00,402.4800109863281,402.489990234375,402.3299865722656,402.4100036621094,1413
2026-03-16 18:20:00+00:00,402.2699890136719,402.8299865722656,402.143798828125,402.6499938964844,2745
2026-03-16 18:21:00+00:00,402.7900085449219,403.2756042480469,402.52630615234375,403.2756042480469,4797
2026-03-16 18:22:00+00:00,403.090087890625,403.3900146484375,403.0899963378906,403.3900146484375,1278
2026-03-16 18:23:00+00:00,403.3999938964844,403.739990234375,403.3768005371094,403.4500122070313,4422
2026-03-16 18:24:00+00:00,403.1199951171875,403.2999877929688,402.9400024414063,403.081298828125,2588
2026-03-16 18:25:00+00:00,403.1099853515625,403.1549987792969,402.30999755859375,402.80999755859375,3240
2026-03-16 18:26:00+00:00,402.4599914550781,402.4949951171875,402.4500122070313,402.4949951171875,2509
2026-03-16 18:27:00+00:00,402.4949951171875,402.5790100097656,402.1199951171875,402.3049926757813,4483
2026-03-16 18:28:00+00:00,402.3049926757813,402.3049926757813,401.4049987792969,401.4049987792969,2036
2026-03-16 18:29:00+00:00,401.9599914550781,401.9599914550781,401.4700012207031,401.8800048828125,1275
2026-03-16 18:30:00+00:00,401.8399963378906,401.8800048828125,401.4299926757813,401.5799865722656,9807
2026-03-16 18:31:00+00:00,401.3200073242188,401.3699951171875,401.0299987792969,401.1300048828125,2378
2026-03-16 18:32:00+00:00,401.0499877929688,401.0499877929688,400.7200012207031,400.8150024414063,6125
2026-03-16 18:33:00+00:00,400.8200073242188,401.25,400.8200073242188,401.1050109863281,2368
2026-03-16 18:34:00+00:00,401.3399963378906,401.6700134277344,401.3399963378906,401.6700134277344,1505
2026-03-16 18:35:00+00:00,401.4649963378906,401.80999755859375,401.4649963378906,401.80999755859375,1885
2026-03-16 18:36:00+00:00,401.5899963378906,401.8699951171875,401.4700012207031,401.8699951171875,2228
2026-03-16 18:37:00+00:00,401.7999877929688,401.7999877929688,401.3500061035156,401.75,541554
2026-03-16 18:38:00+00:00,401.2325134277344,401.8699951171875,401.2325134277344,401.5249938964844,0
2026-03-16 18:39:00+00:00,401.5799865722656,401.7999877929688,401.3900146484375,401.7999877929688,844
2026-03-16 18:40:00+00:00,401.8699951171875,401.9299926757813,401.340087890625,401.8599853515625,3827
2026-03-16 18:41:00+00:00,402.0,402.05999755859375,401.5150146484375,401.5150146484375,1865
2026-03-16 18:42:00+00:00,401.4861145019531,401.6300048828125,401.2799987792969,401.5,3931
2026-03-16 18:43:00+00:00,401.5,401.7200012207031,401.2900085449219,401.7200012207031,2247
2026-03-16 18:44:00+00:00,401.5050048828125,401.8999938964844,401.3001098632813,401.8999938964844,3317
2026-03-16 18:45:00+00:00,401.8349914550781,402.0299987792969,401.7900085449219,401.7900085449219,2580
2026-03-16 18:46:00+00:00,401.8550109863281,402.0,401.8550109863281,402.0,1501
2026-03-16 18:47:00+00:00,402.0,402.0,401.5509948730469,402.0,3019
2026-03-16 18:48:00+00:00,401.7999877929688,402.0700073242188,401.7999877929688,401.9750061035156,1896
2026-03-16 18:49:00+00:00,401.9750061035156,402.1400146484375,401.7544860839844,401.8500061035156,3052
2026-03-16 18:50:00+00:00,401.8500061035156,402.0799865722656,401.3800048828125,401.3800048828125,3345
2026-03-16 18:51:00+00:00,401.3599853515625,401.489990234375,401.3200073242188,401.364990234375,2424
2026-03-16 18:52:00+00:00,401.43560791015625,401.6300048828125,401.43560791015625,401.6300048828125,1570
2026-03-16 18:53:00+00:00,401.80999755859375,401.9299926757813,401.80999755859375,401.9299926757813,877
2026-03-16 18:54:00+00:00,401.9400024414063,402.1400146484375,401.875,402.1400146484375,1289
2026-03-16 18:55:00+00:00,402.1400146484375,402.2000122070313,402.05999755859375,402.05999755859375,1262
2026-03-16 18:56:00+00:00,402.2799987792969,402.2799987792969,401.9649963378906,401.9649963378906,2658
2026-03-16 18:57:00+00:00,401.9649963378906,402.25,401.9150085449219,401.9150085449219,1253
2026-03-16 18:58:00+00:00,401.9150085449219,402.1799926757813,401.3999938964844,401.8299865722656,3236
2026-03-16 18:59:00+00:00,401.5899963378906,401.5899963378906,401.5899963378906,401.5899963378906,1107
2026-03-16 19:00:00+00:00,401.5899963378906,401.9400024414063,401.5899963378906,401.9400024414063,1738
2026-03-16 19:01:00+00:00,401.9400024414063,401.989990234375,401.510009765625,401.9400024414063,2155
2026-03-16 19:02:00+00:00,402.0,402.1700134277344,402.0,402.1700134277344,2066
2026-03-16 19:03:00+00:00,402.1400146484375,402.1499938964844,401.5950012207031,401.6300048828125,3318
2026-03-16 19:04:00+00:00,401.6050109863281,401.7000122070313,401.489990234375,401.5400085449219,1690
2026-03-16 19:05:00+00:00,401.5400085449219,401.5783996582031,401.3800048828125,401.3949890136719,2302
2026-03-16 19:06:00+00:00,401.3949890136719,401.7000122070313,401.05999755859375,401.05999755859375,2887
2026-03-16 19:07:00+00:00,400.9200134277344,401.0,400.7799987792969,400.7799987792969,1307
2026-03-16 19:08:00+00:00,401.0,401.2099914550781,401.0,401.0950012207031,1802
2026-03-16 19:09:00+00:00,401.3200073242188,402.5499877929688,401.3200073242188,402.4150085449219,5480
2026-03-16 19:10:00+00:00,403.0,403.3299865722656,402.2000122070313,402.2000122070313,10048
2026-03-16 19:11:00+00:00,401.7999877929688,402.55999755859375,401.7999877929688,402.0,3289
2026-03-16 19:12:00+00:00,402.3399963378906,402.3399963378906,401.6900024414063,401.6900024414063,1176
2026-03-16 19:13:00+00:00,401.875,402.1300048828125,401.6000061035156,401.6000061035156,1899
2026-03-16 19:14:00+00:00,401.4800109863281,401.9800109863281,401.4450073242188,401.6600036621094,3138
2026-03-16 19:15:00+00:00,401.6499938964844,401.7200012207031,401.4400024414063,401.4400024414063,1991
2026-03-16 19:16:00+00:00,401.4500122070313,402.2300109863281,401.4500122070313,401.9800109863281,3192
2026-03-16 19:17:00+00:00,401.7380065917969,401.7999877929688,401.7380065917969,401.7999877929688,1458
2026-03-16 19:18:00+00:00,401.8999938964844,402.0,401.7724914550781,401.875,6692
2026-03-16 19:19:00+00:00,401.875,401.8999938964844,401.4500122070313,401.5,6222
2026-03-16 19:20:00+00:00,401.5400085449219,401.5400085449219,400.7300109863281,401.4249877929688,4350
2026-03-16 19:21:00+00:00,401.7699890136719,402.1000061035156,401.7699890136719,402.0499877929688,2322
2026-03-16 19:22:00+00:00,402.0899963378906,402.2900085449219,401.8800048828125,402.2900085449219,7373
2026-03-16 19:23:00+00:00,401.8900146484375,401.8900146484375,401.43499755859375,401.43499755859375,3686
2026-03-16 19:24:00+00:00,401.0899963378906,401.364990234375,401.0899963378906,401.364990234375,2980
2026-03-16 19:25:00+00:00,401.3699951171875,401.4299926757813,401.2650146484375,401.2650146484375,2116
2026-03-16 19:26:00+00:00,401.2650146484375,401.2650146484375,400.6499938964844,400.7149963378906,2868
2026-03-16 19:27:00+00:00,400.7149963378906,401.0899963378906,400.5920104980469,400.6199951171875,3555
2026-03-16 19:28:00+00:00,400.7999877929688,401.1099853515625,400.7999877929688,400.8949890136719,4714
2026-03-16 19:29:00+00:00,400.5906982421875,401.45989990234375,400.5906982421875,401.45989990234375,3867
2026-03-16 19:30:00+00:00,400.8699951171875,401.4200134277344,400.7049865722656,400.739990234375,3681
2026-03-16 19:31:00+00:00,400.7200012207031,401.4299926757813,400.7200012207031,401.4299926757813,2879
2026-03-16 19:32:00+00:00,401.2300109863281,401.3200073242188,401.1700134277344,401.3200073242188,2232
2026-03-16 19:33:00+00:00,401.1749877929688,401.3500061035156,400.8999938964844,401.1300048828125,4115
2026-03-16 19:34:00+00:00,401.1300048828125,401.1300048828125,400.510009765625,400.510009765625,6004
2026-03-16 19:35:00+00:00,400.5799865722656,400.8399963378906,399.3500061035156,399.3500061035156,4659
2026-03-16 19:36:00+00:00,399.5849914550781,400.5199890136719,399.5,400.5199890136719,5276
2026-03-16 19:37:00+00:00,400.3500061035156,400.4299926757813,400.1199951171875,400.1199951171875,3214
2026-03-16 19:38:00+00:00,400.2250061035156,400.2300109863281,399.6900024414063,399.6900024414063,3022
2026-03-16 19:39:00+00:00,399.4400024414063,399.4400024414063,398.9700012207031,398.9700012207031,2841
2026-03-16 19:40:00+00:00,398.989990234375,399.0,398.7900085449219,398.7900085449219,4234
2026-03-16 19:41:00+00:00,399.239990234375,399.4649963378906,399.0700073242188,399.364990234375,3542
2026-03-16 19:42:00+00:00,399.0718078613281,399.2099914550781,398.9599914550781,399.0499877929688,1589
2026-03-16 19:43:00+00:00,399.0499877929688,399.2300109863281,398.7699890136719,399.1600036621094,3058
2026-03-16 19:44:00+00:00,399.3500061035156,399.3699951171875,399.0899963378906,399.3500061035156,3309
2026-03-16 19:45:00+00:00,399.4800109863281,399.4800109863281,397.8599853515625,397.8599853515625,7930
2026-03-16 19:46:00+00:00,397.7200012207031,398.18499755859375,396.7300109863281,397.8900146484375,8864
2026-03-16 19:47:00+00:00,398.1600036621094,398.2300109863281,397.8800048828125,398.0,4922
2026-03-16 19:48:00+00:00,397.9500122070313,398.0,397.1199951171875,397.1199951171875,6659
2026-03-16 19:49:00+00:00,396.9400024414063,397.3500061035156,396.739990234375,396.8699951171875,10915
2026-03-16 19:50:00+00:00,396.9400024414063,397.6900024414063,396.9400024414063,397.6900024414063,8496
2026-03-16 19:51:00+00:00,397.7049865722656,398.1000061035156,397.5750122070313,398.0,10990
2026-03-16 19:52:00+00:00,398.0700073242188,398.2298889160156,397.9500122070313,398.2247009277344,8435
2026-03-16 19:53:00+00:00,398.2300109863281,398.4700012207031,398.1781005859375,398.4150085449219,7006
2026-03-16 19:54:00+00:00,398.4100036621094,398.8999938964844,398.1199951171875,398.8999938964844,9699
2026-03-16 19:55:00+00:00,398.8399963378906,399.3179931640625,398.8399963378906,399.1899108886719,11331
2026-03-16 19:56:00+00:00,398.8699951171875,399.1299133300781,398.80999755859375,398.9500122070313,12890
2026-03-16 19:57:00+00:00,398.9400024414063,398.9500122070313,398.3299865722656,398.3500061035156,15842
2026-03-16 19:58:00+00:00,398.4299926757813,399.010009765625,398.4150085449219,398.9800109863281,18950
2026-03-16 19:59:00+00:00,398.9849853515625,399.25,398.6400146484375,398.7999877929688,47766
2026-03-17 13:30:00+00:00,400.5050048828125,403.4898986816406,399.0,403.1784973144531,48283
2026-03-17 13:31:00+00:00,402.0549926757813,403.0,400.6099853515625,402.1199951171875,3836
2026-03-17 13:32:00+00:00,402.3900146484375,404.2000122070313,400.6099853515625,401.3200073242188,11200
2026-03-17 13:33:00+00:00,401.8335876464844,402.2699890136719,400.8049926757813,402.0650024414063,4040
2026-03-17 13:34:00+00:00,402.0700073242188,402.1700134277344,400.510009765625,401.2950134277344,8865
2026-03-17 13:35:00+00:00,401.0299987792969,401.3500061035156,399.2155151367188,399.2449951171875,8822
2026-03-17 13:36:00+00:00,398.9500122070313,399.6600036621094,398.9299926757813,399.2349853515625,4854
2026-03-17 13:37:00+00:00,398.739990234375,401.0799865722656,398.5350036621094,400.7300109863281,18591
2026-03-17 13:38:00+00:00,399.9800109863281,400.3599853515625,399.4299926757813,399.9549865722656,10982
2026-03-17 13:39:00+00:00,399.4100036621094,399.4100036621094,397.5,399.3699951171875,7155
2026-03-17 13:40:00+00:00,399.7000122070313,400.9200134277344,399.6900024414063,400.510009765625,6935
2026-03-17 13:41:00+00:00,400.510009765625,401.7298889160156,400.1799926757813,401.4249877929688,8067
2026-03-17 13:42:00+00:00,401.3200073242188,402.4400024414063,401.3200073242188,402.2250061035156,6485
2026-03-17 13:43:00+00:00,402.25,402.4599914550781,401.2999877929688,401.7000122070313,4505
2026-03-17 13:44:00+00:00,401.0700988769531,402.389892578125,401.0700988769531,402.2799987792969,6313
2026-03-17 13:45:00+00:00,402.0445861816406,402.55999755859375,401.1799926757813,401.510009765625,7405
2026-03-17 13:46:00+00:00,401.122802734375,402.5899963378906,401.122802734375,402.5899963378906,5391
2026-03-17 13:47:00+00:00,402.6700134277344,402.6700134277344,400.4800109863281,400.7749938964844,5953
2026-03-17 13:48:00+00:00,400.6099853515625,400.6099853515625,399.489990234375,399.6802978515625,4421
2026-03-17 13:49:00+00:00,399.635009765625,399.635009765625,398.2699890136719,398.5,6674
2026-03-17 13:50:00+00:00,398.614990234375,398.614990234375,397.5,397.6000061035156,7493
2026-03-17 13:51:00+00:00,397.9500122070313,398.7449951171875,397.75,398.5899963378906,2687
2026-03-17 13:52:00+00:00,398.6300048828125,399.3200073242188,398.4299926757813,399.3200073242188,1902
2026-03-17 13:53:00+00:00,399.0450134277344,399.4100036621094,398.5000915527344,399.3200073242188,10234
2026-03-17 13:54:00+00:00,400.260009765625,401.95989990234375,400.260009765625,401.2950134277344,6731
2026-03-17 13:55:00+00:00,401.5549926757813,401.5549926757813,400.875,400.875,3359
2026-03-17 13:56:00+00:00,401.5700073242188,401.5700073242188,401.05999755859375,401.05999755859375,1392
2026-03-17 13:57:00+00:00,401.9299926757813,402.0,401.5299987792969,401.5700073242188,2726
2026-03-17 13:58:00+00:00,401.1900024414063,401.760009765625,401.1900024414063,401.6650085449219,1719
2026-03-17 13:59:00+00:00,402.2000122070313,402.6300048828125,402.1799926757813,402.2650146484375,5968
2026-03-17 14:00:00+00:00,402.2900085449219,404.30999755859375,402.2900085449219,403.6400146484375,7229
2026-03-17 14:01:00+00:00,403.43499755859375,403.7749938964844,402.8500061035156,403.7749938964844,2534
2026-03-17 14:02:00+00:00,403.7724914550781,403.7749938964844,402.7000122070313,402.885009765625,4437
2026-03-17 14:03:00+00:00,403.3299865722656,404.0650024414063,403.3299865722656,403.6000061035156,4609
2026-03-17 14:04:00+00:00,404.0299987792969,404.5,403.360107421875,403.6463928222656,7987
2026-03-17 14:05:00+00:00,403.8550109863281,405.2699890136719,403.3150024414063,405.2699890136719,5402
2026-03-17 14:06:00+00:00,404.8699951171875,405.0,404.2999877929688,404.6050109863281,3517
2026-03-17 14:07:00+00:00,404.2099914550781,404.5799865722656,404.0849914550781,404.2900085449219,4308
2026-03-17 14:08:00+00:00,404.2000122070313,405.0,404.2000122070313,404.55999755859375,6102
2026-03-17 14:09:00+00:00,404.55999755859375,404.55999755859375,403.2668151855469,403.2668151855469,3015
2026-03-17 14:10:00+00:00,403.6000061035156,406.5,403.4450073242188,406.3049926757813,5904
2026-03-17 14:11:00+00:00,406.3049926757813,406.4500122070313,404.489990234375,405.05999755859375,6524
2026-03-17 14:12:00+00:00,404.9700012207031,404.9700012207031,404.5299987792969,404.5299987792969,990
2026-03-17 14:13:00+00:00,404.5299987792969,405.0950012207031,404.090087890625,404.6199951171875,4196
2026-03-17 14:14:00+00:00,404.9660034179688,406.3699951171875,404.7799987792969,406.3699951171875,5950
2026-03-17 14:15:00+00:00,406.3699035644531,407.2000122070313,405.9739990234375,407.2000122070313,11318
2026-03-17 14:16:00+00:00,407.1600036621094,407.7799987792969,406.1900024414063,407.5299987792969,6802
2026-03-17 14:17:00+00:00,407.3219909667969,408.5799865722656,407.3219909667969,408.125,20023
2026-03-17 14:18:00+00:00,408.3999938964844,409.8800048828125,407.760009765625,409.5499877929688,9870
2026-03-17 14:19:00+00:00,409.5249938964844,409.8800048828125,409.2200012207031,409.5549926757813,10688
2026-03-17 14:20:00+00:00,409.8399963378906,411.8800048828125,409.625,411.3200073242188,22508
2026-03-17 14:21:00+00:00,411.29150390625,411.5299987792969,410.6700134277344,411.5,7862
2026-03-17 14:22:00+00:00,411.8800048828125,412.4200134277344,411.4468994140625,411.6499938964844,11223
2026-03-17 14:23:00+00:00,411.989990234375,412.5499877929688,411.5,411.7500915527344,9246
2026-03-17 14:24:00+00:00,412.1499938964844,412.5499877929688,410.7401123046875,411.0,9125
2026-03-17 14:25:00+00:00,411.135009765625,411.9800109863281,410.2401123046875,410.98431396484375,169178
2026-03-17 14:26:00+00:00,411.3900146484375,411.9800109863281,410.5499877929688,410.8299865722656,0
2026-03-17 14:27:00+00:00,410.7650146484375,411.2699890136719,410.3609924316406,411.2699890136719,4445
2026-03-17 14:28:00+00:00,411.2699890136719,411.9942932128906,410.9500122070313,411.3250122070313,3335
2026-03-17 14:29:00+00:00,411.2250061035156,411.5499877929688,409.0450134277344,409.0450134277344,35378
2026-03-17 14:30:00+00:00,409.4100036621094,409.9700012207031,409.0,409.760009765625,2675
2026-03-17 14:31:00+00:00,409.1000061035156,409.9800109863281,408.8999938964844,409.59619140625,3346
2026-03-17 14:32:00+00:00,409.9500122070313,410.9800109863281,409.4700012207031,410.5499877929688,6895
2026-03-17 14:33:00+00:00,410.625,410.625,409.7000122070313,409.9450073242188,9962
2026-03-17 14:34:00+00:00,409.7000122070313,410.4400024414063,409.7000122070313,410.385009765625,213925
2026-03-17 14:35:00+00:00,410.135009765625,410.5,409.75,410.5,0
2026-03-17 14:36:00+00:00,410.239990234375,412.3699951171875,410.2349853515625,411.8403015136719,235392
2026-03-17 14:37:00+00:00,412.0150146484375,412.5299987792969,411.9150085449219,412.0,11394
2026-03-17 14:38:00+00:00,411.9750061035156,412.4700012207031,411.1400146484375,411.4649963378906,0
2026-03-17 14:39:00+00:00,411.6499938964844,412.489990234375,411.4100036621094,411.4150085449219,12370
2026-03-17 14:40:00+00:00,411.989990234375,411.989990234375,410.8399963378906,411.2999877929688,4175
2026-03-17 14:41:00+00:00,411.2749938964844,411.9800109863281,411.2749938964844,411.9800109863281,3007
2026-03-17 14:42:00+00:00,411.8399963378906,412.7650146484375,411.7250061035156,412.7650146484375,55315
2026-03-17 14:43:00+00:00,412.5115966796875,413.8250122070313,412.4400024414063,413.8250122070313,9100
2026-03-17 14:44:00+00:00,413.30999755859375,414.7300109863281,413.30999755859375,414.010009765625,23730
2026-03-17 14:45:00+00:00,414.2300109863281,415.989990234375,414.1400146484375,415.989990234375,15815
2026-03-17 14:46:00+00:00,415.989990234375,415.989990234375,414.7650146484375,414.9999084472656,21680
2026-03-17 14:47:00+00:00,414.9999084472656,415.8599853515625,414.5650024414063,415.1199951171875,16666
2026-03-17 14:48:00+00:00,414.9400024414063,415.2799987792969,414.5299987792969,414.7550048828125,9813
2026-03-17 14:49:00+00:00,415.2000122070313,415.2000122070313,414.4200134277344,414.4200134277344,12564
2026-03-17 14:50:00+00:00,414.3999938964844,414.639892578125,414.0,414.4100036621094,4940
2026-03-17 14:51:00+00:00,414.6400146484375,416.2000122070313,414.3599853515625,416.0,11650
2026-03-17 14:52:00+00:00,415.1600036621094,415.5,414.0,414.0,6741
2026-03-17 14:53:00+00:00,414.072509765625,414.2999877929688,413.4599914550781,413.9800109863281,6701
2026-03-17 14:54:00+00:00,413.7200012207031,414.6499938964844,413.6059875488281,413.6059875488281,7102
2026-03-17 14:55:00+00:00,414.3200073242188,415.739990234375,414.010009765625,415.4500122070313,325859
2026-03-17 14:56:00+00:00,415.5079956054688,415.5079956054688,414.1799926757813,414.4649963378906,0
2026-03-17 14:57:00+00:00,414.385009765625,414.9700012207031,414.385009765625,414.55999755859375,2840
2026-03-17 14:58:00+00:00,414.68798828125,414.8699951171875,414.30999755859375,414.510009765625,3981
2026-03-17 14:59:00+00:00,414.4150085449219,414.4150085449219,413.2200012207031,413.2200012207031,327837
2026-03-17 15:00:00+00:00,413.0299987792969,413.8200073242188,412.9100036621094,413.5899963378906,0
2026-03-17 15:01:00+00:00,413.6600036621094,413.6600036621094,413.0600891113281,413.2085876464844,2992
2026-03-17 15:02:00+00:00,413.3299865722656,414.0050048828125,413.3299865722656,414.0,6126
2026-03-17 15:03:00+00:00,414.0050048828125,414.9801025390625,414.0050048828125,414.9200134277344,6676
2026-03-17 15:04:00+00:00,414.9700012207031,416.010009765625,414.8800048828125,415.8450012207031,13072
2026-03-17 15:05:00+00:00,415.8450012207031,416.0093078613281,415.1799926757813,415.7999877929688,3690
2026-03-17 15:06:00+00:00,415.9400024414063,416.80999755859375,415.7000122070313,416.7000122070313,11599
2026-03-17 15:07:00+00:00,416.5549926757813,416.7699890136719,414.5,414.885009765625,7845
2026-03-17 15:08:00+00:00,414.8450012207031,415.0,414.3599853515625,414.7650146484375,3065
2026-03-17 15:09:00+00:00,414.9800109863281,414.9800109863281,414.4411926269531,414.4411926269531,3067
2026-03-17 15:10:00+00:00,414.3399963378906,414.3999938964844,413.2000122070313,414.0199890136719,7861
2026-03-17 15:11:00+00:00,414.3489990234375,414.3489990234375,413.1199951171875,413.3901062011719,3769
2026-03-17 15:12:00+00:00,413.7699890136719,414.010009765625,413.4800109863281,414.010009765625,364958
2026-03-17 15:13:00+00:00,413.9700012207031,414.0849914550781,413.6499938964844,413.7051086425781,0
2026-03-17 15:14:00+00:00,413.4100036621094,414.8499145507813,413.4100036621094,414.2300109863281,5126
2026-03-17 15:15:00+00:00,414.0849914550781,414.5799865722656,414.0849914550781,414.2999877929688,2994
2026-03-17 15:16:00+00:00,414.0299987792969,414.2950134277344,413.8800048828125,414.0299987792969,3086
2026-03-17 15:17:00+00:00,414.0700073242188,414.0700073242188,413.6300048828125,414.0,2010
2026-03-17 15:18:00+00:00,413.9100036621094,413.9200134277344,413.0000915527344,413.1900024414063,3369
2026-03-17 15:19:00+00:00,413.2300109863281,413.2850036621094,412.1199951171875,412.4500122070313,6083
2026-03-17 15:20:00+00:00,412.8200073242188,412.8200073242188,412.1099853515625,412.2300109863281,13858
2026-03-17 15:21:00+00:00,412.4200134277344,412.4200134277344,410.2349853515625,410.2349853515625,3876
2026-03-17 15:22:00+00:00,410.5,412.1300048828125,410.5,412.1300048828125,5675
2026-03-17 15:23:00+00:00,412.5050048828125,412.5799865722656,412.1300048828125,412.1300048828125,712
2026-03-17 15:24:00+00:00,411.8699951171875,412.3900146484375,411.8699951171875,411.885009765625,1639
2026-03-17 15:25:00+00:00,411.885009765625,411.885009765625,411.0299987792969,411.0950012207031,3133
2026-03-17 15:26:00+00:00,411.1300964355469,411.1300964355469,410.1900024414063,410.7699890136719,3550
2026-03-17 15:27:00+00:00,410.5799865722656,410.5799865722656,410.0,410.0849914550781,2241
2026-03-17 15:28:00+00:00,410.3699951171875,410.5,409.8800964355469,410.5,4280
2026-03-17 15:29:00+00:00,410.5199890136719,411.0700073242188,410.5,410.9599914550781,3455
2026-03-17 15:30:00+00:00,410.9549865722656,411.68499755859375,410.9549865722656,411.5499877929688,2974
2026-03-17 15:31:00+00:00,411.7449035644531,411.7449035644531,411.4800109863281,411.4800109863281,1873
2026-03-17 15:32:00+00:00,411.260009765625,412.0398864746094,411.260009765625,411.5249938964844,4511
2026-03-17 15:33:00+00:00,411.8999938964844,412.8049926757813,411.8999938964844,412.8049926757813,398246
2026-03-17 15:34:00+00:00,412.9500122070313,413.2041015625,412.6000061035156,412.7900085449219,0
2026-03-17 15:35:00+00:00,412.6300048828125,412.6724853515625,411.6000061035156,411.6000061035156,7798
2026-03-17 15:36:00+00:00,411.0801086425781,411.4874877929688,410.7401123046875,410.9674987792969,407901
2026-03-17 15:37:00+00:00,410.989990234375,411.2349853515625,410.9599914550781,410.9949951171875,0
2026-03-17 15:38:00+00:00,411.1875,411.1875,411.0,411.0,1136
2026-03-17 15:39:00+00:00,410.6199951171875,411.5700073242188,410.6199951171875,411.5700073242188,5919
2026-03-17 15:40:00+00:00,411.739990234375,412.3424987792969,411.4800109863281,411.9049987792969,3441
2026-03-17 15:41:00+00:00,411.9132080078125,412.0450134277344,411.5899963378906,411.8500061035156,1698
2026-03-17 15:42:00+00:00,412.2131042480469,412.3146057128906,412.2131042480469,412.3146057128906,542
2026-03-17 15:43:00+00:00,411.9299926757813,412.3500061035156,411.9299926757813,412.3500061035156,541
2026-03-17 15:44:00+00:00,412.6099853515625,413.0,412.6099853515625,412.9100036621094,3187
2026-03-17 15:45:00+00:00,412.6749877929688,412.8200073242188,412.3999938964844,412.614990234375,1929
2026-03-17 15:46:00+00:00,412.5899963378906,412.6926879882813,412.260009765625,412.6050109863281,3172
2026-03-17 15:47:00+00:00,412.75,412.75,412.2699890136719,412.3924865722656,6510
2026-03-17 15:48:00+00:00,412.4700012207031,412.4700012207031,411.6900024414063,411.7300109863281,1729
2026-03-17 15:49:00+00:00,411.5499877929688,411.6000061035156,410.2099914550781,410.7850036621094,7449
2026-03-17 15:50:00+00:00,410.8299865722656,412.1799926757813,410.8299865722656,412.0,4821
2026-03-17 15:51:00+00:00,411.8949890136719,412.1600036621094,411.4200134277344,411.4200134277344,1686
2026-03-17 15:52:00+00:00,411.6000061035156,412.0,411.6000061035156,411.68499755859375,3732
2026-03-17 15:53:00+00:00,411.9599914550781,412.8789978027344,411.9599914550781,412.8200073242188,1781
2026-03-17 15:54:00+00:00,412.5400085449219,412.5400085449219,411.5,411.989990234375,425252
2026-03-17 15:55:00+00:00,411.6300048828125,412.3190002441406,411.6300048828125,412.1400146484375,0
2026-03-17 15:56:00+00:00,412.2300109863281,412.3200073242188,412.1199951171875,412.2349853515625,1953
2026-03-17 15:57:00+00:00,412.239990234375,412.7149963378906,412.2124938964844,412.614990234375,2646
2026-03-17 15:58:00+00:00,412.5199890136719,412.5199890136719,411.6650085449219,411.6650085449219,2893
2026-03-17 15:59:00+00:00,411.3900146484375,411.5198974609375,411.2550048828125,411.2699890136719,2525
2026-03-17 16:00:00+00:00,411.1499938964844,411.6700134277344,411.1499938964844,411.2699890136719,3151
2026-03-17 16:01:00+00:00,410.9505920410156,411.4599914550781,410.9000854492188,411.4599914550781,2721
2026-03-17 16:02:00+00:00,411.7900085449219,411.7900085449219,411.3599853515625,411.3599853515625,2380
2026-03-17 16:03:00+00:00,411.3299865722656,411.3299865722656,410.1400146484375,410.5050048828125,432827
2026-03-17 16:04:00+00:00,410.18499755859375,410.4400024414063,409.8800048828125,410.0869140625,0
2026-03-17 16:05:00+00:00,409.80999755859375,410.2200012207031,409.80999755859375,410.0350036621094,2043
2026-03-17 16:06:00+00:00,410.0755004882813,410.3999938964844,409.2250061035156,409.4399108886719,5430
2026-03-17 16:07:00+00:00,409.0400085449219,409.8298950195313,409.0400085449219,409.489990234375,4020
2026-03-17 16:08:00+00:00,409.8299865722656,410.2699890136719,409.8299865722656,410.05999755859375,1403
2026-03-17 16:09:00+00:00,410.1400146484375,410.5299987792969,410.1400146484375,410.5299987792969,1270
2026-03-17 16:10:00+00:00,410.5299987792969,411.3800048828125,410.5299987792969,411.2099914550781,2424
2026-03-17 16:11:00+00:00,411.2099914550781,411.5299987792969,411.1950073242188,411.5299987792969,2898
2026-03-17 16:12:00+00:00,411.364990234375,411.364990234375,411.0400085449219,411.0799865722656,1630
2026-03-17 16:13:00+00:00,411.5299987792969,411.7349853515625,411.5199890136719,411.7349853515625,1580
2026-03-17 16:14:00+00:00,411.4599914550781,411.5299987792969,411.1200866699219,411.4249877929688,5524
2026-03-17 16:15:00+00:00,411.6998901367188,411.6998901367188,411.4200134277344,411.4201965332031,1564
2026-03-17 16:16:00+00:00,411.4200134277344,411.4200134277344,411.010009765625,411.0499877929688,1651
2026-03-17 16:17:00+00:00,410.9450073242188,411.30999755859375,410.9450073242188,411.30999755859375,1343
2026-03-17 16:18:00+00:00,411.5,411.7099914550781,411.5,411.6900024414063,2410
2026-03-17 16:19:00+00:00,411.6549987792969,411.6950073242188,411.6000061035156,411.6000061035156,1902
2026-03-17 16:20:00+00:00,411.3699951171875,411.489990234375,411.3699951171875,411.489990234375,779
2026-03-17 16:21:00+00:00,411.1799926757813,411.6099853515625,411.1799926757813,411.6099853515625,2312
2026-03-17 16:22:00+00:00,411.6199951171875,411.7033996582031,411.4549865722656,411.7033996582031,1483
2026-03-17 16:23:00+00:00,412.0,412.2999877929688,412.0,412.2999877929688,443333
2026-03-17 16:24:00+00:00,412.206787109375,412.3699951171875,412.1780090332031,412.343994140625,0
2026-03-17 16:25:00+00:00,412.0899963378906,412.2839965820313,411.9700012207031,411.9700012207031,2220
2026-03-17 16:26:00+00:00,412.4100036621094,412.6990051269531,412.3699951171875,412.6990051269531,1483
2026-03-17 16:27:00+00:00,412.3699951171875,412.7799987792969,412.1700134277344,412.7799987792969,2179
2026-03-17 16:28:00+00:00,412.6000061035156,412.9500122070313,412.6000061035156,412.6099853515625,3021
2026-03-17 16:29:00+00:00,412.80999755859375,412.8299865722656,412.5799865722656,412.7449951171875,3000
2026-03-17 16:30:00+00:00,412.7449951171875,412.9299926757813,412.7449951171875,412.9299926757813,897
2026-03-17 16:31:00+00:00,412.7250061035156,413.0,412.625,412.625,2178
2026-03-17 16:32:00+00:00,412.625,412.625,412.2699890136719,412.4150085449219,452754
2026-03-17 16:33:00+00:00,412.4100036621094,412.4100036621094,412.4100036621094,412.4100036621094,0
2026-03-17 16:34:00+00:00,412.3900146484375,412.3900146484375,411.9150085449219,412.0101013183594,2514
2026-03-17 16:35:00+00:00,412.010009765625,412.4599914550781,411.7900085449219,411.7900085449219,3420
2026-03-17 16:36:00+00:00,411.54010009765625,411.8949890136719,411.5400085449219,411.5899963378906,3206
2026-03-17 16:37:00+00:00,411.5899963378906,411.8200073242188,411.5899963378906,411.8200073242188,1169
2026-03-17 16:38:00+00:00,412.010009765625,412.6199951171875,412.010009765625,412.6199951171875,456500
2026-03-17 16:39:00+00:00,412.510009765625,412.6000061035156,412.260009765625,412.4500122070313,0
2026-03-17 16:40:00+00:00,412.3599853515625,412.3599853515625,412.3500061035156,412.3550109863281,872
2026-03-17 16:41:00+00:00,412.0499877929688,412.1300048828125,411.7799987792969,412.125,1183
2026-03-17 16:42:00+00:00,412.2550048828125,412.2550048828125,411.7999877929688,411.7999877929688,1445
2026-03-17 16:43:00+00:00,412.1549987792969,412.3287963867188,412.1549987792969,412.3287963867188,642
2026-03-17 16:44:00+00:00,412.0899963378906,412.4172058105469,412.0899963378906,412.4172058105469,599
2026-03-17 16:45:00+00:00,412.6600036621094,412.7250061035156,412.260009765625,412.4450073242188,4385
2026-03-17 16:46:00+00:00,412.6449890136719,412.6449890136719,412.6449890136719,412.6449890136719,475
2026-03-17 16:47:00+00:00,412.3699951171875,412.4700012207031,412.1600036621094,412.4400024414063,5386
2026-03-17 16:50:00+00:00,412.4849853515625,412.6600036621094,412.4849853515625,412.6600036621094,864
2026-03-17 16:51:00+00:00,412.30999755859375,412.30999755859375,412.30999755859375,412.30999755859375,458
2026-03-17 16:52:00+00:00,412.30999755859375,412.30999755859375,411.5899963378906,411.6199951171875,2305
2026-03-17 16:53:00+00:00,411.5799865722656,412.2000122070313,411.5799865722656,412.2000122070313,1648
2026-03-17 16:54:00+00:00,412.1950073242188,412.6199951171875,412.0,412.6199951171875,3256
2026-03-17 16:55:00+00:00,413.1000061035156,413.8999938964844,413.1000061035156,413.6549987792969,3083
2026-03-17 16:56:00+00:00,413.8457946777344,413.8457946777344,413.6950073242188,413.6950073242188,736
2026-03-17 16:57:00+00:00,413.7349853515625,413.7349853515625,413.6000061035156,413.6000061035156,1279
2026-03-17 16:58:00+00:00,413.6000061035156,413.7799987792969,413.3999938964844,413.6099853515625,3098
2026-03-17 16:59:00+00:00,413.3200988769531,413.4750061035156,413.2550048828125,413.3949890136719,3346
2026-03-17 17:00:00+00:00,413.3999938964844,413.8800048828125,413.1600036621094,413.3298950195313,5384
2026-03-17 17:01:00+00:00,413.1900024414063,413.3200073242188,412.9599914550781,413.3200073242188,1581
2026-03-17 17:02:00+00:00,413.4100036621094,414.8268127441406,413.3699951171875,414.5499877929688,477466
2026-03-17 17:03:00+00:00,414.6878967285156,414.760009765625,414.5,414.7550048828125,0
2026-03-17 17:04:00+00:00,414.6449890136719,414.6449890136719,414.1400146484375,414.3399963378906,3348
2026-03-17 17:05:00+00:00,414.7409973144531,414.8299865722656,414.6824951171875,414.8299865722656,1038
2026-03-17 17:06:00+00:00,414.581787109375,414.5907897949219,414.3399963378906,414.5400085449219,2444
2026-03-17 17:07:00+00:00,414.56201171875,414.8099060058594,414.56201171875,414.5799865722656,1230
2026-03-17 17:08:00+00:00,414.6199951171875,414.6199951171875,414.1600036621094,414.1600036621094,2726
2026-03-17 17:09:00+00:00,414.5999145507813,415.2999877929688,414.5999145507813,415.2999877929688,4944
2026-03-17 17:10:00+00:00,415.4700012207031,415.4700012207031,414.2000122070313,414.2000122070313,2343
2026-03-17 17:11:00+00:00,413.8200073242188,414.3299865722656,413.8200073242188,414.3299865722656,902
2026-03-17 17:12:00+00:00,414.3299865722656,414.8599853515625,414.3299865722656,414.8599853515625,901
2026-03-17 17:13:00+00:00,414.7900085449219,414.7900085449219,414.25,414.25,487443
2026-03-17 17:14:00+00:00,414.3599853515625,414.5798950195313,414.25,414.3900146484375,0
2026-03-17 17:15:00+00:00,414.5799865722656,415.1400146484375,414.4750061035156,415.1400146484375,6889
2026-03-17 17:16:00+00:00,415.39459228515625,415.6809997558594,415.0499877929688,415.1099853515625,489953
2026-03-17 17:17:00+00:00,415.2048950195313,415.4299926757813,414.85009765625,415.125,0
2026-03-17 17:18:00+00:00,415.1600036621094,415.1600036621094,415.1600036621094,415.1600036621094,819
2026-03-17 17:19:00+00:00,415.2101135253906,415.3299865722656,415.2101135253906,415.3299865722656,1633
2026-03-17 17:20:00+00:00,415.2550048828125,415.4599914550781,415.0,415.1799926757813,11261
2026-03-17 17:21:00+00:00,415.3299865722656,415.8049926757813,415.1000061035156,415.8049926757813,3509
2026-03-17 17:22:00+00:00,415.8049926757813,416.5,415.8049926757813,416.1099853515625,8828
2026-03-17 17:23:00+00:00,415.6700134277344,415.7799987792969,415.5101013183594,415.7099914550781,3460
2026-03-17 17:24:00+00:00,415.760009765625,415.9500122070313,415.6000061035156,415.7900085449219,6362
2026-03-17 17:25:00+00:00,415.739990234375,416.1600036621094,415.4400024414063,415.5799865722656,8935
2026-03-17 17:26:00+00:00,415.9599914550781,416.2699890136719,415.9599914550781,416.1998901367188,3381
2026-03-17 17:27:00+00:00,416.2000122070313,417.0,416.2000122070313,416.989990234375,3159
2026-03-17 17:28:00+00:00,416.7300109863281,416.7300109863281,415.9049987792969,416.2900085449219,4239
2026-03-17 17:29:00+00:00,416.114990234375,416.114990234375,415.4249877929688,415.4249877929688,1759
2026-03-17 17:30:00+00:00,415.5400085449219,416.8599853515625,415.5400085449219,416.8599853515625,2854
2026-03-17 17:31:00+00:00,416.7200012207031,417.4699096679688,416.7000122070313,417.135009765625,6337
2026-03-17 17:32:00+00:00,417.125,417.1400146484375,417.0,417.0,2362
2026-03-17 17:33:00+00:00,417.1449890136719,417.1449890136719,416.6499938964844,416.6499938964844,1643
2026-03-17 17:34:00+00:00,417.0999145507813,417.0999145507813,416.9150085449219,417.0,3127
2026-03-17 17:35:00+00:00,417.1000061035156,417.2999877929688,416.8500061035156,417.2999877929688,2002
2026-03-17 17:36:00+00:00,417.5499877929688,417.760009765625,417.5,417.5499877929688,1647
2026-03-17 17:37:00+00:00,417.5450134277344,417.5450134277344,417.1499938964844,417.2049865722656,4210
2026-03-17 17:38:00+00:00,416.9800109863281,417.0899963378906,416.9800109863281,417.0899963378906,1365
2026-03-17 17:39:00+00:00,416.9800109863281,416.9800109863281,416.5549926757813,416.55999755859375,2789
2026-03-17 17:40:00+00:00,416.7900085449219,417.0899963378906,416.5799865722656,416.5799865722656,5851
2026-03-17 17:41:00+00:00,416.3290100097656,416.8800048828125,416.3290100097656,416.8800048828125,1722
2026-03-17 17:42:00+00:00,416.8799133300781,417.1600036621094,416.8799133300781,416.8800048828125,2260
2026-03-17 17:43:00+00:00,416.9549865722656,417.1099853515625,416.7301025390625,416.9599914550781,4861
2026-03-17 17:44:00+00:00,416.9849853515625,416.9849853515625,416.3999938964844,416.3999938964844,2353
2026-03-17 17:45:00+00:00,416.4299926757813,416.6749877929688,416.4299926757813,416.6749877929688,1223
2026-03-17 17:46:00+00:00,416.18011474609375,416.739990234375,416.18011474609375,416.6600036621094,1723
2026-03-17 17:47:00+00:00,416.4400024414063,416.5799865722656,416.2200012207031,416.2200012207031,3162
2026-03-17 17:48:00+00:00,416.4599914550781,416.4599914550781,416.0,416.2699890136719,1623
2026-03-17 17:49:00+00:00,416.2900085449219,416.7799072265625,416.2699890136719,416.7799072265625,2928
2026-03-17 17:50:00+00:00,416.3901062011719,416.3901062011719,415.2999877929688,415.2999877929688,4375
2026-03-17 17:51:00+00:00,415.5400085449219,416.2099914550781,415.1900024414063,415.9200134277344,4951
2026-03-17 17:52:00+00:00,416.2799987792969,417.0,416.2799987792969,416.8900146484375,3157
2026-03-17 17:53:00+00:00,416.9671936035156,417.2099914550781,416.7900085449219,417.2099914550781,2725
2026-03-17 17:54:00+00:00,417.2300109863281,417.5,417.2300109863281,417.4800109863281,1322
2026-03-17 17:55:00+00:00,417.0499877929688,417.2999877929688,417.0400085449219,417.0400085449219,1923
2026-03-17 17:56:00+00:00,417.0249938964844,417.2349853515625,417.0249938964844,417.2200012207031,4224
2026-03-17 17:57:00+00:00,417.2857055664063,417.2857055664063,417.1549987792969,417.1549987792969,596
2026-03-17 17:58:00+00:00,416.9599914550781,416.9599914550781,416.8699951171875,416.9000854492188,1270
2026-03-17 17:59:00+00:00,416.8699951171875,417.0400085449219,416.7099914550781,416.8550109863281,4030
2026-03-17 18:00:00+00:00,417.0400085449219,417.0499877929688,416.75,416.75,1235
2026-03-17 18:01:00+00:00,416.7200012207031,416.8349914550781,416.5799865722656,416.7900085449219,3472
2026-03-17 18:02:00+00:00,416.9299926757813,416.9800109863281,416.9299926757813,416.9400024414063,1079
2026-03-17 18:03:00+00:00,417.4800109863281,417.4800109863281,417.375,417.375,904
2026-03-17 18:04:00+00:00,417.3800048828125,417.5299987792969,417.375,417.4955139160156,4523
2026-03-17 18:05:00+00:00,417.3200073242188,417.3200073242188,416.6900024414063,416.6900024414063,3958
2026-03-17 18:06:00+00:00,416.8999938964844,417.1300048828125,416.625,417.1300048828125,2148
2026-03-17 18:07:00+00:00,417.0450134277344,417.0499877929688,416.8800048828125,417.0499877929688,3541
2026-03-17 18:08:00+00:00,416.7099914550781,416.8900146484375,416.7099914550781,416.8900146484375,510
2026-03-17 18:09:00+00:00,416.8900146484375,417.1900024414063,416.8150024414063,417.1900024414063,2223
2026-03-17 18:10:00+00:00,417.0899963378906,417.3900146484375,417.0899963378906,417.260009765625,471
2026-03-17 18:11:00+00:00,417.2000122070313,417.260009765625,416.8999938964844,417.2000122070313,2850
2026-03-17 18:12:00+00:00,417.0101013183594,417.5199890136719,417.0101013183594,417.5199890136719,1355
2026-03-17 18:13:00+00:00,417.2200012207031,417.739990234375,417.0101013183594,417.552490234375,4216
2026-03-17 18:14:00+00:00,417.7300109863281,417.7999877929688,417.5,417.7799987792969,1328
2026-03-17 18:15:00+00:00,417.9498901367188,417.9498901367188,417.7099914550781,417.8299865722656,1416
2026-03-17 18:16:00+00:00,417.89990234375,418.1000061035156,417.7099914550781,418.1000061035156,4764
2026-03-17 18:17:00+00:00,418.01800537109375,418.2300109863281,417.760009765625,417.7699890136719,3501
2026-03-17 18:18:00+00:00,418.1400146484375,418.1400146484375,417.760009765625,418.00201416015625,3457
2026-03-17 18:19:00+00:00,418.1091918945313,418.3800048828125,417.8900146484375,418.2573852539063,3597
2026-03-17 18:20:00+00:00,418.3800048828125,418.4498901367188,417.5,417.6400146484375,4287
2026-03-17 18:21:00+00:00,417.4599914550781,417.7300109863281,417.1900024414063,417.7300109863281,1658
2026-03-17 18:22:00+00:00,417.4205017089844,417.75,417.3789978027344,417.3790893554688,2953
2026-03-17 18:23:00+00:00,417.2900085449219,417.6400146484375,417.2000122070313,417.55999755859375,4949
2026-03-17 18:24:00+00:00,417.4500122070313,417.4500122070313,416.8216857910156,416.8301086425781,3158
2026-03-17 18:25:00+00:00,416.7950134277344,416.9700012207031,416.3800048828125,416.4049987792969,1480
2026-03-17 18:26:00+00:00,416.4049987792969,416.6499938964844,416.32708740234375,416.6499938964844,2007
2026-03-17 18:27:00+00:00,416.9299926757813,417.0899963378906,416.0490112304688,416.0490112304688,2821
2026-03-17 18:28:00+00:00,416.25,416.25,416.25,416.25,253
2026-03-17 18:29:00+00:00,416.2799987792969,416.2799987792969,415.9100036621094,416.090087890625,1829
2026-03-17 18:30:00+00:00,416.090087890625,416.2900085449219,416.0,416.25,587084
2026-03-17 18:31:00+00:00,416.1960144042969,416.3800048828125,416.010009765625,416.010009765625,0
2026-03-17 18:32:00+00:00,415.9500122070313,416.2900085449219,415.9500122070313,416.239990234375,1155
2026-03-17 18:33:00+00:00,416.25,416.4498901367188,415.7799987792969,416.4498901367188,1560
2026-03-17 18:34:00+00:00,416.1199951171875,416.1199951171875,415.9800109863281,415.9800109863281,1473
2026-03-17 18:35:00+00:00,415.8299865722656,415.8999938964844,415.80999755859375,415.8999938964844,1096
2026-03-17 18:36:00+00:00,415.8299865722656,415.8299865722656,415.6499938964844,415.6499938964844,2389
2026-03-17 18:37:00+00:00,415.989990234375,416.2699890136719,415.989990234375,416.2699890136719,3394
2026-03-17 18:38:00+00:00,416.4299926757813,416.4599914550781,416.3135986328125,416.3135986328125,588933
2026-03-17 18:39:00+00:00,416.1700134277344,416.2372131347656,416.1700134277344,416.2200012207031,0
2026-03-17 18:40:00+00:00,415.8399963378906,415.8399963378906,415.8200073242188,415.8399963378906,1020
2026-03-17 18:41:00+00:00,415.2099914550781,416.25,415.2099914550781,416.25,2699
2026-03-17 18:42:00+00:00,416.2000122070313,416.68499755859375,416.2000122070313,416.3699951171875,2709
2026-03-17 18:43:00+00:00,416.1099853515625,416.4500122070313,416.0400085449219,416.1191101074219,2893
2026-03-17 18:44:00+00:00,416.2300109863281,416.2300109863281,416.2300109863281,416.2300109863281,592057
2026-03-17 18:45:00+00:00,416.4198913574219,416.4299926757813,416.1700134277344,416.4299926757813,0
2026-03-17 18:47:00+00:00,416.5700073242188,416.5700073242188,416.489990234375,416.510009765625,2031
2026-03-17 18:48:00+00:00,416.0,416.2799987792969,416.0,416.2799987792969,1851
2026-03-17 18:49:00+00:00,416.30999755859375,416.30999755859375,416.30999755859375,416.30999755859375,509
2026-03-17 18:50:00+00:00,416.2349853515625,416.2900085449219,415.8200073242188,416.2799987792969,4276
2026-03-17 18:51:00+00:00,415.8299865722656,416.0549926757813,415.8200073242188,415.8200073242188,1649
2026-03-17 18:52:00+00:00,416.0650024414063,416.1000061035156,416.0650024414063,416.1000061035156,598027
2026-03-17 18:53:00+00:00,415.9200134277344,416.1549987792969,415.9200134277344,416.1549987792969,0
2026-03-17 18:54:00+00:00,416.14300537109375,416.239990234375,416.14300537109375,416.2000122070313,1517
2026-03-17 18:55:00+00:00,415.9800109863281,415.9800109863281,415.6799926757813,415.7250061035156,2337
2026-03-17 18:56:00+00:00,415.510009765625,415.6300048828125,415.4400024414063,415.4400024414063,1608
2026-03-17 18:57:00+00:00,415.489990234375,415.5899963378906,415.2099914550781,415.3999938964844,3943
2026-03-17 18:58:00+00:00,415.7037963867188,415.7037963867188,415.5199890136719,415.5199890136719,1395
2026-03-17 18:59:00+00:00,415.6099853515625,415.6099853515625,415.6099853515625,415.6099853515625,448
2026-03-17 19:00:00+00:00,415.3200073242188,415.3200073242188,414.56201171875,415.0,4768
2026-03-17 19:02:00+00:00,414.7699890136719,415.2049865722656,414.7699890136719,415.0899963378906,3239
2026-03-17 19:03:00+00:00,415.0899963378906,415.2900085449219,414.55999755859375,414.7650146484375,2801
2026-03-17 19:04:00+00:00,414.6099853515625,415.0799865722656,414.6099853515625,414.9800109863281,2419
2026-03-17 19:05:00+00:00,414.7449951171875,414.9700012207031,414.7449951171875,414.8200073242188,2251
2026-03-17 19:06:00+00:00,414.614990234375,414.9500122070313,414.6099853515625,414.7799987792969,611347
2026-03-17 19:07:00+00:00,414.9700012207031,414.9700012207031,414.3200073242188,414.489990234375,0
2026-03-17 19:08:00+00:00,414.6600036621094,415.1199951171875,414.5949096679688,415.1199035644531,2804
2026-03-17 19:09:00+00:00,414.8399963378906,415.5,414.8399963378906,415.0400085449219,5545
2026-03-17 19:10:00+00:00,415.2000122070313,415.760009765625,415.2000122070313,415.489990234375,2950
2026-03-17 19:11:00+00:00,415.5,415.5799865722656,415.5,415.5650024414063,972
2026-03-17 19:12:00+00:00,415.7200012207031,416.0,415.4700012207031,415.4700012207031,7061
2026-03-17 19:13:00+00:00,415.5299987792969,415.75,415.5199890136719,415.6099853515625,621528
2026-03-17 19:14:00+00:00,415.5499877929688,415.5700073242188,415.4500122070313,415.489990234375,0
2026-03-17 19:15:00+00:00,415.3999938964844,415.6300048828125,415.3500061035156,415.6300048828125,2889
2026-03-17 19:16:00+00:00,415.590087890625,415.6000061035156,415.5050048828125,415.55999755859375,2030
2026-03-17 19:17:00+00:00,415.5400085449219,415.5400085449219,415.260009765625,415.4299926757813,2226
2026-03-17 19:18:00+00:00,415.2999877929688,415.5798950195313,415.260009765625,415.3949890136719,2213
2026-03-17 19:19:00+00:00,415.3699951171875,415.3699951171875,414.6000061035156,414.7950134277344,5024
2026-03-17 19:20:00+00:00,414.7000122070313,415.1300048828125,414.7000122070313,414.9500122070313,5295
2026-03-17 19:21:00+00:00,414.8900146484375,415.1600036621094,414.8900146484375,414.9800109863281,3764
2026-03-17 19:22:00+00:00,414.760009765625,414.760009765625,414.6099853515625,414.6499938964844,1750
2026-03-17 19:23:00+00:00,414.635009765625,414.8150024414063,414.635009765625,414.7850036621094,3399
2026-03-17 19:24:00+00:00,414.7850036621094,415.1199951171875,414.7850036621094,415.1199951171875,3115
2026-03-17 19:25:00+00:00,415.0700073242188,415.4898986816406,415.0700073242188,415.2449951171875,13237
2026-03-17 19:26:00+00:00,415.1900024414063,415.3599853515625,415.0,415.2449951171875,2957
2026-03-17 19:27:00+00:00,415.2449951171875,415.4200134277344,414.8800048828125,415.1449890136719,3129
2026-03-17 19:28:00+00:00,415.2900085449219,415.4299926757813,415.1400146484375,415.1900024414063,8371
2026-03-17 19:29:00+00:00,415.1799926757813,415.3800048828125,414.9800109863281,415.1297912597656,6646
2026-03-17 19:30:00+00:00,415.260009765625,415.260009765625,414.9700012207031,414.9700012207031,4032
2026-03-17 19:31:00+00:00,414.80999755859375,414.8699951171875,414.4501037597656,414.7900085449219,4783
2026-03-17 19:32:00+00:00,414.7699890136719,414.7699890136719,414.3500061035156,414.3500061035156,2587
2026-03-17 19:33:00+00:00,414.2174987792969,415.20989990234375,414.2000122070313,415.20989990234375,7607
2026-03-17 19:34:00+00:00,415.1900024414063,415.1900024414063,414.3399963378906,414.4800109863281,5002
2026-03-17 19:35:00+00:00,414.7114868164063,415.1600036621094,414.68499755859375,414.9800109863281,2236
2026-03-17 19:36:00+00:00,414.9500122070313,415.0799865722656,414.7800903320313,414.7800903320313,2892
2026-03-17 19:37:00+00:00,415.2000122070313,415.8399963378906,415.1499938964844,415.6659851074219,4165
2026-03-17 19:38:00+00:00,415.75,416.193603515625,415.75,415.9501037597656,4176
2026-03-17 19:39:00+00:00,416.2000122070313,417.0,415.9501037597656,417.0,6340
2026-03-17 19:40:00+00:00,417.5700073242188,417.7999877929688,417.2099914550781,417.4599914550781,12147
2026-03-17 19:41:00+00:00,417.447998046875,417.8299865722656,417.447998046875,417.8299865722656,5909
2026-03-17 19:42:00+00:00,417.8049926757813,417.9500122070313,417.489990234375,417.8500061035156,6144
2026-03-17 19:43:00+00:00,417.7950134277344,418.0799865722656,417.7200012207031,417.7200927734375,13135
2026-03-17 19:44:00+00:00,418.0799865722656,418.6600036621094,418.0799865722656,418.6600036621094,5395
2026-03-17 19:45:00+00:00,418.6799926757813,419.8299865722656,418.6749877929688,419.8299865722656,14184
2026-03-17 19:46:00+00:00,419.7900085449219,420.05999755859375,418.7799987792969,419.0199890136719,19440
2026-03-17 19:47:00+00:00,419.0150146484375,420.0499877929688,418.4500122070313,420.0249938964844,14899
2026-03-17 19:48:00+00:00,419.864990234375,420.3699951171875,419.864990234375,420.3599853515625,15612
2026-03-17 19:49:00+00:00,420.3699951171875,420.7999877929688,420.1199951171875,420.6000061035156,16339
2026-03-17 19:50:00+00:00,420.6000061035156,420.6000061035156,419.16009521484375,419.3999938964844,10915
2026-03-17 19:51:00+00:00,419.2749938964844,419.7699890136719,419.1600036621094,419.739990234375,11066
2026-03-17 19:52:00+00:00,419.7699890136719,420.239990234375,419.7300109863281,420.239990234375,9996
2026-03-17 19:53:00+00:00,420.239990234375,420.4200134277344,420.0849914550781,420.3800048828125,7715
2026-03-17 19:54:00+00:00,420.3599853515625,420.6099853515625,420.1600036621094,420.5499877929688,14509
2026-03-17 19:55:00+00:00,420.510009765625,420.8699951171875,420.3500061035156,420.4849853515625,17697
2026-03-17 19:56:00+00:00,420.5700073242188,421.010009765625,420.4949951171875,420.8924865722656,21057
2026-03-17 19:57:00+00:00,421.0400085449219,421.05999755859375,420.7200012207031,421.0499877929688,21749
2026-03-17 19:58:00+00:00,421.0499877929688,421.30999755859375,420.8699951171875,421.2799987792969,30974
2026-03-17 19:59:00+00:00,421.260009765625,421.3139953613281,420.9010009765625,421.1900024414063,48004
2026-03-18 13:30:00+00:00,419.5299987792969,422.739990234375,418.8599853515625,420.0750122070313,117280
2026-03-18 13:31:00+00:00,419.6199951171875,419.6199951171875,414.1701049804687,414.9949951171875,14307
2026-03-18 13:32:00+00:00,414.4400024414063,416.189697265625,413.2449951171875,415.6400146484375,7498
2026-03-18 13:33:00+00:00,415.5,415.8450012207031,414.6300048828125,415.5799865722656,8950
2026-03-18 13:34:00+00:00,415.5299987792969,416.0119934082031,414.6300048828125,415.6449890136719,7449
2026-03-18 13:35:00+00:00,415.6400146484375,415.7449951171875,411.9642028808594,412.0799865722656,10207
2026-03-18 13:36:00+00:00,412.3699951171875,412.5400085449219,409.0497131347656,410.9500122070313,89062
2026-03-18 13:37:00+00:00,410.8699951171875,412.7900085449219,410.8500061035156,411.7099914550781,0
2026-03-18 13:38:00+00:00,411.9130859375,412.0,410.739990234375,410.739990234375,8031
2026-03-18 13:39:00+00:00,410.739990234375,411.0700073242187,408.8999938964844,410.1600036621094,7860
2026-03-18 13:40:00+00:00,410.6600036621094,410.6600036621094,409.0,410.3299865722656,111117
2026-03-18 13:41:00+00:00,410.3299865722656,412.2850036621094,408.2000122070313,409.1000061035156,0
2026-03-18 13:42:00+00:00,408.50689697265625,410.3900146484375,408.427001953125,410.0249938964844,9623
2026-03-18 13:43:00+00:00,410.4150085449219,410.5950012207031,406.0510864257813,406.0510864257813,17708
2026-03-18 13:44:00+00:00,406.4100036621094,407.0,406.4100036621094,406.7200012207031,5818
2026-03-18 13:45:00+00:00,406.7359924316406,408.739990234375,406.5199890136719,408.0299987792969,21519
2026-03-18 13:46:00+00:00,408.4649963378906,408.8800048828125,407.5199890136719,408.8299865722656,13324
2026-03-18 13:47:00+00:00,408.9649963378906,408.9649963378906,407.0,407.0499877929687,7177
2026-03-18 13:48:00+00:00,407.7300109863281,407.75,405.2950134277344,405.3450012207031,17810
2026-03-18 13:49:00+00:00,405.3349914550781,408.2341918945313,405.1099853515625,408.1400146484375,19911
2026-03-18 13:50:00+00:00,408.3299865722656,408.5198974609375,407.2349853515625,407.6000061035156,10403
2026-03-18 13:51:00+00:00,408.0,410.0899963378906,407.9462890625,408.5,9087
2026-03-18 13:52:00+00:00,407.9800109863281,410.1650085449219,407.5799865722656,409.739990234375,8174
2026-03-18 13:53:00+00:00,410.3198852539063,410.3198852539063,409.3299865722656,409.6799926757813,4205
2026-03-18 13:54:00+00:00,410.30999755859375,411.3699951171875,409.7449951171875,411.3699951171875,5605
2026-03-18 13:55:00+00:00,411.62249755859375,412.3800048828125,411.510009765625,412.25,8141
2026-03-18 13:56:00+00:00,411.6499938964844,412.5599060058594,411.6499938964844,411.9804992675781,7958
2026-03-18 13:57:00+00:00,412.2250061035156,415.5700073242187,412.2250061035156,415.5700073242187,11906
2026-03-18 13:58:00+00:00,415.7698974609375,415.7698974609375,414.7999877929687,415.760009765625,6129
2026-03-18 13:59:00+00:00,415.7699890136719,416.2698974609375,415.1600036621094,415.1700134277344,7530
2026-03-18 14:00:00+00:00,415.4599914550781,415.639892578125,414.0899963378906,415.1300048828125,19558
2026-03-18 14:01:00+00:00,415.4800109863281,415.4800109863281,413.510009765625,414.0450134277344,11165
2026-03-18 14:02:00+00:00,414.1199951171875,414.9898986816406,412.5461120605469,413.293212890625,10943
2026-03-18 14:03:00+00:00,413.5199890136719,414.3399963378906,413.1199951171875,413.3699951171875,14640
2026-03-18 14:04:00+00:00,413.5137023925781,414.5899963378906,413.5137023925781,413.75,8569
2026-03-18 14:05:00+00:00,414.0,415.489990234375,413.5499877929687,414.989990234375,7379
2026-03-18 14:06:00+00:00,416.0,416.0899963378906,415.1000061035156,415.8731994628906,7148
2026-03-18 14:07:00+00:00,415.8349914550781,416.55999755859375,415.510009765625,415.510009765625,9113
2026-03-18 14:08:00+00:00,415.80999755859375,416.0899963378906,415.6000061035156,416.0249938964844,2639
2026-03-18 14:09:00+00:00,416.14990234375,417.2622985839844,415.5180969238281,417.0198974609375,11686
2026-03-18 14:10:00+00:00,416.9100036621094,417.0198974609375,415.3299865722656,415.3299865722656,5332
2026-03-18 14:11:00+00:00,415.5,416.4999084472656,415.0700073242187,415.7349853515625,11819
2026-03-18 14:12:00+00:00,415.4700927734375,415.8299865722656,415.3999938964844,415.3999938964844,4385
2026-03-18 14:13:00+00:00,415.5249938964844,415.89990234375,414.1000061035156,415.4299926757813,15360
2026-03-18 14:14:00+00:00,414.7449951171875,415.3999938964844,414.1661071777344,414.8924865722656,6598
2026-03-18 14:15:00+00:00,414.75,416.6044921875,414.6300048828125,416.1000061035156,4314
2026-03-18 14:16:00+00:00,416.2074890136719,416.4500122070313,416.0299987792969,416.2000122070313,1960
2026-03-18 14:17:00+00:00,415.6199951171875,415.6199951171875,414.8349914550781,415.0799865722656,6142
2026-03-18 14:18:00+00:00,415.5950012207031,416.2300109863281,415.2900085449219,415.2900085449219,5515
2026-03-18 14:19:00+00:00,415.5,415.5,415.0,415.1199951171875,1920
2026-03-18 14:20:00+00:00,415.0700073242187,416.8699951171875,415.0700073242187,416.5400085449219,7563
2026-03-18 14:21:00+00:00,416.5400085449219,416.5400085449219,416.0499877929687,416.25,2821
2026-03-18 14:22:00+00:00,416.1799926757813,416.2149963378906,414.0,414.0,8543
2026-03-18 14:23:00+00:00,413.7850036621094,415.0299987792969,413.7850036621094,414.9999084472656,4580
2026-03-18 14:24:00+00:00,414.4949951171875,414.4949951171875,413.6300048828125,413.6300048828125,2349
2026-03-18 14:25:00+00:00,413.6300048828125,413.9800109863281,413.1600036621094,413.5849914550781,3992
2026-03-18 14:26:00+00:00,412.2000122070313,413.1199951171875,411.7099914550781,411.7099914550781,6852
2026-03-18 14:27:00+00:00,411.9700012207031,412.8900146484375,411.8760070800781,412.510009765625,4737
2026-03-18 14:28:00+00:00,413.010009765625,413.6008911132813,412.989990234375,413.6008911132813,2973
2026-03-18 14:29:00+00:00,413.8699951171875,414.6400146484375,413.4549865722656,414.6400146484375,4699
2026-03-18 14:30:00+00:00,414.30999755859375,414.30999755859375,413.0,414.1199951171875,4143
2026-03-18 14:31:00+00:00,413.8900146484375,414.6799011230469,413.8900146484375,414.6799011230469,1268
2026-03-18 14:32:00+00:00,414.6000061035156,415.3800048828125,414.4750061035156,415.2650146484375,4810
2026-03-18 14:33:00+00:00,414.8699951171875,415.2900085449219,414.80999755859375,415.2900085449219,232595
2026-03-18 14:34:00+00:00,415.4700012207031,416.2900085449219,415.0101013183594,415.5950012207031,0
2026-03-18 14:35:00+00:00,415.7900085449219,416.8298950195313,415.1900939941406,416.1099853515625,3771
2026-03-18 14:36:00+00:00,415.4249877929687,415.4249877929687,414.4500122070313,414.7300109863281,5257
2026-03-18 14:37:00+00:00,414.0799865722656,414.8800048828125,414.0799865722656,414.4750061035156,1032
2026-03-18 14:38:00+00:00,414.3599853515625,414.3900146484375,413.2200012207031,414.3900146484375,2015
2026-03-18 14:39:00+00:00,413.6878967285156,414.989990234375,413.6878967285156,414.489990234375,2093
2026-03-18 14:40:00+00:00,414.5899963378906,414.989990234375,413.7915954589844,414.7300109863281,245728
2026-03-18 14:41:00+00:00,414.5249938964844,415.25,414.5249938964844,415.25,2110
2026-03-18 14:42:00+00:00,415.1050109863281,415.4999084472656,415.0400085449219,415.0972900390625,0
2026-03-18 14:43:00+00:00,415.0499877929687,415.0499877929687,414.5700073242187,415.0350036621094,1989
2026-03-18 14:44:00+00:00,415.2749938964844,415.7297058105469,415.2749938964844,415.7297058105469,2939
2026-03-18 14:45:00+00:00,415.6650085449219,416.409912109375,415.6650085449219,415.8580017089844,5397
2026-03-18 14:46:00+00:00,415.7300109863281,416.4898071289063,415.7250061035156,416.05999755859375,2819
2026-03-18 14:47:00+00:00,416.0499877929687,416.5,415.60150146484375,415.60150146484375,3494
2026-03-18 14:48:00+00:00,416.2999877929687,416.4999084472656,415.7699890136719,415.9400024414063,3117
2026-03-18 14:49:00+00:00,415.9400024414063,416.0,415.760009765625,415.9800109863281,3673
2026-03-18 14:50:00+00:00,416.1400146484375,416.5,416.0804138183594,416.489990234375,260203
2026-03-18 14:51:00+00:00,416.3299865722656,417.5,416.3299865722656,417.2449951171875,0
2026-03-18 14:52:00+00:00,417.239990234375,417.58990478515625,416.6199951171875,417.25,9022
2026-03-18 14:53:00+00:00,417.1950073242187,417.760009765625,417.122314453125,417.760009765625,2920
2026-03-18 14:54:00+00:00,417.989990234375,418.05999755859375,417.7200012207031,418.0150146484375,267214
2026-03-18 14:55:00+00:00,417.760009765625,419.6998901367187,417.75,418.7000122070313,0
2026-03-18 14:56:00+00:00,418.9150085449219,419.4299011230469,418.0,418.1400146484375,3410
2026-03-18 14:57:00+00:00,418.3150024414063,418.3599853515625,417.9100036621094,418.2900085449219,1601
2026-03-18 14:58:00+00:00,418.18011474609375,418.9200134277344,418.18011474609375,418.9200134277344,2818
2026-03-18 14:59:00+00:00,419.4094848632813,419.75,419.340087890625,419.6050109863281,5179
2026-03-18 15:00:00+00:00,419.8599853515625,421.2221984863281,419.55999755859375,421.1776123046875,7161
2026-03-18 15:01:00+00:00,421.0799865722656,421.0899963378906,419.5199890136719,419.614990234375,5332
2026-03-18 15:02:00+00:00,419.5,419.5,418.75,419.0,2704
2026-03-18 15:03:00+00:00,419.0,419.0700073242187,418.5567932128906,418.9599914550781,275927
2026-03-18 15:04:00+00:00,418.9200134277344,419.6749877929687,418.5000915527344,419.3900146484375,0
2026-03-18 15:05:00+00:00,419.8500061035156,420.30999755859375,419.6748046875,420.1487121582031,3944
2026-03-18 15:06:00+00:00,420.364990234375,420.7300109863281,420.1700134277344,420.6600036621094,3368
2026-03-18 15:07:00+00:00,420.7300109863281,420.89990234375,420.25,420.89990234375,3036
2026-03-18 15:08:00+00:00,420.7691040039063,420.7691040039063,420.4028015136719,420.4028015136719,2243
2026-03-18 15:09:00+00:00,419.9849853515625,420.7000122070313,419.9849853515625,420.7000122070313,3150
2026-03-18 15:10:00+00:00,420.4400024414063,420.5571899414063,420.0000915527344,420.4299926757813,4633
2026-03-18 15:11:00+00:00,420.8450012207031,420.8450012207031,419.80999755859375,419.80999755859375,3381
2026-03-18 15:12:00+00:00,420.0199890136719,420.0700073242187,419.9100036621094,419.9100036621094,1866
2026-03-18 15:13:00+00:00,420.2300109863281,420.2300109863281,419.7999877929687,419.7999877929687,2042
2026-03-18 15:14:00+00:00,419.9800109863281,420.0299072265625,419.0,420.0299072265625,4299
2026-03-18 15:15:00+00:00,420.0299987792969,420.1000061035156,419.1701049804687,419.1701049804687,4351
2026-03-18 15:16:00+00:00,419.5,419.6900024414063,419.2149963378906,419.2149963378906,2925
2026-03-18 15:17:00+00:00,419.4200134277344,419.6600036621094,418.30999755859375,418.3250122070313,3316
2026-03-18 15:18:00+00:00,418.3049926757813,418.8900146484375,418.1899108886719,418.1899108886719,297277
2026-03-18 15:19:00+00:00,417.385009765625,417.385009765625,416.3399963378906,416.7449951171875,0
2026-03-18 15:20:00+00:00,417.0953063964844,418.139892578125,417.0953063964844,417.7200012207031,5532
2026-03-18 15:21:00+00:00,417.9800109863281,417.9800109863281,417.3999938964844,417.3999938964844,869
2026-03-18 15:22:00+00:00,417.6300048828125,418.2000122070313,417.6300048828125,417.9861145019531,2978
2026-03-18 15:23:00+00:00,417.739990234375,418.2300109863281,417.6824951171875,418.2300109863281,3123
2026-03-18 15:24:00+00:00,417.6650085449219,417.6700134277344,417.6650085449219,417.6650085449219,1128
2026-03-18 15:25:00+00:00,417.7149963378906,418.1400146484375,417.55029296875,417.8299865722656,30061
2026-03-18 15:26:00+00:00,417.9800109863281,418.1500854492187,417.9599914550781,418.1199951171875,3434
2026-03-18 15:27:00+00:00,417.7000122070313,417.7000122070313,417.6000061035156,417.6000061035156,766
2026-03-18 15:28:00+00:00,417.4549865722656,418.1700134277344,417.4549865722656,418.12701416015625,2731
2026-03-18 15:29:00+00:00,417.8900146484375,418.1300048828125,417.8900146484375,418.0,1023
2026-03-18 15:30:00+00:00,417.760009765625,418.3971862792969,417.760009765625,418.3299865722656,3564
2026-03-18 15:31:00+00:00,418.3500061035156,418.3500061035156,417.3999938964844,417.3999938964844,2883
2026-03-18 15:32:00+00:00,417.2850036621094,417.8800048828125,417.2793884277344,417.8800048828125,1597
2026-03-18 15:33:00+00:00,417.739990234375,417.9800109863281,417.7001037597656,417.8999938964844,2616
2026-03-18 15:34:00+00:00,418.2699890136719,418.2699890136719,418.2699890136719,418.2699890136719,243
2026-03-18 15:35:00+00:00,417.5400085449219,418.3500061035156,417.5400085449219,418.2999877929687,3787
2026-03-18 15:36:00+00:00,418.4750061035156,418.4750061035156,418.4750061035156,418.4750061035156,186
2026-03-18 15:37:00+00:00,418.218505859375,418.9400024414063,418.218505859375,418.9299926757813,2209
2026-03-18 15:38:00+00:00,418.6199951171875,418.6199951171875,418.6199951171875,418.6199951171875,525
2026-03-18 15:39:00+00:00,418.9299926757813,418.9299926757813,418.6300048828125,418.6499938964844,1499
2026-03-18 15:40:00+00:00,418.6059875488281,419.260009765625,418.6059875488281,418.864990234375,3964
2026-03-18 15:41:00+00:00,419.2200012207031,419.239990234375,418.5499877929687,418.9700012207031,2209
2026-03-18 15:42:00+00:00,418.9599914550781,419.12451171875,418.9599914550781,419.0199890136719,4466
2026-03-18 15:43:00+00:00,419.0549926757813,419.0549926757813,419.0549926757813,419.0549926757813,474
2026-03-18 15:44:00+00:00,419.0400085449219,419.64990234375,419.0400085449219,419.3880004882813,1616
2026-03-18 15:45:00+00:00,419.4599914550781,419.55999755859375,418.4500122070313,418.4500122070313,2470
2026-03-18 15:46:00+00:00,419.5450134277344,419.5450134277344,418.6400146484375,418.8399963378906,2690
2026-03-18 15:47:00+00:00,418.6099853515625,418.7900085449219,418.4500122070313,418.6549987792969,2501
2026-03-18 15:48:00+00:00,418.5400085449219,418.6474914550781,417.6300048828125,417.8800048828125,11157
2026-03-18 15:49:00+00:00,417.9700012207031,418.510009765625,417.8800048828125,418.3349914550781,2484
2026-03-18 15:50:00+00:00,418.5899963378906,418.5899963378906,418.1000061035156,418.1199951171875,2812
2026-03-18 15:51:00+00:00,417.9200134277344,418.2550048828125,417.9200134277344,418.2550048828125,621
2026-03-18 15:52:00+00:00,418.2550048828125,419.0700073242187,418.0293884277344,419.0700073242187,2365
2026-03-18 15:53:00+00:00,418.9800109863281,418.9800109863281,418.9699096679687,418.9699096679687,374
2026-03-18 15:54:00+00:00,418.9400024414063,418.9800109863281,418.75,418.885009765625,2456
2026-03-18 15:55:00+00:00,418.8800048828125,418.8800048828125,417.2999877929687,417.3200073242187,340766
2026-03-18 15:56:00+00:00,417.5199890136719,417.7699890136719,417.0000915527344,417.6400146484375,0
2026-03-18 15:57:00+00:00,417.4249877929687,417.4249877929687,417.4100036621094,417.4100036621094,749
2026-03-18 15:58:00+00:00,417.4700012207031,417.5499877929687,417.4700012207031,417.5499877929687,759
2026-03-18 15:59:00+00:00,417.5549926757813,417.8550109863281,416.5400085449219,417.1600036621094,3205
2026-03-18 16:00:00+00:00,416.4800109863281,416.4800109863281,416.4800109863281,416.4800109863281,771
2026-03-18 16:01:00+00:00,416.7999877929687,417.1099853515625,416.3901062011719,416.3901062011719,1223
2026-03-18 16:02:00+00:00,416.8900146484375,417.1199951171875,416.7999877929687,416.8999938964844,3164
2026-03-18 16:03:00+00:00,417.05999755859375,417.3536071777344,417.05999755859375,417.3536071777344,1573
2026-03-18 16:04:00+00:00,417.3999938964844,418.0650024414063,417.3399963378906,418.0650024414063,5235
2026-03-18 16:05:00+00:00,417.8399963378906,418.1000061035156,417.7799987792969,418.1000061035156,1872
2026-03-18 16:06:00+00:00,417.8999938964844,418.2999877929687,417.7850036621094,418.2999877929687,1663
2026-03-18 16:07:00+00:00,418.6400146484375,418.72698974609375,418.2001037597656,418.5400085449219,1450
2026-03-18 16:08:00+00:00,418.2000122070313,418.3299865722656,418.0,418.0,771
2026-03-18 16:09:00+00:00,418.5050048828125,418.8599853515625,418.239990234375,418.239990234375,1307
2026-03-18 16:10:00+00:00,418.4599914550781,418.5,418.2099914550781,418.2099914550781,1777
2026-03-18 16:11:00+00:00,417.9599914550781,418.1600036621094,417.9599914550781,418.1600036621094,1442
2026-03-18 16:12:00+00:00,418.3500061035156,418.3500061035156,418.3500061035156,418.3500061035156,1107
2026-03-18 16:13:00+00:00,418.5,418.8800048828125,418.5,418.8800048828125,1167
2026-03-18 16:14:00+00:00,418.6950073242187,419.0450134277344,418.4500122070313,418.760009765625,1732
2026-03-18 16:15:00+00:00,418.7699890136719,419.010009765625,418.510009765625,418.760009765625,1404
2026-03-18 16:16:00+00:00,418.760009765625,418.989990234375,418.6300048828125,418.989990234375,1989
2026-03-18 16:17:00+00:00,418.9849853515625,418.9849853515625,418.68011474609375,418.68011474609375,1249
2026-03-18 16:18:00+00:00,418.93499755859375,419.1799926757813,418.9049987792969,419.1799926757813,1363
2026-03-18 16:19:00+00:00,419.0400085449219,419.0400085449219,419.0400085449219,419.0400085449219,535
2026-03-18 16:20:00+00:00,419.2799987792969,419.2799987792969,419.1900024414063,419.1900024414063,451
2026-03-18 16:21:00+00:00,419.0899963378906,419.2999877929687,419.08990478515625,419.2999877929687,2072
2026-03-18 16:22:00+00:00,419.1600036621094,419.510009765625,419.1600036621094,419.510009765625,1148
2026-03-18 16:23:00+00:00,419.760009765625,420.2099914550781,419.760009765625,419.9100036621094,1794
2026-03-18 16:24:00+00:00,419.9450073242187,420.2099914550781,419.7999877929687,419.7999877929687,1927
2026-03-18 16:25:00+00:00,420.1000061035156,420.1000061035156,419.9599914550781,419.9599914550781,353077
2026-03-18 16:26:00+00:00,419.8100891113281,420.125,419.8100891113281,420.125,0
2026-03-18 16:27:00+00:00,420.239990234375,420.30999755859375,419.9200134277344,420.0199890136719,3300
2026-03-18 16:28:00+00:00,420.3299865722656,420.3399963378906,419.7015075683594,419.8450012207031,4225
2026-03-18 16:29:00+00:00,419.8399963378906,419.8410949707031,419.8399963378906,419.8410949707031,663
2026-03-18 16:30:00+00:00,420.0,420.0,420.0,420.0,968
2026-03-18 16:31:00+00:00,420.1700134277344,420.3399963378906,419.8399963378906,420.3299865722656,1316
2026-03-18 16:32:00+00:00,420.3150024414063,420.3150024414063,420.1700134277344,420.30999755859375,1638
2026-03-18 16:33:00+00:00,420.1700134277344,420.30999755859375,419.6700134277344,419.8299865722656,5037
2026-03-18 16:34:00+00:00,420.0400085449219,420.0400085449219,419.2922973632813,419.36138916015625,3562
2026-03-18 16:35:00+00:00,419.2074890136719,419.2074890136719,418.8800048828125,418.9649963378906,4055
2026-03-18 16:36:00+00:00,419.3399963378906,419.8499145507813,419.3299865722656,419.8499145507813,2130
2026-03-18 16:37:00+00:00,419.5700073242187,419.8399963378906,419.5700073242187,419.8399963378906,1248
2026-03-18 16:39:00+00:00,419.2799987792969,419.2799987792969,419.2650146484375,419.2650146484375,1357
2026-03-18 16:40:00+00:00,418.9100036621094,419.4800109863281,418.8599853515625,419.4800109863281,4668
2026-03-18 16:41:00+00:00,419.4700012207031,419.489990234375,419.4700012207031,419.489990234375,607
2026-03-18 16:42:00+00:00,420.2099914550781,420.2099914550781,419.8699951171875,419.8699951171875,796
2026-03-18 16:43:00+00:00,419.4500122070313,419.6400146484375,419.4500122070313,419.6400146484375,746
2026-03-18 16:44:00+00:00,419.4249877929687,419.7298889160156,418.9800109863281,419.2999877929687,1758
2026-03-18 16:45:00+00:00,418.9700012207031,418.9700012207031,418.9400024414063,418.9400024414063,971
2026-03-18 16:46:00+00:00,418.8999938964844,419.010009765625,418.8150024414063,418.8150024414063,2242
2026-03-18 16:47:00+00:00,418.5299987792969,418.8699951171875,418.5299987792969,418.6600036621094,1278
2026-03-18 16:48:00+00:00,418.6549987792969,418.8800048828125,418.5140075683594,418.8800048828125,1338
2026-03-18 16:49:00+00:00,418.80999755859375,419.05999755859375,418.80999755859375,419.05999755859375,883
2026-03-18 16:50:00+00:00,418.7900085449219,418.7900085449219,418.5199890136719,418.7300109863281,1316
2026-03-18 16:51:00+00:00,419.0400085449219,419.0700073242187,418.9400024414063,418.9400024414063,2733
2026-03-18 16:52:00+00:00,418.9400024414063,419.2099914550781,418.9400024414063,419.2099914550781,474
2026-03-18 16:53:00+00:00,418.9400024414063,419.010009765625,418.8399963378906,419.010009765625,1485
2026-03-18 16:54:00+00:00,418.875,419.1099853515625,418.8599853515625,418.8599853515625,1157
2026-03-18 16:55:00+00:00,418.6986083984375,418.7699890136719,418.5501098632813,418.7699890136719,1699
2026-03-18 16:56:00+00:00,418.9100036621094,419.0700073242187,418.7999877929687,419.0700073242187,1499
2026-03-18 16:57:00+00:00,418.80999755859375,419.1400146484375,418.80999755859375,418.9949951171875,2426
2026-03-18 16:58:00+00:00,419.33990478515625,419.3800048828125,419.0400085449219,419.3800048828125,1423
2026-03-18 16:59:00+00:00,419.6300048828125,419.6300048828125,419.2699890136719,419.2699890136719,2851
2026-03-18 17:00:00+00:00,419.3999938964844,419.3999938964844,419.2149963378906,419.2200012207031,1777
2026-03-18 17:01:00+00:00,419.2049865722656,419.409912109375,418.80999755859375,418.8599853515625,6415
2026-03-18 17:02:00+00:00,418.9700012207031,419.4299926757813,418.7950134277344,419.375,2973
2026-03-18 17:03:00+00:00,419.4500122070313,419.7900085449219,419.4500122070313,419.5750122070313,1683
2026-03-18 17:04:00+00:00,419.5799865722656,419.5799865722656,419.0150146484375,419.2149963378906,1895
2026-03-18 17:05:00+00:00,419.3599853515625,419.3599853515625,419.2250061035156,419.2250061035156,943
2026-03-18 17:06:00+00:00,419.3324890136719,419.8999938964844,419.302490234375,419.8999938964844,2889
2026-03-18 17:07:00+00:00,420.0450134277344,420.2398986816406,419.7699890136719,420.2398986816406,1731
2026-03-18 17:08:00+00:00,419.8250122070313,419.8250122070313,419.4500122070313,419.4500122070313,417
2026-03-18 17:09:00+00:00,419.5950012207031,419.8800048828125,419.1400146484375,419.8800048828125,7959
2026-03-18 17:10:00+00:00,419.7950134277344,419.7950134277344,419.7950134277344,419.7950134277344,490
2026-03-18 17:11:00+00:00,419.6549987792969,419.6549987792969,419.5050048828125,419.5050048828125,1673
2026-03-18 17:12:00+00:00,418.9599914550781,418.9599914550781,418.9500122070313,418.9599914550781,1048
2026-03-18 17:13:00+00:00,418.9249877929687,419.2099914550781,418.8299865722656,419.0700073242187,9892
2026-03-18 17:14:00+00:00,419.1300048828125,419.1300048828125,418.7000122070313,418.8049926757813,4352
2026-03-18 17:15:00+00:00,418.9700012207031,419.1499938964844,418.760009765625,418.9700012207031,2447
2026-03-18 17:16:00+00:00,419.2799987792969,419.885009765625,419.2799987792969,419.885009765625,1764
2026-03-18 17:17:00+00:00,420.2699890136719,420.7799987792969,419.7984924316406,420.7799987792969,1559
2026-03-18 17:18:00+00:00,420.4750061035156,420.4750061035156,420.2699890136719,420.4649963378906,1170
2026-03-18 17:19:00+00:00,420.4500122070313,420.7300109863281,420.4450073242187,420.6000061035156,1940
2026-03-18 17:20:00+00:00,420.1600036621094,420.4549865722656,420.1600036621094,420.4549865722656,2033
2026-03-18 17:21:00+00:00,420.4500122070313,420.4500122070313,420.1701049804687,420.4500122070313,5796
2026-03-18 17:22:00+00:00,420.3500061035156,420.4700012207031,420.1499938964844,420.3699951171875,3393
2026-03-18 17:23:00+00:00,420.114990234375,420.114990234375,420.1099853515625,420.1099853515625,1052
2026-03-18 17:24:00+00:00,420.4100036621094,420.4100036621094,419.9501037597656,420.2049865722656,696
2026-03-18 17:25:00+00:00,420.2304992675781,420.2304992675781,419.7699890136719,419.7699890136719,3921
2026-03-18 17:26:00+00:00,420.125,420.125,420.125,420.125,123
2026-03-18 17:27:00+00:00,420.1600036621094,420.4800109863281,420.1600036621094,420.2000122070313,1842
2026-03-18 17:28:00+00:00,420.1650085449219,420.1650085449219,420.1650085449219,420.1650085449219,294
2026-03-18 17:29:00+00:00,419.7099914550781,419.7250061035156,419.340087890625,419.5400085449219,1318
2026-03-18 17:30:00+00:00,419.3399963378906,419.760009765625,419.3399963378906,419.760009765625,1510
2026-03-18 17:31:00+00:00,418.6449890136719,419.9500122070313,418.6449890136719,419.9500122070313,3178
2026-03-18 17:32:00+00:00,420.4800109863281,420.74261474609375,420.4750061035156,420.4750061035156,1052
2026-03-18 17:33:00+00:00,420.9498901367187,420.9498901367187,420.4898986816406,420.9400024414063,3160
2026-03-18 17:34:00+00:00,420.9400024414063,421.25,420.9400024414063,421.25,1780
2026-03-18 17:35:00+00:00,421.4999084472656,421.4999084472656,421.4999084472656,421.4999084472656,340
2026-03-18 17:36:00+00:00,421.3699951171875,421.3699951171875,420.9299926757813,421.1749877929687,1556
2026-03-18 17:37:00+00:00,421.2999877929687,421.5599060058594,421.119384765625,421.119384765625,2860
2026-03-18 17:38:00+00:00,421.2799987792969,421.2799987792969,421.2799987792969,421.2799987792969,271
2026-03-18 17:39:00+00:00,421.2850036621094,421.5499877929687,421.2300109863281,421.5499877929687,1054
2026-03-18 17:40:00+00:00,421.2349853515625,421.2349853515625,421.0650024414063,421.0650024414063,689
2026-03-18 17:41:00+00:00,420.9400024414063,421.4100036621094,420.85009765625,421.4100036621094,2322
2026-03-18 17:42:00+00:00,420.9500122070313,420.9500122070313,420.885009765625,420.885009765625,417
2026-03-18 17:43:00+00:00,420.9249877929687,420.9249877929687,420.6099853515625,420.625,1044
2026-03-18 17:44:00+00:00,420.7799987792969,420.989990234375,420.5899963378906,420.5899963378906,1276
2026-03-18 17:45:00+00:00,420.760009765625,420.760009765625,420.1900024414063,420.3349914550781,3766
2026-03-18 17:46:00+00:00,420.625,420.625,420.2799987792969,420.4818115234375,838
2026-03-18 17:47:00+00:00,420.4800109863281,420.4800109863281,420.2900085449219,420.364990234375,1244
2026-03-18 17:48:00+00:00,419.9599914550781,419.9599914550781,418.7778015136719,419.6499938964844,6048
2026-03-18 17:49:00+00:00,419.6000061035156,419.8299865722656,418.2799987792969,418.7000122070313,12159
2026-03-18 17:50:00+00:00,418.1701049804687,418.8500061035156,418.1701049804687,418.8500061035156,3031
2026-03-18 17:51:00+00:00,418.3500061035156,419.0,418.3500061035156,418.8699951171875,4559
2026-03-18 17:52:00+00:00,419.05999755859375,419.05999755859375,418.3999938964844,418.7099914550781,7821
2026-03-18 17:53:00+00:00,418.1549987792969,418.7099914550781,417.5400085449219,417.5400085449219,13988
2026-03-18 17:54:00+00:00,417.7349853515625,418.0799865722656,417.7349853515625,417.7349853515625,1131
2026-03-18 17:55:00+00:00,418.0799865722656,418.0799865722656,417.7300109863281,417.8500061035156,1423
2026-03-18 17:56:00+00:00,417.5899963378906,417.7950134277344,417.5,417.7799987792969,1807
2026-03-18 17:57:00+00:00,417.875,417.875,417.6799926757813,417.7099914550781,2461
2026-03-18 17:58:00+00:00,417.6749877929687,418.1000061035156,417.5849914550781,418.1000061035156,3629
2026-03-18 17:59:00+00:00,417.7799987792969,418.1000061035156,417.4599914550781,417.7749938964844,2932
2026-03-18 18:00:00+00:00,417.6499938964844,418.8299865722656,417.6400146484375,418.5750122070313,2297
2026-03-18 18:01:00+00:00,418.4750061035156,418.8299865722656,418.1900939941406,418.1900939941406,5945
2026-03-18 18:02:00+00:00,418.5849914550781,418.6134948730469,418.2799987792969,418.6134948730469,1396
2026-03-18 18:03:00+00:00,418.239990234375,418.8200073242187,418.239990234375,418.7900085449219,3063
2026-03-18 18:04:00+00:00,418.4800109863281,418.9800109863281,418.2099914550781,418.9800109863281,2776
2026-03-18 18:05:00+00:00,419.0650024414063,419.0650024414063,418.2200012207031,418.2200012207031,2555
2026-03-18 18:07:00+00:00,417.2999877929687,417.4400024414063,417.2099914550781,417.4400024414063,2564
2026-03-18 18:08:00+00:00,417.3251037597656,417.3251037597656,417.3251037597656,417.3251037597656,267
2026-03-18 18:09:00+00:00,417.260009765625,417.7701110839844,417.25,417.7701110839844,1853
2026-03-18 18:10:00+00:00,417.9949951171875,418.2449951171875,417.9949951171875,418.1300048828125,2217
2026-03-18 18:11:00+00:00,417.7999877929687,417.7999877929687,417.5,417.5,1510
2026-03-18 18:12:00+00:00,417.5,417.6900024414063,417.5,417.6799926757813,1796
2026-03-18 18:13:00+00:00,417.6799926757813,417.9200134277344,417.5899963378906,417.5899963378906,1866
2026-03-18 18:14:00+00:00,417.8599853515625,417.9299926757813,417.6449890136719,417.75,3009
2026-03-18 18:15:00+00:00,417.7099914550781,417.75,416.9049987792969,416.9049987792969,4231
2026-03-18 18:16:00+00:00,417.2900085449219,418.8999938964844,417.2900085449219,418.4700927734375,2338
2026-03-18 18:17:00+00:00,419.0400085449219,419.4500122070313,418.8500061035156,418.8500061035156,3100
2026-03-18 18:18:00+00:00,418.6400146484375,418.6400146484375,418.5400085449219,418.5400085449219,1055
2026-03-18 18:19:00+00:00,418.9400024414063,419.1000061035156,418.6700134277344,418.6700134277344,2243
2026-03-18 18:20:00+00:00,418.760009765625,419.0,418.7200012207031,419.0,1066
2026-03-18 18:21:00+00:00,418.6199951171875,418.6199951171875,418.0750122070313,418.0750122070313,2074
2026-03-18 18:22:00+00:00,418.1124877929687,418.3399963378906,417.8699951171875,418.1300048828125,476598
2026-03-18 18:23:00+00:00,418.1000061035156,418.3299865722656,418.1000061035156,418.3299865722656,0
2026-03-18 18:24:00+00:00,418.2799987792969,418.7149963378906,418.1799926757813,418.7149963378906,1972
2026-03-18 18:25:00+00:00,418.7250061035156,418.7250061035156,418.7200012207031,418.7200927734375,1272
2026-03-18 18:26:00+00:00,418.7200012207031,419.1099853515625,418.6809997558594,419.1099853515625,1435
2026-03-18 18:27:00+00:00,418.8150024414063,418.8150024414063,418.2250061035156,418.2250061035156,1151
2026-03-18 18:28:00+00:00,418.4500122070313,418.4500122070313,418.3349914550781,418.3349914550781,915
2026-03-18 18:29:00+00:00,418.0,418.4200134277344,418.0,418.2099914550781,2158
2026-03-18 18:30:00+00:00,418.43499755859375,418.8399963378906,418.385986328125,418.8399963378906,2835
2026-03-18 18:31:00+00:00,418.5899963378906,418.5899963378906,417.0,417.0,4585
2026-03-18 18:32:00+00:00,416.4700012207031,417.2999877929687,416.2749938964844,417.1950073242187,8003
2026-03-18 18:33:00+00:00,417.1600036621094,417.2699890136719,416.3200073242187,416.3200073242187,3556
2026-03-18 18:34:00+00:00,416.9800109863281,417.0,415.75,415.75,24220
2026-03-18 18:35:00+00:00,415.6749877929687,416.25,415.6400146484375,416.25,4027
2026-03-18 18:36:00+00:00,416.0474853515625,416.3999938964844,416.0474853515625,416.375,1367
2026-03-18 18:37:00+00:00,415.98040771484375,417.0199890136719,415.98040771484375,416.802490234375,506770
2026-03-18 18:38:00+00:00,416.6700134277344,417.4750061035156,416.6700134277344,417.0950012207031,0
2026-03-18 18:39:00+00:00,417.25,417.95989990234375,416.8735046386719,416.8735046386719,3825
2026-03-18 18:40:00+00:00,416.55999755859375,416.760009765625,416.510009765625,416.760009765625,1124
2026-03-18 18:41:00+00:00,417.1499938964844,417.30999755859375,416.9500122070313,416.9500122070313,2100
2026-03-18 18:42:00+00:00,417.4599914550781,417.6449890136719,417.4599914550781,417.6449890136719,1283
2026-03-18 18:43:00+00:00,417.43499755859375,417.43499755859375,416.5199890136719,416.5199890136719,2369
2026-03-18 18:44:00+00:00,416.6799926757813,416.6799926757813,416.0801086425781,416.0801086425781,2874
2026-03-18 18:45:00+00:00,416.1300048828125,416.1300048828125,415.9500122070313,415.9500122070313,1242
2026-03-18 18:46:00+00:00,416.1400146484375,416.1600036621094,415.93499755859375,416.1600036621094,1001
2026-03-18 18:47:00+00:00,416.1900024414063,416.3699951171875,415.8699951171875,416.1199951171875,3559
2026-03-18 18:48:00+00:00,416.1199951171875,416.2699890136719,415.8699951171875,416.0650024414063,2412
2026-03-18 18:49:00+00:00,415.7999877929687,415.9800109863281,415.5700073242187,415.5700073242187,2100
2026-03-18 18:50:00+00:00,415.3299865722656,415.4118957519531,415.0,415.0,2524
2026-03-18 18:51:00+00:00,414.8200073242187,415.4500122070313,414.6099853515625,415.4500122070313,530929
2026-03-18 18:52:00+00:00,415.2799987792969,415.2799987792969,415.2799987792969,415.2799987792969,0
2026-03-18 18:53:00+00:00,414.3511047363281,415.0299987792969,413.6099853515625,413.6099853515625,15308
2026-03-18 18:54:00+00:00,413.7049865722656,414.7200012207031,413.2000122070313,414.55999755859375,6087
2026-03-18 18:55:00+00:00,414.7145080566406,414.715087890625,414.41009521484375,414.41009521484375,711
2026-03-18 18:56:00+00:00,414.7250061035156,415.0255126953125,414.0600891113281,414.0600891113281,2335
2026-03-18 18:57:00+00:00,414.4700012207031,414.739990234375,414.1400146484375,414.739990234375,1126
2026-03-18 18:58:00+00:00,414.0799865722656,414.2449951171875,413.3399963378906,414.2449951171875,2719
2026-03-18 18:59:00+00:00,414.0199890136719,414.3599853515625,413.9800109863281,414.30999755859375,1751
2026-03-18 19:00:00+00:00,414.1799926757813,414.260009765625,413.8500061035156,414.260009765625,2738
2026-03-18 19:01:00+00:00,414.1700134277344,414.4500122070313,413.80999755859375,413.80999755859375,2241
2026-03-18 19:02:00+00:00,413.7699890136719,413.9700012207031,413.7250061035156,413.8599853515625,2410
2026-03-18 19:03:00+00:00,413.760009765625,415.5350036621094,413.6950073242187,414.05999755859375,19434
2026-03-18 19:04:00+00:00,414.1400146484375,414.4700012207031,413.8399963378906,414.2099914550781,3536
2026-03-18 19:05:00+00:00,413.6449890136719,414.05999755859375,413.2601013183594,413.2601013183594,1735
2026-03-18 19:06:00+00:00,413.7000122070313,415.2000122070313,413.7000122070313,414.4800109863281,566739
2026-03-18 19:07:00+00:00,414.489990234375,414.489990234375,413.6400146484375,413.7000122070313,0
2026-03-18 19:08:00+00:00,413.6400146484375,413.6400146484375,413.0,413.2349853515625,8634
2026-03-18 19:09:00+00:00,413.2300109863281,413.5486145019531,412.68499755859375,412.7049865722656,8327
2026-03-18 19:10:00+00:00,412.7200012207031,413.7149963378906,412.5799865722656,412.5799865722656,3776
2026-03-18 19:11:00+00:00,412.989990234375,412.989990234375,412.989990234375,412.989990234375,749
2026-03-18 19:12:00+00:00,413.2699890136719,413.2699890136719,413.2698974609375,413.2698974609375,3233
2026-03-18 19:13:00+00:00,413.2699890136719,413.5499877929687,413.0299987792969,413.0299987792969,3200
2026-03-18 19:14:00+00:00,413.30999755859375,413.7799987792969,413.30999755859375,413.5950012207031,2194
2026-03-18 19:15:00+00:00,413.6099853515625,413.6099853515625,412.9450073242187,412.9525146484375,2975
2026-03-18 19:16:00+00:00,413.2898864746094,413.2898864746094,412.4800109863281,413.010009765625,21624
2026-03-18 19:17:00+00:00,413.010009765625,413.614990234375,412.85009765625,413.614990234375,3734
2026-03-18 19:18:00+00:00,413.2900085449219,413.5050048828125,413.25,413.5,1893
2026-03-18 19:19:00+00:00,413.989990234375,414.385009765625,413.739990234375,414.2300109863281,2842
2026-03-18 19:20:00+00:00,413.6700134277344,413.6700134277344,413.6700134277344,413.6700134277344,1361
2026-03-18 19:21:00+00:00,413.5400085449219,413.5400085449219,412.7300109863281,412.8150024414063,2288
2026-03-18 19:22:00+00:00,413.2799987792969,413.3599853515625,412.7049865722656,412.7049865722656,1498
2026-03-18 19:23:00+00:00,412.6625061035156,412.8800048828125,411.5054016113281,412.0,13346
2026-03-18 19:24:00+00:00,412.0400085449219,412.05999755859375,411.2304992675781,411.2304992675781,3136
2026-03-18 19:25:00+00:00,410.9200134277344,411.1799926757813,410.9200134277344,411.0050048828125,3074
2026-03-18 19:26:00+00:00,411.0050964355469,411.2999877929687,411.0050964355469,411.2999877929687,3003
2026-03-18 19:27:00+00:00,411.2650146484375,411.3200073242187,411.05999755859375,411.3200073242187,2465
2026-03-18 19:28:00+00:00,411.5400085449219,411.5400085449219,411.1200866699219,411.489990234375,3051
2026-03-18 19:29:00+00:00,411.3399963378906,411.9849853515625,411.2799987792969,411.8800048828125,7227
2026-03-18 19:30:00+00:00,411.7000122070313,412.0400085449219,411.6900024414063,411.7000122070313,3486
2026-03-18 19:31:00+00:00,411.5899963378906,411.8699951171875,411.489990234375,411.7200012207031,3384
2026-03-18 19:32:00+00:00,411.5,411.7799987792969,411.5,411.6549987792969,3101
2026-03-18 19:33:00+00:00,411.5799865722656,411.5799865722656,411.2000122070313,411.2000122070313,3175
2026-03-18 19:34:00+00:00,411.0,411.5050048828125,410.6900024414063,411.2699890136719,3540
2026-03-18 19:35:00+00:00,411.0,411.239990234375,411.0,411.239990234375,1972
2026-03-18 19:36:00+00:00,411.4800109863281,411.739990234375,411.0450134277344,411.0450134277344,4228
2026-03-18 19:37:00+00:00,411.6799926757813,411.7825012207031,411.6400146484375,411.6400146484375,2232
2026-03-18 19:38:00+00:00,411.5650024414063,411.5899963378906,411.5400085449219,411.5650024414063,1654
2026-03-18 19:39:00+00:00,411.5650024414063,411.7300109863281,411.375,411.635009765625,3226
2026-03-18 19:40:00+00:00,411.739990234375,411.8599853515625,411.68499755859375,411.68499755859375,1925
2026-03-18 19:41:00+00:00,411.68499755859375,411.68499755859375,411.4500122070313,411.4500122070313,2013
2026-03-18 19:42:00+00:00,411.4549865722656,411.4549865722656,410.885009765625,411.3200073242187,634047
2026-03-18 19:43:00+00:00,411.1799926757813,411.1799926757813,410.5038146972656,410.7049865722656,0
2026-03-18 19:44:00+00:00,410.7049865722656,411.2749938964844,410.7049865722656,410.760009765625,9136
2026-03-18 19:45:00+00:00,410.3999938964844,410.8992004394531,410.2650146484375,410.4849853515625,5287
2026-03-18 19:46:00+00:00,410.3999938964844,410.4800109863281,410.2999877929687,410.4400024414063,5234
2026-03-18 19:47:00+00:00,410.375,410.7000122070313,410.375,410.489990234375,7006
2026-03-18 19:48:00+00:00,410.3399963378906,410.5553894042969,410.3399963378906,410.4949951171875,2745
2026-03-18 19:49:00+00:00,410.5350036621094,411.2850036621094,409.1099853515625,409.1099853515625,15785
2026-03-18 19:50:00+00:00,409.4200134277344,410.5799865722656,409.2349853515625,410.5299987792969,14406
2026-03-18 19:51:00+00:00,410.5050048828125,410.6098937988281,408.7449951171875,408.7449951171875,691359
2026-03-18 19:52:00+00:00,408.7449951171875,408.8949890136719,408.0400085449219,408.760009765625,0
2026-03-18 19:53:00+00:00,408.7850036621094,409.44970703125,408.6799926757813,409.44970703125,15333
2026-03-18 19:54:00+00:00,409.3500061035156,409.4498901367187,408.2250061035156,408.6300048828125,19231
2026-03-18 19:55:00+00:00,408.5299987792969,408.5299987792969,407.1701049804687,407.4649963378906,739004
2026-03-18 19:56:00+00:00,407.4100036621094,407.4100036621094,406.5,406.5199890136719,0
2026-03-18 19:57:00+00:00,406.55999755859375,406.8399963378906,406.3399963378906,406.6900024414063,26758
2026-03-18 19:58:00+00:00,406.6900024414063,406.8800048828125,406.4700012207031,406.8800048828125,21601
2026-03-18 19:59:00+00:00,406.8800048828125,407.2000122070313,406.6000061035156,406.7699890136719,62598
2026-03-19 13:30:00+00:00,396.1600036621094,396.3999938964844,388.3700866699219,390.8800048828125,111708
2026-03-19 13:31:00+00:00,390.0,391.7099914550781,389.2900085449219,391.2099914550781,6877
2026-03-19 13:32:00+00:00,391.2799987792969,392.8512878417969,390.989990234375,392.4049987792969,4642
2026-03-19 13:33:00+00:00,391.8200073242187,394.989990234375,391.80999755859375,394.2000122070313,8044
2026-03-19 13:34:00+00:00,393.5700073242187,394.2149963378906,392.9200134277344,393.7449951171875,5225
2026-03-19 13:35:00+00:00,393.739990234375,393.8900146484375,392.5,393.760009765625,5939
2026-03-19 13:36:00+00:00,393.5199890136719,395.98968505859375,392.68798828125,394.9299926757813,11745
2026-03-19 13:37:00+00:00,395.3175048828125,397.4500122070313,394.0509948730469,397.4500122070313,3604
2026-03-19 13:38:00+00:00,397.364990234375,398.9898986816406,397.2850036621094,398.4949951171875,15273
2026-03-19 13:39:00+00:00,398.0,399.2999877929687,397.3599853515625,398.9949951171875,16853
2026-03-19 13:40:00+00:00,398.3599853515625,399.0899963378906,398.3599853515625,399.0079956054687,3961
2026-03-19 13:41:00+00:00,399.125,399.5499877929687,398.2699890136719,398.4150085449219,5428
2026-03-19 13:42:00+00:00,398.010009765625,398.010009765625,396.2174987792969,397.1799926757813,5532
2026-03-19 13:43:00+00:00,397.0400085449219,397.1799926757813,395.6000061035156,396.2650146484375,3506
2026-03-19 13:44:00+00:00,396.6700134277344,397.0350036621094,395.927490234375,396.7099914550781,3649
2026-03-19 13:45:00+00:00,397.2300109863281,399.5,397.2300109863281,399.2000122070313,7368
2026-03-19 13:46:00+00:00,399.5050048828125,400.7250061035156,399.0,399.0,98754
2026-03-19 13:47:00+00:00,399.0,400.0516052246094,398.0300903320313,399.9700012207031,0
2026-03-19 13:48:00+00:00,399.2049865722656,400.4800109863281,399.2049865722656,399.6700134277344,106888
2026-03-19 13:49:00+00:00,400.0,400.0,398.9450073242187,399.7575073242187,0
2026-03-19 13:50:00+00:00,399.43499755859375,400.2300109863281,399.43499755859375,400.2300109863281,2340
2026-03-19 13:51:00+00:00,401.0,402.4176940917969,400.5499877929687,402.4176940917969,4143
2026-03-19 13:52:00+00:00,402.1650085449219,402.6700134277344,401.0199890136719,401.7900085449219,112614
2026-03-19 13:53:00+00:00,402.0299987792969,403.5,401.7799987792969,403.5,0
2026-03-19 13:54:00+00:00,404.0,404.510009765625,403.9200134277344,404.510009765625,7531
2026-03-19 13:55:00+00:00,404.2099914550781,404.3900146484375,403.4700012207031,403.4700012207031,9396
2026-03-19 13:56:00+00:00,403.5299987792969,404.8800048828125,401.9901123046875,402.5249938964844,5593
2026-03-19 13:57:00+00:00,402.5249938964844,403.4800109863281,401.989990234375,403.1199951171875,7169
2026-03-19 13:58:00+00:00,402.6700134277344,403.5499877929687,402.5199890136719,403.5499877929687,2667
2026-03-19 13:59:00+00:00,404.0950012207031,404.7000122070313,403.7099914550781,403.989990234375,4933
2026-03-19 14:00:00+00:00,404.5400085449219,406.0,404.5400085449219,405.5299987792969,8163
2026-03-19 14:01:00+00:00,405.3450012207031,407.6799926757813,405.1199951171875,407.6799926757813,18263
2026-03-19 14:02:00+00:00,407.6799926757813,409.2250061035156,407.6600036621094,409.2250061035156,5075
2026-03-19 14:03:00+00:00,408.8500061035156,409.4500122070313,408.4400024414063,409.2300109863281,4171
2026-03-19 14:04:00+00:00,409.1600036621094,410.6416931152344,409.0000915527344,409.6990051269531,6637
2026-03-19 14:05:00+00:00,409.5799865722656,410.8500061035156,409.5799865722656,410.7250061035156,5501
2026-03-19 14:06:00+00:00,410.9700012207031,411.989990234375,410.5199890136719,411.3999938964844,7987
2026-03-19 14:07:00+00:00,411.7699890136719,412.4200134277344,410.85009765625,411.0,7130
2026-03-19 14:08:00+00:00,411.3999938964844,411.3999938964844,409.8500061035156,409.8500061035156,4238
2026-03-19 14:09:00+00:00,410.0,411.489990234375,410.0,411.2850036621094,12675
2026-03-19 14:10:00+00:00,411.6700134277344,412.1799926757813,410.3500061035156,412.1799926757813,4643
2026-03-19 14:11:00+00:00,412.55999755859375,414.1199951171875,411.68011474609375,414.1199951171875,5820
2026-03-19 14:12:00+00:00,413.8299865722656,414.989990234375,413.5011901855469,414.9800109863281,3784
2026-03-19 14:13:00+00:00,414.7200012207031,415.0,413.3450012207031,413.3450012207031,6020
2026-03-19 14:14:00+00:00,413.6900024414063,413.7750854492187,413.0,413.489990234375,2868
2026-03-19 14:15:00+00:00,414.0,414.0,412.9849853515625,413.0700073242187,4802
2026-03-19 14:16:00+00:00,412.9599914550781,412.9800109863281,410.9299926757813,410.9299926757813,4563
2026-03-19 14:17:00+00:00,411.6700134277344,412.9898986816406,411.6600036621094,412.2799987792969,6855
2026-03-19 14:18:00+00:00,412.0,412.0,409.5799865722656,410.2000122070313,9261
2026-03-19 14:19:00+00:00,409.9150085449219,410.6700134277344,409.9150085449219,410.6700134277344,3075
2026-03-19 14:20:00+00:00,410.3900146484375,411.5700073242187,409.7900085449219,411.5700073242187,2834
2026-03-19 14:21:00+00:00,411.5,411.8999938964844,410.0,410.010009765625,6088
2026-03-19 14:22:00+00:00,410.489990234375,410.489990234375,409.2296142578125,409.4200134277344,4681
2026-03-19 14:23:00+00:00,409.5703125,410.8399963378906,409.3900146484375,410.8399963378906,5212
2026-03-19 14:24:00+00:00,411.5400085449219,411.7951049804687,410.6200866699219,411.2999877929687,4360
2026-03-19 14:25:00+00:00,411.9700012207031,412.3500061035156,411.9700012207031,412.1950073242187,2403
2026-03-19 14:26:00+00:00,411.6499938964844,412.6998901367187,411.6449890136719,411.8250122070313,4055
2026-03-19 14:27:00+00:00,411.1099853515625,411.7000122070313,410.885009765625,411.489990234375,3037
2026-03-19 14:28:00+00:00,411.55999755859375,411.7850036621094,411.25,411.3999938964844,2783
2026-03-19 14:29:00+00:00,410.7999877929687,411.5799865722656,410.7999877929687,411.260009765625,2206
2026-03-19 14:30:00+00:00,411.1099853515625,411.489990234375,411.1099853515625,411.3800048828125,2674
2026-03-19 14:31:00+00:00,411.2900085449219,413.4999084472656,411.2900085449219,413.2381896972656,8230
2026-03-19 14:32:00+00:00,413.5,414.0,413.30999755859375,413.3299865722656,5000
2026-03-19 14:33:00+00:00,413.8349914550781,413.8349914550781,413.2699890136719,413.2699890136719,2580
2026-03-19 14:34:00+00:00,413.5750122070313,414.8900146484375,413.5700073242187,414.7300109863281,14297
2026-03-19 14:35:00+00:00,414.7300109863281,415.33990478515625,414.1311950683594,414.885009765625,9168
2026-03-19 14:36:00+00:00,414.7650146484375,414.8399963378906,414.0300903320313,414.7331848144531,4920
2026-03-19 14:37:00+00:00,414.8599853515625,415.0,413.9700012207031,413.9700012207031,3667
2026-03-19 14:38:00+00:00,414.0799865722656,414.0799865722656,412.9849853515625,412.9849853515625,4219
2026-03-19 14:39:00+00:00,413.4400024414063,413.5849914550781,413.1050109863281,413.1050109863281,3035
2026-03-19 14:40:00+00:00,414.1000061035156,414.35400390625,414.1000061035156,414.2950134277344,2505
2026-03-19 14:41:00+00:00,414.0,414.739990234375,414.0,414.4500122070313,2879
2026-03-19 14:42:00+00:00,414.4500122070313,414.9422912597656,414.2654113769531,414.6199951171875,4809
2026-03-19 14:43:00+00:00,414.6199951171875,415.7499084472656,414.6199951171875,415.25,14145
2026-03-19 14:44:00+00:00,415.5499877929687,416.6050109863281,415.3956909179687,416.6050109863281,6924
2026-03-19 14:45:00+00:00,416.7999877929687,417.3999938964844,416.6000061035156,417.0400085449219,9088
2026-03-19 14:46:00+00:00,417.0400085449219,418.4699096679687,417.0400085449219,418.2300109863281,9221
2026-03-19 14:47:00+00:00,418.2250061035156,419.4100036621094,418.1700134277344,418.5199890136719,12519
2026-03-19 14:48:00+00:00,418.5199890136719,419.3250122070313,418.1700134277344,418.7226867675781,14728
2026-03-19 14:49:00+00:00,418.7601013183594,421.0,418.5799865722656,421.0,12710
2026-03-19 14:50:00+00:00,421.4800109863281,421.989990234375,421.0199890136719,421.4849853515625,246791
2026-03-19 14:51:00+00:00,421.989990234375,423.7309875488281,421.5700988769531,423.1300048828125,0
2026-03-19 14:52:00+00:00,423.2898864746094,423.2898864746094,422.0899963378906,422.2699890136719,18502
2026-03-19 14:53:00+00:00,422.8349914550781,422.9700012207031,422.0000915527344,422.9700012207031,6071
2026-03-19 14:54:00+00:00,422.9700012207031,424.1950073242187,422.7300109863281,423.8999938964844,21451
2026-03-19 14:55:00+00:00,423.3599853515625,423.422607421875,421.8349914550781,422.1600036621094,11487
2026-03-19 14:56:00+00:00,421.9100036621094,422.239990234375,421.2000122070313,422.239990234375,15833
2026-03-19 14:57:00+00:00,422.5150146484375,422.9898986816406,422.0899963378906,422.4800109863281,10793
2026-03-19 14:58:00+00:00,422.3100891113281,422.8999938964844,421.5,421.9750061035156,10440
2026-03-19 14:59:00+00:00,422.3298950195313,422.6700134277344,421.9649963378906,422.239990234375,10267
2026-03-19 15:00:00+00:00,422.0400085449219,422.3999938964844,421.6700134277344,422.2099914550781,20156
2026-03-19 15:01:00+00:00,422.4400024414063,422.9150085449219,421.7998962402344,422.8299865722656,10405
2026-03-19 15:02:00+00:00,422.8200073242187,422.989990234375,422.239990234375,422.989990234375,8075
2026-03-19 15:03:00+00:00,423.0,423.3299865722656,422.6925964355469,423.3299865722656,1828
2026-03-19 15:04:00+00:00,423.0050048828125,424.3599853515625,423.0,423.1900024414063,14182
2026-03-19 15:05:00+00:00,422.9200134277344,424.3049926757813,422.9200134277344,424.0,7911
2026-03-19 15:06:00+00:00,424.6099853515625,424.6099853515625,423.5,423.7200012207031,8288
2026-03-19 15:07:00+00:00,423.8500061035156,424.1799926757813,421.7701110839844,421.9949951171875,15018
2026-03-19 15:08:00+00:00,421.6099853515625,422.0899963378906,420.010009765625,420.7300109863281,327991
2026-03-19 15:09:00+00:00,420.1799926757813,420.5,419.6310119628906,420.2149963378906,0
2026-03-19 15:10:00+00:00,420.2200012207031,420.75,420.0750122070313,420.2049865722656,4255
2026-03-19 15:11:00+00:00,420.3999938964844,420.6199951171875,420.2999877929687,420.6199951171875,1821
2026-03-19 15:12:00+00:00,420.8200073242187,420.9599914550781,419.75,419.9800109863281,3537
2026-03-19 15:13:00+00:00,419.9800109863281,420.5700073242187,419.9800109863281,420.5700073242187,303619
2026-03-19 15:14:00+00:00,420.9599914550781,420.9599914550781,420.5700073242187,420.5700073242187,0
2026-03-19 15:15:00+00:00,420.5700073242187,421.0,420.3967895507813,420.3967895507813,6814
2026-03-19 15:16:00+00:00,420.9599914550781,421.010009765625,419.9299926757813,419.9299926757813,3545
2026-03-19 15:17:00+00:00,419.9299926757813,419.9599914550781,419.0899963378906,419.8399963378906,7049
2026-03-19 15:18:00+00:00,419.9249877929687,420.6199951171875,419.9249877929687,420.55999755859375,3935
2026-03-19 15:19:00+00:00,420.3699951171875,421.0700073242187,420.05999755859375,420.0700073242187,10028
2026-03-19 15:20:00+00:00,420.0499877929687,421.5199890136719,420.0499877929687,421.1400146484375,6249
2026-03-19 15:21:00+00:00,420.9700012207031,420.9700012207031,419.8428955078125,419.8949890136719,3121
2026-03-19 15:22:00+00:00,420.2900085449219,421.5,420.2900085449219,421.2749938964844,3257
2026-03-19 15:23:00+00:00,421.05999755859375,421.05999755859375,420.8999938964844,420.8999938964844,2438
2026-03-19 15:24:00+00:00,420.6000061035156,421.125,419.8999938964844,419.9800109863281,10036
2026-03-19 15:25:00+00:00,420.2999877929687,420.2999877929687,419.885009765625,419.885009765625,5012
2026-03-19 15:26:00+00:00,420.2200012207031,420.2200012207031,419.75,419.7999877929687,5391
2026-03-19 15:27:00+00:00,419.5,419.7499084472656,418.8001098632813,419.5,10088
2026-03-19 15:28:00+00:00,419.5400085449219,419.9549865722656,419.1300964355469,419.4800109863281,6161
2026-03-19 15:29:00+00:00,419.4800109863281,420.4999084472656,419.1300964355469,420.1950073242187,7673
2026-03-19 15:30:00+00:00,420.1449890136719,420.1449890136719,419.0,419.6900024414063,4213
2026-03-19 15:31:00+00:00,419.6900024414063,419.6900024414063,418.9849853515625,419.1900024414063,5089
2026-03-19 15:32:00+00:00,419.2999877929687,419.7200012207031,419.2999877929687,419.7099914550781,1908
2026-03-19 15:33:00+00:00,419.6099853515625,419.6099853515625,417.6000061035156,417.6000061035156,3950
2026-03-19 15:34:00+00:00,418.0,418.3699951171875,417.9400024414063,417.9400024414063,4974
2026-03-19 15:35:00+00:00,417.8508911132813,418.3200073242187,417.6625061035156,417.7149963378906,348863
2026-03-19 15:36:00+00:00,417.6950073242187,417.7049865722656,416.864990234375,417.4299926757813,0
2026-03-19 15:37:00+00:00,417.1950073242187,418.03369140625,416.8826904296875,417.8800048828125,5988
2026-03-19 15:38:00+00:00,417.8884887695313,418.2099914550781,417.885009765625,417.885009765625,2373
2026-03-19 15:39:00+00:00,417.8348083496094,418.5199890136719,417.8348083496094,418.5199890136719,4050
2026-03-19 15:40:00+00:00,418.614990234375,418.6199951171875,418.2250061035156,418.3599853515625,355280
2026-03-19 15:41:00+00:00,418.4200134277344,418.75,418.3450012207031,418.3450927734375,0
2026-03-19 15:42:00+00:00,418.2749938964844,418.8250122070313,418.0,418.4100036621094,5035
2026-03-19 15:43:00+00:00,419.3049926757813,419.4719848632813,418.9100036621094,419.3949890136719,5456
2026-03-19 15:44:00+00:00,419.7799987792969,419.7900085449219,419.1950073242187,419.1950073242187,2648
2026-03-19 15:45:00+00:00,419.1650085449219,419.3800048828125,418.8399963378906,419.2999877929687,7173
2026-03-19 15:46:00+00:00,419.4049987792969,419.7300109863281,419.4049987792969,419.4700012207031,3844
2026-03-19 15:47:00+00:00,419.3223876953125,420.0,419.3223876953125,419.8500061035156,3455
2026-03-19 15:48:00+00:00,419.1200866699219,420.5798950195313,419.1200866699219,420.2301025390625,3345
2026-03-19 15:49:00+00:00,420.2228088378906,420.3900146484375,420.0,420.0675048828125,5640
2026-03-19 15:50:00+00:00,420.0750122070313,420.0750122070313,419.75,419.75,1523
2026-03-19 15:51:00+00:00,419.635009765625,419.9299011230469,419.5350036621094,419.8699951171875,2908
2026-03-19 15:52:00+00:00,420.0,420.0,419.55999755859375,419.7999877929687,3169
2026-03-19 15:53:00+00:00,419.7950134277344,419.7950134277344,419.6099853515625,419.7049865722656,2011
2026-03-19 15:54:00+00:00,419.7049865722656,419.7049865722656,419.0750122070313,419.6400146484375,4227
2026-03-19 15:55:00+00:00,419.6400146484375,419.760009765625,419.1700134277344,419.3800048828125,3733
2026-03-19 15:56:00+00:00,419.6600036621094,420.0499877929687,419.6600036621094,419.6900024414063,3844
2026-03-19 15:57:00+00:00,419.7900085449219,420.3500061035156,419.2791137695313,419.5799865722656,5425
2026-03-19 15:58:00+00:00,419.5950012207031,420.1799926757813,419.5950012207031,419.9800109863281,3427
2026-03-19 15:59:00+00:00,419.760009765625,420.6799926757813,419.75,420.3550109863281,6347
2026-03-19 16:00:00+00:00,420.1824951171875,420.2749938964844,419.9400024414063,419.9400024414063,4517
2026-03-19 16:01:00+00:00,420.6099853515625,420.7699890136719,419.7001037597656,420.4500122070313,394558
2026-03-19 16:02:00+00:00,420.1799926757813,420.989990234375,419.93011474609375,420.989990234375,0
2026-03-19 16:03:00+00:00,420.947998046875,421.9999084472656,420.947998046875,421.9200134277344,5544
2026-03-19 16:04:00+00:00,421.7449951171875,421.9200134277344,420.9299926757813,421.260009765625,5801
2026-03-19 16:05:00+00:00,420.9299926757813,421.2699890136719,420.7250061035156,421.0499877929687,5558
2026-03-19 16:06:00+00:00,421.0499877929687,421.80999755859375,421.0499877929687,421.7999877929687,8502
2026-03-19 16:07:00+00:00,421.8982849121094,422.1000061035156,421.4649963378906,421.6200866699219,6772
2026-03-19 16:08:00+00:00,422.30999755859375,422.30999755859375,421.8500061035156,421.9249877929687,7297
2026-03-19 16:09:00+00:00,421.9249877929687,422.2300109863281,421.5799865722656,422.1900024414063,3783
2026-03-19 16:10:00+00:00,422.4599914550781,422.4849853515625,422.05999755859375,422.0799865722656,4789
2026-03-19 16:11:00+00:00,421.9700012207031,422.4200134277344,421.9700012207031,422.1549987792969,2495
2026-03-19 16:12:00+00:00,422.1199951171875,422.1199951171875,421.4200134277344,421.5899963378906,3748
2026-03-19 16:13:00+00:00,421.4700012207031,421.5299987792969,421.4450988769531,421.4700012207031,2035
2026-03-19 16:14:00+00:00,421.4700012207031,421.4700012207031,420.8949890136719,421.0799865722656,5794
2026-03-19 16:15:00+00:00,421.3150024414063,421.3150024414063,421.0299987792969,421.18499755859375,1990
2026-03-19 16:16:00+00:00,421.2944946289063,422.1749877929687,421.18499755859375,421.614990234375,5043
2026-03-19 16:17:00+00:00,421.5899963378906,421.760009765625,421.0499877929687,421.510009765625,3782
2026-03-19 16:18:00+00:00,421.9700012207031,422.0,421.9700012207031,422.0,433662
2026-03-19 16:19:00+00:00,422.4249877929687,422.6199951171875,422.239990234375,422.6199951171875,0
2026-03-19 16:20:00+00:00,422.7900085449219,422.9800109863281,422.3699951171875,422.6050109863281,4164
2026-03-19 16:21:00+00:00,422.5014953613281,422.6050109863281,422.3699951171875,422.4200134277344,2149
2026-03-19 16:22:00+00:00,422.2699890136719,422.4700012207031,421.4599914550781,421.510009765625,5159
2026-03-19 16:23:00+00:00,421.510009765625,421.9500122070313,421.1499938964844,421.6300048828125,5332
2026-03-19 16:24:00+00:00,421.1499938964844,421.1499938964844,420.5899963378906,420.8500061035156,2603
2026-03-19 16:25:00+00:00,420.989990234375,421.5799865722656,420.989990234375,421.1300048828125,1462
2026-03-19 16:26:00+00:00,421.125,421.5799865722656,421.125,421.3900146484375,1881
2026-03-19 16:27:00+00:00,421.55999755859375,421.7900085449219,421.55999755859375,421.7900085449219,1825
2026-03-19 16:28:00+00:00,421.8250122070313,422.5,421.4233093261719,422.4739990234375,447387
2026-03-19 16:29:00+00:00,422.5859069824219,423.4255981445313,422.4739990234375,423.3200073242187,0
2026-03-19 16:30:00+00:00,423.3399963378906,423.3399963378906,422.7049865722656,422.7049865722656,5111
2026-03-19 16:31:00+00:00,422.7000122070313,423.0,422.43499755859375,422.989990234375,4011
2026-03-19 16:32:00+00:00,423.1799926757813,423.9049987792969,423.1799926757813,423.6199951171875,7087
2026-03-19 16:33:00+00:00,423.2999877929687,423.5198974609375,423.1000061035156,423.5,3567
2026-03-19 16:34:00+00:00,423.5199890136719,424.0,423.50140380859375,424.0,459694
2026-03-19 16:35:00+00:00,423.9200134277344,424.2000122070313,423.5700073242187,423.625,0
2026-03-19 16:36:00+00:00,423.864990234375,423.914306640625,423.864990234375,423.914306640625,1203
2026-03-19 16:37:00+00:00,423.875,423.9100036621094,423.6300048828125,423.6300048828125,2065
2026-03-19 16:38:00+00:00,423.7699890136719,424.5899963378906,423.7699890136719,424.5899963378906,3318
2026-03-19 16:39:00+00:00,424.3599853515625,425.0,424.2828979492187,425.0,5853
2026-03-19 16:40:00+00:00,425.0,426.3299865722656,424.7900085449219,426.3299865722656,497064
2026-03-19 16:41:00+00:00,426.3299865722656,426.5,426.0,426.0,0
2026-03-19 16:42:00+00:00,426.1700134277344,426.5,426.0,426.1700134277344,4097
2026-03-19 16:43:00+00:00,426.1650085449219,426.2099914550781,425.5,425.6839904785156,13518
2026-03-19 16:44:00+00:00,425.9800109863281,425.989990234375,425.5,425.8599853515625,7079
2026-03-19 16:45:00+00:00,426.3450012207031,426.7099914550781,425.5,425.6700134277344,11505
2026-03-19 16:46:00+00:00,425.8699951171875,426.6300048828125,425.8450012207031,426.6300048828125,3012
2026-03-19 16:47:00+00:00,426.5549926757813,426.6734924316406,425.9200134277344,426.0849914550781,6470
2026-03-19 16:48:00+00:00,426.3349914550781,426.3349914550781,425.9200134277344,426.30999755859375,489394
2026-03-19 16:49:00+00:00,426.6203002929687,426.6203002929687,426.0350036621094,426.0350036621094,2909
2026-03-19 16:50:00+00:00,426.1600036621094,426.1799926757813,425.9024963378906,426.1799926757813,0
2026-03-19 16:51:00+00:00,426.0531921386719,426.2300109863281,425.9750061035156,425.9750061035156,4312
2026-03-19 16:52:00+00:00,425.7099914550781,426.0954895019531,425.4700012207031,425.7699890136719,10225
2026-03-19 16:53:00+00:00,425.6199951171875,426.25,425.6199951171875,426.25,1767
2026-03-19 16:54:00+00:00,426.3399963378906,426.6000061035156,426.2449951171875,426.2449951171875,2608
2026-03-19 16:55:00+00:00,426.2449951171875,426.25,424.6351013183594,424.6351013183594,12059
2026-03-19 16:56:00+00:00,424.635009765625,424.635009765625,422.5050048828125,422.8800048828125,11338
2026-03-19 16:57:00+00:00,422.9500122070313,423.6000061035156,422.9299926757813,423.5799865722656,7369
2026-03-19 16:58:00+00:00,423.8599853515625,424.0299987792969,423.5,423.885009765625,4188
2026-03-19 16:59:00+00:00,423.885009765625,424.75,423.885009765625,424.4249877929687,2894
2026-03-19 17:00:00+00:00,424.5199890136719,424.989990234375,424.5199890136719,424.989990234375,2237
2026-03-19 17:01:00+00:00,424.9747924804687,424.9747924804687,424.0499877929687,424.0499877929687,8007
2026-03-19 17:02:00+00:00,423.9764099121094,425.4200134277344,423.9764099121094,425.4200134277344,6568
2026-03-19 17:03:00+00:00,425.30999755859375,425.5,424.989990234375,425.1900024414063,6846
2026-03-19 17:04:00+00:00,425.0,425.1499938964844,424.3049926757813,424.3049926757813,4439
2026-03-19 17:05:00+00:00,424.2698059082031,424.9649963378906,424.2698059082031,424.6199951171875,2240
2026-03-19 17:06:00+00:00,424.6199951171875,425.0899963378906,424.3200073242187,424.9661865234375,2734
2026-03-19 17:07:00+00:00,424.989990234375,424.989990234375,424.4649963378906,424.510009765625,3451
2026-03-19 17:08:00+00:00,424.5199890136719,424.6400146484375,423.9500122070313,424.4750061035156,19296
2026-03-19 17:09:00+00:00,424.4750061035156,424.510009765625,423.7999877929687,424.0499877929687,42879
2026-03-19 17:10:00+00:00,424.2900085449219,424.2900085449219,423.5393981933594,423.6549987792969,17618
2026-03-19 17:11:00+00:00,423.8399963378906,423.8399963378906,423.3999938964844,423.6900024414063,12126
2026-03-19 17:12:00+00:00,423.9599914550781,424.2999877929687,423.9450073242187,423.9549865722656,3184
2026-03-19 17:13:00+00:00,423.9150085449219,423.9150085449219,422.5799865722656,422.5799865722656,9794
2026-03-19 17:14:00+00:00,422.5750122070313,423.010009765625,422.5650024414063,422.989990234375,4197
2026-03-19 17:15:00+00:00,422.989990234375,423.6600036621094,422.885009765625,423.659912109375,6245
2026-03-19 17:16:00+00:00,423.3299865722656,423.9299926757813,423.3299865722656,423.9299926757813,2508
2026-03-19 17:17:00+00:00,424.0450134277344,424.1319885253906,423.5079956054687,424.1319885253906,2379
2026-03-19 17:18:00+00:00,424.5299987792969,424.9639892578125,424.260009765625,424.4700012207031,5127
2026-03-19 17:19:00+00:00,424.5750122070313,424.9500122070313,424.375,424.8049926757813,2820
2026-03-19 17:20:00+00:00,424.8049926757813,424.8049926757813,424.375,424.375,3883
2026-03-19 17:21:00+00:00,424.7099914550781,424.7099914550781,424.7000122070313,424.7000122070313,827
2026-03-19 17:22:00+00:00,424.4800109863281,424.99951171875,424.4800109863281,424.8450012207031,4017
2026-03-19 17:23:00+00:00,424.9100036621094,425.1799926757813,424.9100036621094,425.1799926757813,2603
2026-03-19 17:24:00+00:00,425.2049865722656,425.2699890136719,424.9599914550781,424.9599914550781,2018
2026-03-19 17:25:00+00:00,424.8599853515625,425.0700073242187,424.5700988769531,424.5700988769531,1527
2026-03-19 17:26:00+00:00,424.7950134277344,425.989990234375,424.7950134277344,425.9866943359375,4019
2026-03-19 17:27:00+00:00,425.760009765625,426.2450866699219,425.6480102539063,425.9299926757813,4662
2026-03-19 17:28:00+00:00,426.0249938964844,426.0459899902344,425.4800109863281,425.4800109863281,6817
2026-03-19 17:29:00+00:00,425.489990234375,425.8200073242187,425.489990234375,425.7850036621094,2606
2026-03-19 17:30:00+00:00,425.7850036621094,426.3569946289063,425.7850036621094,426.2550048828125,2059
2026-03-19 17:31:00+00:00,426.3059997558594,426.5098876953125,426.0,426.0199890136719,4721
2026-03-19 17:32:00+00:00,426.25579833984375,426.25579833984375,425.0499877929687,425.3699951171875,5530
2026-03-19 17:33:00+00:00,425.3699951171875,425.3949890136719,425.1600036621094,425.3900146484375,2345
2026-03-19 17:34:00+00:00,425.385009765625,425.385009765625,425.0000915527344,425.2127075195313,4263
2026-03-19 17:35:00+00:00,425.2000122070313,425.7214965820313,425.2000122070313,425.5700073242187,3380
2026-03-19 17:36:00+00:00,425.3900146484375,425.7799987792969,425.2900085449219,425.7799987792969,2473
2026-03-19 17:37:00+00:00,425.6600036621094,425.7799987792969,425.6199951171875,425.6400146484375,2344
2026-03-19 17:38:00+00:00,425.4800109863281,425.6499938964844,425.4450073242187,425.6499938964844,555922
2026-03-19 17:39:00+00:00,425.6900024414063,426.0444946289063,425.239990234375,425.75,0
2026-03-19 17:40:00+00:00,425.8949890136719,426.0,425.5400085449219,425.5400085449219,3145
2026-03-19 17:41:00+00:00,425.4400024414063,426.239990234375,425.2999877929687,426.239990234375,3915
2026-03-19 17:42:00+00:00,426.2300109863281,426.4400024414063,425.8599853515625,425.9200134277344,566208
2026-03-19 17:43:00+00:00,425.7300109863281,426.0,425.7300109863281,426.0,0
2026-03-19 17:44:00+00:00,425.93499755859375,426.3599853515625,425.9200134277344,425.9200134277344,7165
2026-03-19 17:45:00+00:00,426.114990234375,426.6698913574219,426.0,426.6698913574219,6726
2026-03-19 17:46:00+00:00,426.4200134277344,426.5,426.1700134277344,426.5,570756
2026-03-19 17:47:00+00:00,426.2099914550781,426.3500061035156,426.1650085449219,426.3500061035156,0
2026-03-19 17:48:00+00:00,426.4498901367187,426.4549865722656,426.0914001464844,426.3399963378906,3453
2026-03-19 17:49:00+00:00,426.2300109863281,426.6099853515625,426.0499877929687,426.4750061035156,3059
2026-03-19 17:50:00+00:00,426.75,427.0899963378906,426.625,427.0,5517
2026-03-19 17:51:00+00:00,426.9719848632813,427.2043151855469,426.6524963378906,426.7999877929687,8285
2026-03-19 17:52:00+00:00,426.7999877929687,427.0,426.3800048828125,426.9949951171875,4693
2026-03-19 17:53:00+00:00,427.0914001464844,427.0914001464844,426.7000122070313,426.7900085449219,2859
2026-03-19 17:54:00+00:00,426.7900085449219,427.2200012207031,426.7900085449219,427.2200012207031,1820
2026-03-19 17:55:00+00:00,427.1842041015625,427.2200012207031,426.8900146484375,427.1300048828125,2490
2026-03-19 17:56:00+00:00,427.1400146484375,427.80999755859375,427.0979919433594,427.6300964355469,6826
2026-03-19 17:57:00+00:00,427.7900085449219,428.2300109863281,427.7900085449219,428.1400146484375,6694
2026-03-19 17:58:00+00:00,427.6300048828125,428.0,427.5450134277344,427.5450134277344,3731
2026-03-19 17:59:00+00:00,427.6600036621094,428.4100036621094,427.6600036621094,428.2250061035156,7417
2026-03-19 18:00:00+00:00,428.5899963378906,428.8800048828125,428.25,428.75,5178
2026-03-19 18:01:00+00:00,429.0499877929687,429.3200073242187,429.0,429.3200073242187,7251
2026-03-19 18:02:00+00:00,429.0000915527344,429.4450073242187,428.0,428.0,16941
2026-03-19 18:03:00+00:00,427.7341918945313,428.010009765625,427.6499938964844,427.6499938964844,3097
2026-03-19 18:04:00+00:00,427.0,427.5,427.0,427.5,5449
2026-03-19 18:05:00+00:00,427.5360107421875,428.1199951171875,427.4249877929687,428.0499877929687,4925
2026-03-19 18:06:00+00:00,428.0450134277344,428.7200012207031,428.0450134277344,428.4549865722656,5746
2026-03-19 18:07:00+00:00,428.4549865722656,428.8099060058594,427.74798583984375,427.74798583984375,5216
2026-03-19 18:08:00+00:00,427.9249877929687,428.0750122070313,427.9249877929687,428.0750122070313,2795
2026-03-19 18:09:00+00:00,428.0700073242187,428.0750122070313,427.3837890625,427.625,3937
2026-03-19 18:10:00+00:00,427.3500061035156,427.5499877929687,427.3500061035156,427.5150146484375,806
2026-03-19 18:11:00+00:00,427.6000061035156,427.8900146484375,427.5899963378906,427.635009765625,3029
2026-03-19 18:12:00+00:00,427.7999877929687,428.9299926757813,427.6799926757813,428.5537109375,6722
2026-03-19 18:13:00+00:00,428.5150146484375,429.1900024414063,428.510009765625,429.1900024414063,3141
2026-03-19 18:14:00+00:00,429.1145935058594,429.3500061035156,428.8049926757813,429.2900085449219,4784
2026-03-19 18:15:00+00:00,429.2799987792969,429.70709228515625,429.0450134277344,429.2200012207031,3938
2026-03-19 18:16:00+00:00,429.3150024414063,429.3150024414063,428.4501037597656,428.75,2081
2026-03-19 18:17:00+00:00,428.75,428.8800048828125,428.3200073242187,428.3200073242187,2451
2026-03-19 18:18:00+00:00,428.4500122070313,428.4500122070313,428.0044860839844,428.2250061035156,4635
2026-03-19 18:19:00+00:00,428.2900085449219,428.7999877929687,428.2300109863281,428.7999877929687,8045
2026-03-19 18:20:00+00:00,428.9461059570313,428.989990234375,428.7049865722656,428.989990234375,2327
2026-03-19 18:21:00+00:00,428.4501037597656,428.9993896484375,427.625,428.1099853515625,8503
2026-03-19 18:22:00+00:00,428.2650146484375,428.3200073242187,427.906005859375,427.9949951171875,2981
2026-03-19 18:23:00+00:00,427.9949951171875,429.45989990234375,427.9949951171875,429.3399963378906,9599
2026-03-19 18:24:00+00:00,429.6900024414063,430.239990234375,429.3218078613281,429.7000122070313,11606
2026-03-19 18:25:00+00:00,429.7591857910156,430.3250122070313,429.4100036621094,429.5799865722656,6915
2026-03-19 18:26:00+00:00,429.5799865722656,429.6799926757813,429.239990234375,429.6799926757813,3410
2026-03-19 18:27:00+00:00,429.5150146484375,429.885009765625,429.489990234375,429.885009765625,3877
2026-03-19 18:28:00+00:00,429.885009765625,429.885009765625,429.5899963378906,429.5899963378906,3181
2026-03-19 18:29:00+00:00,429.4599914550781,429.4599914550781,428.80999755859375,429.1400146484375,4514
2026-03-19 18:30:00+00:00,429.0549926757813,429.0549926757813,428.3800048828125,428.6650085449219,3448
2026-03-19 18:31:00+00:00,428.6365051269531,428.9400024414063,428.6365051269531,428.6950988769531,4310
2026-03-19 18:32:00+00:00,428.739990234375,428.989990234375,428.6799926757813,428.989990234375,2245
2026-03-19 18:33:00+00:00,428.989990234375,428.989990234375,427.8200073242187,428.05999755859375,3786
2026-03-19 18:34:00+00:00,427.9649963378906,428.3900146484375,427.9649963378906,428.3900146484375,1810
2026-03-19 18:35:00+00:00,428.2799987792969,428.7799987792969,428.2799987792969,428.6799926757813,3330
2026-03-19 18:36:00+00:00,428.6900024414063,428.7999877929687,428.5299987792969,428.5299987792969,1855
2026-03-19 18:37:00+00:00,428.5450134277344,428.7000122070313,428.1900024414063,428.6300048828125,2415
2026-03-19 18:38:00+00:00,428.5700073242187,428.9599914550781,428.5700073242187,428.6821899414063,2860
2026-03-19 18:39:00+00:00,429.0,429.0,428.6950073242187,428.7674865722656,1790
2026-03-19 18:40:00+00:00,429.1000061035156,429.1000061035156,428.6099853515625,428.6099853515625,5368
2026-03-19 18:41:00+00:00,428.6099853515625,428.6700134277344,428.1799926757813,428.2749938964844,3755
2026-03-19 18:42:00+00:00,428.385009765625,428.385009765625,428.2000122070313,428.2000122070313,2672
2026-03-19 18:43:00+00:00,428.1650085449219,428.6050109863281,428.1650085449219,428.3900146484375,4009
2026-03-19 18:44:00+00:00,428.3999938964844,428.6900024414063,428.0299987792969,428.2699890136719,11648
2026-03-19 18:45:00+00:00,428.4400024414063,428.4400024414063,427.4400024414063,427.7000122070313,7953
2026-03-19 18:46:00+00:00,427.7099914550781,427.7099914550781,427.10009765625,427.6900024414063,5882
2026-03-19 18:47:00+00:00,427.4577026367187,427.6300048828125,427.4577026367187,427.6199951171875,1929
2026-03-19 18:48:00+00:00,427.6499938964844,427.8200073242187,427.4700012207031,427.614990234375,2044
2026-03-19 18:49:00+00:00,427.7601013183594,427.989990234375,427.7601013183594,427.989990234375,1290
2026-03-19 18:50:00+00:00,428.2900085449219,428.2900085449219,427.0799865722656,427.0799865722656,5165
2026-03-19 18:51:00+00:00,427.2149963378906,427.4400024414063,427.2149963378906,427.4400024414063,1007
2026-03-19 18:52:00+00:00,427.6749877929687,427.8500061035156,427.3049926757813,427.3049926757813,2672
2026-03-19 18:53:00+00:00,427.3200073242187,427.4200134277344,427.2900085449219,427.4200134277344,1569
2026-03-19 18:54:00+00:00,427.2950134277344,427.5199890136719,427.2850036621094,427.5199890136719,1342
2026-03-19 18:55:00+00:00,427.4450073242187,427.4450073242187,427.4450073242187,427.4450073242187,1182
2026-03-19 18:56:00+00:00,427.7200012207031,427.8900146484375,427.7200012207031,427.7820129394531,1675
2026-03-19 18:57:00+00:00,427.6700134277344,428.0899963378906,427.6700134277344,428.0899963378906,4410
2026-03-19 18:58:00+00:00,428.2101135253906,430.0499877929687,428.2101135253906,430.0400085449219,10356
2026-03-19 18:59:00+00:00,430.0050048828125,430.3198852539063,429.7000122070313,429.7000122070313,6214
2026-03-19 19:00:00+00:00,430.0799865722656,430.8200073242187,430.010009765625,430.7439880371094,9124
2026-03-19 19:01:00+00:00,431.0,431.6000061035156,431.0,431.6000061035156,6480
2026-03-19 19:02:00+00:00,431.7699890136719,432.3599853515625,431.5899963378906,432.3599853515625,8034
2026-03-19 19:03:00+00:00,431.8800048828125,432.2900085449219,431.1499938964844,432.2300109863281,14961
2026-03-19 19:04:00+00:00,432.2300109863281,432.6799926757813,432.0101013183594,432.635009765625,12496
2026-03-19 19:05:00+00:00,432.7900085449219,433.7200012207031,432.4240112304687,433.4179992675781,19902
2026-03-19 19:06:00+00:00,433.5,434.7099914550781,433.2000122070313,434.5450134277344,18764
2026-03-19 19:07:00+00:00,434.3699951171875,434.9100036621094,433.25579833984375,433.25579833984375,12369
2026-03-19 19:08:00+00:00,433.56201171875,434.7699890136719,433.56201171875,434.5499877929687,8358
2026-03-19 19:09:00+00:00,434.3599853515625,434.8699951171875,434.1405944824219,434.5400085449219,5250
2026-03-19 19:10:00+00:00,434.7799987792969,435.6799926757813,434.1950988769531,435.5198974609375,732631
2026-03-19 19:11:00+00:00,436.0,436.5899963378906,435.93499755859375,436.5899963378906,0
2026-03-19 19:12:00+00:00,436.1199951171875,436.5999145507813,434.3599853515625,434.3599853515625,10498
2026-03-19 19:13:00+00:00,434.9750061035156,435.08990478515625,434.260009765625,434.6099853515625,8105
2026-03-19 19:14:00+00:00,434.8999938964844,435.989990234375,434.8999938964844,435.4800109863281,2940
2026-03-19 19:15:00+00:00,435.8699951171875,436.2799987792969,435.6449890136719,436.0,4263
2026-03-19 19:16:00+00:00,436.1549987792969,436.1549987792969,434.2799987792969,434.8800048828125,10512
2026-03-19 19:17:00+00:00,435.2799987792969,435.9500122070313,434.989990234375,435.4800109863281,6207
2026-03-19 19:18:00+00:00,435.4599914550781,436.0,434.6700134277344,436.0,8939
2026-03-19 19:19:00+00:00,436.0,437.4599914550781,435.4000854492187,436.7500915527344,13049
2026-03-19 19:20:00+00:00,436.80999755859375,436.80999755859375,435.5700073242187,435.8200073242187,6032
2026-03-19 19:21:00+00:00,435.5650024414063,436.3099060058594,435.5650024414063,435.9400024414063,4571
2026-03-19 19:22:00+00:00,436.21881103515625,436.3399963378906,435.7301940917969,436.125,3506
2026-03-19 19:23:00+00:00,436.4400024414063,436.7499084472656,436.0000915527344,436.375,5903
2026-03-19 19:24:00+00:00,436.3349914550781,436.6700134277344,435.8940124511719,436.1449890136719,22285
2026-03-19 19:25:00+00:00,436.0750122070313,436.0750122070313,435.3900146484375,435.3900146484375,3208
2026-03-19 19:26:00+00:00,435.3049926757813,435.6000061035156,433.8700866699219,434.3586120605469,9907
2026-03-19 19:27:00+00:00,434.7699890136719,435.0698852539063,434.5700073242187,434.6400146484375,3586
2026-03-19 19:28:00+00:00,434.16009521484375,435.0299987792969,434.16009521484375,434.6700134277344,4335
2026-03-19 19:29:00+00:00,434.80999755859375,435.2344970703125,434.80999755859375,435.0,4986
2026-03-19 19:30:00+00:00,434.75,434.75,433.5000915527344,434.2749938964844,6489
2026-03-19 19:31:00+00:00,434.4299926757813,434.4299926757813,433.8200073242187,433.8572998046875,765429
2026-03-19 19:32:00+00:00,433.7601013183594,433.7601013183594,433.1000061035156,433.3200073242187,0
2026-03-19 19:33:00+00:00,433.3800048828125,434.05999755859375,433.3800048828125,433.864990234375,4284
2026-03-19 19:34:00+00:00,434.2799987792969,434.4949951171875,432.9849853515625,432.9849853515625,5798
2026-03-19 19:35:00+00:00,433.3049926757813,433.4302062988281,432.2200012207031,432.3949890136719,774771
2026-03-19 19:36:00+00:00,432.3900146484375,432.989990234375,432.3900146484375,432.8049926757813,0
2026-03-19 19:37:00+00:00,432.9800109863281,433.3200073242187,432.739990234375,433.2650146484375,6930
2026-03-19 19:38:00+00:00,433.510009765625,433.510009765625,432.8200073242187,432.8200073242187,4428
2026-03-19 19:39:00+00:00,433.010009765625,433.4500122070313,432.9800109863281,433.1325073242187,5293
2026-03-19 19:40:00+00:00,433.7250061035156,434.7247924804687,433.5,434.7247924804687,788471
2026-03-19 19:41:00+00:00,434.5150146484375,434.5150146484375,433.6000061035156,433.7799987792969,0
2026-03-19 19:42:00+00:00,433.739990234375,434.385009765625,433.739990234375,434.1799926757813,5237
2026-03-19 19:43:00+00:00,434.3699951171875,434.5700073242187,434.0,434.5700073242187,4690
2026-03-19 19:44:00+00:00,434.4049987792969,434.4049987792969,433.68499755859375,433.68499755859375,5283
2026-03-19 19:45:00+00:00,433.6449890136719,433.6449890136719,432.25689697265625,432.7712097167969,8184
2026-03-19 19:46:00+00:00,433.0199890136719,433.2650146484375,432.760009765625,432.91009521484375,8045
2026-03-19 19:47:00+00:00,432.9000854492187,433.0950012207031,432.610107421875,432.8001098632813,5772
2026-03-19 19:48:00+00:00,432.8100891113281,433.1600036621094,432.610107421875,432.6799926757813,6185
2026-03-19 19:49:00+00:00,432.6799926757813,433.2000122070313,432.3399963378906,433.2000122070313,9009
2026-03-19 19:50:00+00:00,433.30999755859375,435.0,432.8399963378906,433.0150146484375,20264
2026-03-19 19:51:00+00:00,433.0199890136719,433.2799987792969,432.7500915527344,433.0050048828125,12177
2026-03-19 19:52:00+00:00,432.8500061035156,433.4500122070313,432.7699890136719,433.1120910644531,18370
2026-03-19 19:53:00+00:00,433.2049865722656,433.5799865722656,432.8699951171875,433.489990234375,15825
2026-03-19 19:54:00+00:00,433.2999877929687,433.5700073242187,432.9100036621094,433.2099914550781,21528
2026-03-19 19:55:00+00:00,433.3699951171875,434.5303039550781,433.2601013183594,434.2699890136719,18741
2026-03-19 19:56:00+00:00,434.2699890136719,434.3399963378906,433.93499755859375,434.1449890136719,18311
2026-03-19 19:57:00+00:00,434.1700134277344,434.8799133300781,434.1700134277344,434.739990234375,30693
2026-03-19 19:58:00+00:00,434.760009765625,434.9200134277344,434.4100036621094,434.75,36641
2026-03-19 19:59:00+00:00,434.6900024414063,434.989990234375,434.4150085449219,434.6000061035156,55716
2026-04-06 13:30:00+00:00,450.8800048828125,460.4226989746094,450.0,458.6601867675781,264217
2026-04-06 13:31:00+00:00,459.0,460.0,453.760009765625,456.55999755859375,66087
2026-04-06 13:32:00+00:00,455.24700927734375,457.0,454.5,455.9949951171875,17522
2026-04-06 13:33:00+00:00,456.5,461.8999938964844,455.9949951171875,461.8999938964844,38431
2026-04-06 13:34:00+00:00,461.0,463.9999084472656,460.2999877929687,461.5675048828125,62224
2026-04-06 13:35:00+00:00,461.5050048828125,462.9500122070313,459.1427917480469,459.6950073242187,39307
2026-04-06 13:36:00+00:00,459.9700012207031,459.9700012207031,452.8500061035156,453.239990234375,39535
2026-04-06 13:37:00+00:00,452.4360961914063,457.9999084472656,452.010009765625,456.2099914550781,33571
2026-04-06 13:38:00+00:00,456.68499755859375,458.8500061035156,455.4800109863281,455.6099853515625,17868
2026-04-06 13:39:00+00:00,454.9549865722656,456.4200134277344,454.2699890136719,455.0700073242187,11315
2026-04-06 13:40:00+00:00,455.0,456.5750122070313,452.6400146484375,455.885009765625,24441
2026-04-06 13:41:00+00:00,455.885009765625,457.1799011230469,454.0,456.9800109863281,19766
2026-04-06 13:42:00+00:00,456.6900024414063,461.6099853515625,456.6900024414063,461.4700012207031,51436
2026-04-06 13:43:00+00:00,461.2000122070313,462.0,459.56298828125,459.75,23901
2026-04-06 13:44:00+00:00,459.7250061035156,460.7999877929687,458.3500061035156,460.010009765625,22214
2026-04-06 13:45:00+00:00,460.30999755859375,464.5,460.30999755859375,464.0350036621094,48386
2026-04-06 13:46:00+00:00,464.0,466.4100036621094,463.18560791015625,464.5748901367187,57941
2026-04-06 13:47:00+00:00,464.3001098632813,470.2300109863281,464.3001098632813,468.5,64397
2026-04-06 13:48:00+00:00,469.1300048828125,469.4200134277344,466.3299865722656,466.989990234375,39130
2026-04-06 13:49:00+00:00,467.3999938964844,468.4100036621094,465.9299926757813,467.0499877929687,31933
2026-04-06 13:50:00+00:00,466.6099853515625,468.239990234375,466.1700134277344,467.5700073242187,23779
2026-04-06 13:51:00+00:00,468.2000122070313,468.2300109863281,466.0899963378906,466.9198913574219,25172
2026-04-06 13:52:00+00:00,466.5050048828125,466.8999938964844,464.6900939941406,465.0499877929687,26164
2026-04-06 13:53:00+00:00,464.9700012207031,466.3739929199219,464.4849853515625,465.3699951171875,15196
2026-04-06 13:54:00+00:00,466.1499938964844,466.510009765625,465.0,465.05999755859375,11738
2026-04-06 13:55:00+00:00,464.8150024414063,468.75,464.8150024414063,467.8900146484375,24189
2026-04-06 13:56:00+00:00,466.6700134277344,469.4999084472656,466.2300109863281,469.1000061035156,15309
2026-04-06 13:57:00+00:00,469.3800048828125,469.510009765625,467.3200988769531,468.6099853515625,22535
2026-04-06 13:58:00+00:00,468.1749877929687,468.1749877929687,464.090087890625,465.2300109863281,24551
2026-04-06 13:59:00+00:00,464.6900024414063,465.8999938964844,464.21820068359375,464.8399963378906,12421
2026-04-06 14:00:00+00:00,464.6600036621094,466.9999084472656,464.1600036621094,465.6600036621094,31285
2026-04-06 14:01:00+00:00,465.7999877929687,465.7999877929687,462.6401062011719,462.7467041015625,29030
2026-04-06 14:02:00+00:00,461.98089599609375,465.9891052246094,461.98089599609375,464.7149963378906,24355
2026-04-06 14:03:00+00:00,464.5299987792969,464.8900146484375,462.0,462.0,10441
2026-04-06 14:04:00+00:00,461.0000915527344,461.989990234375,460.1900024414063,460.1900024414063,19231
2026-04-06 14:05:00+00:00,460.7049865722656,461.9989929199219,460.0000915527344,460.3999938964844,25251
2026-04-06 14:06:00+00:00,460.2950134277344,461.5700073242187,458.9299926757813,459.8450012207031,24810
2026-04-06 14:07:00+00:00,459.8150024414063,460.3890075683594,457.7911987304687,457.7911987304687,19792
2026-04-06 14:08:00+00:00,458.1700134277344,460.22900390625,456.6499938964844,458.6701049804687,19586
2026-04-06 14:09:00+00:00,459.0,460.4200134277344,458.6701049804687,459.9649963378906,25328
2026-04-06 14:10:00+00:00,460.0950012207031,460.760009765625,459.5,460.114990234375,36245
2026-04-06 14:11:00+00:00,460.6549987792969,463.2499084472656,459.6099853515625,462.4800109863281,22120
2026-04-06 14:12:00+00:00,462.5050048828125,464.6400146484375,462.5,463.510009765625,19591
2026-04-06 14:13:00+00:00,463.1401062011719,465.3999938964844,463.0101013183594,465.05999755859375,31282
2026-04-06 14:14:00+00:00,465.05999755859375,467.0,464.5300903320313,466.1400146484375,20873
2026-04-06 14:15:00+00:00,466.2900085449219,467.3450012207031,465.4700012207031,467.2149963378906,13898
2026-04-06 14:16:00+00:00,467.6799926757813,467.8299865722656,465.7900085449219,466.5050048828125,13108
2026-04-06 14:17:00+00:00,466.5050048828125,467.5899963378906,465.7149963378906,465.7149963378906,18937
2026-04-06 14:18:00+00:00,465.4400024414063,466.3786010742187,463.66650390625,464.6799926757813,24906
2026-04-06 14:19:00+00:00,464.9599914550781,465.80999755859375,464.6799926757813,465.3900146484375,10863
2026-04-06 14:20:00+00:00,464.2000122070313,465.739990234375,464.2000122070313,465.739990234375,4321
2026-04-06 14:21:00+00:00,464.9299926757813,465.58990478515625,464.7401123046875,465.0285034179687,3444
2026-04-06 14:22:00+00:00,464.739990234375,465.5899963378906,462.3500061035156,462.3500061035156,9824
2026-04-06 14:23:00+00:00,462.3699951171875,464.8150024414063,462.2500915527344,464.8150024414063,12951
2026-04-06 14:24:00+00:00,464.9649963378906,465.010009765625,464.1000061035156,465.010009765625,5490
2026-04-06 14:25:00+00:00,465.39990234375,465.5499877929687,461.6300048828125,461.6300048828125,23864
2026-04-06 14:26:00+00:00,461.9599914550781,462.3500061035156,461.0501098632813,461.8599853515625,11628
2026-04-06 14:27:00+00:00,462.010009765625,463.3900146484375,462.010009765625,463.2135925292969,5792
2026-04-06 14:28:00+00:00,462.0,463.489990234375,461.5499877929687,463.489990234375,9081
2026-04-06 14:29:00+00:00,463.6998901367187,463.6998901367187,461.7000122070313,461.7000122070313,11812
2026-04-06 14:30:00+00:00,462.1600036621094,463.5799865722656,462.0,463.18499755859375,7170
2026-04-06 14:31:00+00:00,463.1199951171875,463.5400085449219,462.5989990234375,463.4200134277344,4490
2026-04-06 14:32:00+00:00,463.4200134277344,463.80999755859375,462.0000915527344,462.75,15005
2026-04-06 14:33:00+00:00,462.239990234375,462.239990234375,459.5499877929687,459.7349853515625,11003
2026-04-06 14:34:00+00:00,459.8299865722656,460.55999755859375,459.7250061035156,460.0400085449219,9344
2026-04-06 14:35:00+00:00,460.2799987792969,460.4049987792969,458.5299987792969,459.5,11535
2026-04-06 14:36:00+00:00,459.0,460.0199890136719,459.0,459.3200073242187,9673
2026-04-06 14:37:00+00:00,459.7300109863281,460.139892578125,458.8150024414063,459.1600036621094,14038
2026-04-06 14:38:00+00:00,459.1099853515625,460.5,456.2300109863281,456.7149963378906,20842
2026-04-06 14:39:00+00:00,456.239990234375,459.0,456.239990234375,458.3900146484375,16205
2026-04-06 14:40:00+00:00,458.2049865722656,459.9500122070313,458.2049865722656,459.9500122070313,8218
2026-04-06 14:41:00+00:00,459.8500061035156,460.1600036621094,459.3599853515625,459.3599853515625,17617
2026-04-06 14:42:00+00:00,459.4849853515625,460.2000122070313,458.8599853515625,459.7799987792969,16826
2026-04-06 14:43:00+00:00,459.77099609375,460.5498962402344,459.0700073242187,459.0700073242187,6461
2026-04-06 14:44:00+00:00,459.5350036621094,459.989990234375,458.1799926757813,458.1799926757813,10285
2026-04-06 14:45:00+00:00,458.7000122070313,458.9700012207031,457.0,457.0,11379
2026-04-06 14:46:00+00:00,456.7900085449219,458.1299133300781,456.6499938964844,458.1199951171875,12935
2026-04-06 14:47:00+00:00,457.8299865722656,458.3299865722656,457.5400085449219,458.1099853515625,4815
2026-04-06 14:48:00+00:00,458.2900085449219,458.33990478515625,456.7200012207031,457.0150146484375,11565
2026-04-06 14:49:00+00:00,456.9299926757813,457.8900146484375,456.2000122070313,457.5549926757813,37636
2026-04-06 14:50:00+00:00,457.5899963378906,459.010009765625,457.5899963378906,457.760009765625,6739
2026-04-06 14:51:00+00:00,457.9750061035156,458.6998901367187,457.8900146484375,457.8900146484375,8884
2026-04-06 14:52:00+00:00,458.1900024414063,459.7214965820313,457.7000122070313,459.3599853515625,14038
2026-04-06 14:53:00+00:00,458.8299865722656,459.9898986816406,458.8299865722656,459.375,9346
2026-04-06 14:54:00+00:00,459.6700134277344,459.6700134277344,459.3049926757813,459.5799865722656,9156
2026-04-06 14:55:00+00:00,459.3699951171875,459.7099914550781,457.5,458.9700012207031,11225
2026-04-06 14:56:00+00:00,458.9700012207031,459.260009765625,458.6000061035156,458.8800048828125,3507
2026-04-06 14:57:00+00:00,459.2000122070313,459.2000122070313,457.75,457.75,5115
2026-04-06 14:58:00+00:00,458.1799926757813,458.8919982910156,457.7650146484375,458.489990234375,2896
2026-04-06 14:59:00+00:00,459.0306091308594,459.1749877929687,458.0299987792969,458.8450012207031,4790
2026-04-06 15:00:00+00:00,458.8450012207031,460.5,458.8450012207031,459.9249877929687,11317
2026-04-06 15:01:00+00:00,459.9249877929687,461.4006042480469,459.9249877929687,461.3500061035156,10835
2026-04-06 15:02:00+00:00,461.3299865722656,461.9399108886719,458.7550048828125,458.7550048828125,12893
2026-04-06 15:03:00+00:00,458.9700012207031,458.9999084472656,457.7799987792969,457.9599914550781,6511
2026-04-06 15:04:00+00:00,458.0499877929687,459.0,457.7300109863281,458.5199890136719,12698
2026-04-06 15:05:00+00:00,458.260009765625,458.3999938964844,457.2900085449219,457.875,6668
2026-04-06 15:06:00+00:00,457.875,458.1300048828125,456.989990234375,457.1499938964844,6301
2026-04-06 15:07:00+00:00,457.1449890136719,457.3500061035156,456.60009765625,457.18499755859375,5374
2026-04-06 15:08:00+00:00,457.5499877929687,458.2137145996094,457.5050048828125,457.7999877929687,6495
2026-04-06 15:09:00+00:00,457.6050109863281,458.20989990234375,456.8999938964844,456.9500122070313,8280
2026-04-06 15:10:00+00:00,457.125,457.4800109863281,456.7349853515625,456.9100036621094,11146
2026-04-06 15:11:00+00:00,456.3581848144531,456.5498962402344,455.1510009765625,456.1400146484375,26848
2026-04-06 15:12:00+00:00,456.3800048828125,456.9599914550781,456.1499938964844,456.55999755859375,7215
2026-04-06 15:13:00+00:00,456.5504150390625,457.2300109863281,456.5504150390625,457.2300109863281,2858
2026-04-06 15:14:00+00:00,456.3999938964844,457.4500122070313,456.3999938964844,457.4500122070313,3795
2026-04-06 15:15:00+00:00,457.4500122070313,457.5,456.5700988769531,456.5700988769531,3097
2026-04-06 15:16:00+00:00,457.1799926757813,457.3900146484375,456.7200012207031,457.0750122070313,2050
2026-04-06 15:17:00+00:00,457.05999755859375,457.05999755859375,456.5750122070313,456.9949951171875,3539
2026-04-06 15:18:00+00:00,456.7900085449219,457.3900146484375,456.3999938964844,456.3999938964844,3367
2026-04-06 15:19:00+00:00,456.5,456.5400085449219,456.4299926757813,456.5400085449219,1580
2026-04-06 15:20:00+00:00,456.9800109863281,457.3399963378906,456.9400024414063,457.1300048828125,16603
2026-04-06 15:21:00+00:00,456.9800109863281,457.30999755859375,456.9400024414063,456.9800109863281,3326
2026-04-06 15:22:00+00:00,456.8001098632813,457.7000122070313,456.4800109863281,457.0,19605
2026-04-06 15:23:00+00:00,456.5199890136719,456.5199890136719,456.0,456.4339904785156,4363
2026-04-06 15:24:00+00:00,456.5,456.5299987792969,454.5799865722656,455.1600036621094,16732
2026-04-06 15:25:00+00:00,454.9465942382813,455.0050048828125,454.3200988769531,454.7850036621094,4540
2026-04-06 15:26:00+00:00,454.4800109863281,455.0700073242187,454.439208984375,454.9599914550781,7462
2026-04-06 15:27:00+00:00,454.75,455.6499938964844,454.75,455.2799987792969,5234
2026-04-06 15:28:00+00:00,455.5299987792969,455.5299987792969,454.75,455.2799987792969,5664
2026-04-06 15:29:00+00:00,455.125,456.3500061035156,455.125,456.010009765625,7165
2026-04-06 15:30:00+00:00,456.4198913574219,456.4198913574219,454.989990234375,455.0499877929687,12518
2026-04-06 15:31:00+00:00,455.0,455.2749938964844,454.7149963378906,454.9150085449219,7712
2026-04-06 15:32:00+00:00,455.0549926757813,455.0549926757813,454.0801086425781,454.0801086425781,5404
2026-04-06 15:33:00+00:00,454.3800048828125,455.010009765625,453.5700073242187,454.8275146484375,10226
2026-04-06 15:34:00+00:00,455.3799133300781,455.3800048828125,454.3100891113281,454.8999938964844,3742
2026-04-06 15:35:00+00:00,455.3800048828125,455.8599853515625,455.2301025390625,455.7300109863281,2822
2026-04-06 15:36:00+00:00,455.5899963378906,455.5899963378906,454.2999877929687,454.38079833984375,3944
2026-04-06 15:37:00+00:00,454.7950134277344,454.9500122070313,453.510009765625,454.0499877929687,5554
2026-04-06 15:38:00+00:00,454.0499877929687,454.6099853515625,453.5199890136719,454.0499877929687,2654
2026-04-06 15:39:00+00:00,454.1300048828125,454.9200134277344,454.1300048828125,454.5849914550781,3913
2026-04-06 15:40:00+00:00,454.2301025390625,454.5849914550781,454.0499877929687,454.4750061035156,5090
2026-04-06 15:41:00+00:00,454.4750061035156,454.7999877929687,454.2611999511719,454.6799926757813,4307
2026-04-06 15:42:00+00:00,454.6799926757813,455.1400146484375,454.4500122070313,455.0,6796
2026-04-06 15:43:00+00:00,455.010009765625,455.0700073242187,453.7200012207031,453.7200012207031,8920
2026-04-06 15:44:00+00:00,453.8150024414063,454.9599914550781,453.66009521484375,454.9599914550781,5343
2026-04-06 15:45:00+00:00,455.0,455.1799926757813,454.4801025390625,454.7200012207031,8595
2026-04-06 15:46:00+00:00,454.7200012207031,454.7200012207031,454.4549865722656,454.4549865722656,11591
2026-04-06 15:47:00+00:00,454.0849914550781,454.0849914550781,453.7301025390625,453.7301025390625,1596
2026-04-06 15:48:00+00:00,454.4002990722656,454.8598937988281,454.3049926757813,454.8598937988281,4323
2026-04-06 15:49:00+00:00,454.4150085449219,454.8599853515625,454.3450012207031,454.6099853515625,2429
2026-04-06 15:50:00+00:00,454.8500061035156,455.29400634765625,454.8500061035156,455.29400634765625,5174
2026-04-06 15:51:00+00:00,455.510009765625,455.8049926757813,455.2999877929687,455.6708984375,3995
2026-04-06 15:52:00+00:00,455.75,457.5199890136719,455.75,457.5199890136719,9653
2026-04-06 15:53:00+00:00,457.9999084472656,458.0,457.1600036621094,457.4549865722656,12963
2026-04-06 15:54:00+00:00,457.3900146484375,457.4700012207031,457.0281982421875,457.4700012207031,3296
2026-04-06 15:55:00+00:00,457.2699890136719,457.2699890136719,455.6022033691406,455.6022033691406,6345
2026-04-06 15:56:00+00:00,455.9371948242187,456.3699951171875,455.9371948242187,456.1759033203125,3713
2026-04-06 15:57:00+00:00,456.3299865722656,456.6559143066406,455.8900146484375,456.3999938964844,3052
2026-04-06 15:58:00+00:00,456.3500061035156,456.6777038574219,456.3500061035156,456.4299926757813,3481
2026-04-06 15:59:00+00:00,456.5799865722656,457.1549987792969,456.5799865722656,457.0,3764
2026-04-06 16:00:00+00:00,457.0799865722656,457.7300109863281,457.0799865722656,457.70989990234375,6627
2026-04-06 16:01:00+00:00,457.3800048828125,458.6499938964844,457.0499877929687,458.2000122070313,10390
2026-04-06 16:02:00+00:00,458.25,458.260009765625,455.6099853515625,456.5499877929687,17053
2026-04-06 16:03:00+00:00,456.1199951171875,456.7799987792969,456.0950012207031,456.5199890136719,3289
2026-04-06 16:04:00+00:00,456.6499938964844,456.6499938964844,456.0499877929687,456.5799865722656,2002
2026-04-06 16:05:00+00:00,456.5150146484375,456.5150146484375,456.5150146484375,456.5150146484375,3004
2026-04-06 16:06:00+00:00,456.5299987792969,456.5299987792969,456.5299987792969,456.5299987792969,1637
2026-04-06 16:07:00+00:00,455.7300109863281,455.8049926757813,455.7300109863281,455.7900085449219,943
2026-04-06 16:08:00+00:00,455.4200134277344,455.4200134277344,454.4596862792969,454.4596862792969,9301
2026-04-06 16:09:00+00:00,454.7799987792969,455.5450134277344,454.7799987792969,455.5450134277344,3726
2026-04-06 16:10:00+00:00,455.260009765625,455.8500061035156,455.11529541015625,455.3763122558594,3643
2026-04-06 16:11:00+00:00,455.7300109863281,455.9400024414063,454.7799987792969,454.7799987792969,2338
2026-04-06 16:12:00+00:00,454.80999755859375,455.0799865722656,454.80999755859375,454.8999938964844,1455
2026-04-06 16:13:00+00:00,455.2999877929687,455.4599914550781,454.8900146484375,454.8900146484375,4710
2026-04-06 16:14:00+00:00,454.8200073242187,454.8999938964844,454.8200073242187,454.8550109863281,1330
2026-04-06 16:15:00+00:00,455.1499938964844,455.1499938964844,454.8699951171875,455.0950012207031,1492
2026-04-06 16:16:00+00:00,455.3200073242187,455.6199951171875,455.2799987792969,455.4249877929687,4218
2026-04-06 16:17:00+00:00,455.4249877929687,455.7000122070313,455.3500061035156,455.7000122070313,2054
2026-04-06 16:18:00+00:00,455.2300109863281,455.5299987792969,455.0801086425781,455.3450012207031,4621
2026-04-06 16:19:00+00:00,455.2799987792969,455.4898986816406,454.7550048828125,454.7550048828125,4418
2026-04-06 16:20:00+00:00,454.8500061035156,455.5,454.6900024414063,455.5,5147
2026-04-06 16:21:00+00:00,455.4400024414063,455.4450073242187,455.4400024414063,455.4450073242187,6088
2026-04-06 16:23:00+00:00,455.0,455.1388854980469,455.0,455.1388854980469,1499
2026-04-06 16:24:00+00:00,454.7999877929687,455.0400085449219,454.25,454.75,9863
2026-04-06 16:25:00+00:00,455.2699890136719,455.5700073242187,455.0799865722656,455.5700073242187,2465
2026-04-06 16:26:00+00:00,455.2200012207031,455.2250061035156,454.8922119140625,454.8922119140625,2553
2026-04-06 16:27:00+00:00,454.6799926757813,455.4500122070313,454.3500061035156,454.3599853515625,2239
2026-04-06 16:28:00+00:00,454.6199951171875,454.989990234375,454.6199951171875,454.9299926757813,2735
2026-04-06 16:29:00+00:00,454.9299926757813,454.9299926757813,454.5299987792969,454.5299987792969,2337
2026-04-06 16:30:00+00:00,454.0299987792969,454.0299987792969,453.9400024414063,453.9599914550781,1870
2026-04-06 16:31:00+00:00,454.0,454.3599853515625,453.10009765625,453.7300109863281,10573
2026-04-06 16:32:00+00:00,454.3699951171875,454.4100036621094,454.3500061035156,454.4100036621094,2922
2026-04-06 16:33:00+00:00,454.80999755859375,454.9299926757813,454.1000061035156,454.9299926757813,1974
2026-04-06 16:34:00+00:00,453.8299865722656,454.0299987792969,453.1300048828125,453.6900024414063,3358
2026-04-06 16:35:00+00:00,453.6900939941406,455.05999755859375,453.6900939941406,454.6585998535156,7964
2026-04-06 16:36:00+00:00,454.7200012207031,455.281005859375,454.7200012207031,455.281005859375,3287
2026-04-06 16:37:00+00:00,455.4800109863281,455.9599914550781,454.9100036621094,454.9100036621094,7167
2026-04-06 16:38:00+00:00,454.4678039550781,455.010009765625,454.4678039550781,454.9100036621094,1551
2026-04-06 16:39:00+00:00,454.9100036621094,454.9100036621094,454.55999755859375,454.55999755859375,4716
2026-04-06 16:40:00+00:00,454.7200012207031,454.7300109863281,454.55999755859375,454.7300109863281,2272
2026-04-06 16:41:00+00:00,454.5650024414063,455.25,454.5650024414063,454.8299865722656,4505
2026-04-06 16:42:00+00:00,455.1322021484375,455.760009765625,454.9750061035156,454.9750061035156,7093
2026-04-06 16:43:00+00:00,454.80999755859375,454.80999755859375,454.3299865722656,454.5969848632813,2607
2026-04-06 16:44:00+00:00,454.8900146484375,454.9599914550781,454.2200012207031,454.6449890136719,2866
2026-04-06 16:45:00+00:00,454.6499938964844,455.0199890136719,454.6499938964844,455.0199890136719,4497
2026-04-06 16:46:00+00:00,455.0199890136719,455.7898864746094,454.8800048828125,455.7898864746094,5268
2026-04-06 16:47:00+00:00,455.4200134277344,456.639892578125,455.4200134277344,456.639892578125,7768
2026-04-06 16:48:00+00:00,456.6216125488281,456.6400146484375,456.10009765625,456.6000061035156,4735
2026-04-06 16:49:00+00:00,456.3699951171875,456.6400146484375,456.1000061035156,456.3500061035156,3005
2026-04-06 16:50:00+00:00,456.1099853515625,456.1400146484375,455.75,455.75,6737
2026-04-06 16:51:00+00:00,455.4400024414063,455.4400024414063,455.0,455.3949890136719,3219
2026-04-06 16:52:00+00:00,455.3900146484375,455.7398986816406,455.0400085449219,455.6000061035156,1866
2026-04-06 16:53:00+00:00,455.739990234375,455.7850036621094,455.489990234375,455.489990234375,3470
2026-04-06 16:54:00+00:00,455.5499877929687,455.739990234375,455.2999877929687,455.739990234375,3553
2026-04-06 16:55:00+00:00,455.3800048828125,455.3800048828125,455.0289916992187,455.3800048828125,1402
2026-04-06 16:56:00+00:00,455.4851989746094,455.4851989746094,455.0150146484375,455.0150146484375,1979
2026-04-06 16:57:00+00:00,454.79010009765625,455.5400085449219,454.79010009765625,455.5400085449219,3945
2026-04-06 16:58:00+00:00,455.1400146484375,455.2550048828125,455.1400146484375,455.2550048828125,1143
2026-04-06 16:59:00+00:00,455.2550048828125,455.2674865722656,455.010009765625,455.0700073242187,1597
2026-04-06 17:00:00+00:00,455.4500122070313,455.489990234375,454.6401062011719,454.8200073242187,3364
2026-04-06 17:01:00+00:00,454.9549865722656,454.9549865722656,454.1000061035156,454.1000061035156,3478
2026-04-06 17:02:00+00:00,454.0950012207031,454.5400085449219,453.7099914550781,453.7099914550781,13446
2026-04-06 17:03:00+00:00,453.510009765625,454.010009765625,453.4800109863281,454.010009765625,2728
2026-04-06 17:04:00+00:00,453.7950134277344,455.5400085449219,453.7950134277344,454.7799987792969,9656
2026-04-06 17:05:00+00:00,455.0,455.2087097167969,454.80999755859375,455.1400146484375,2514
2026-04-06 17:06:00+00:00,454.8699951171875,455.6900024414063,454.8699951171875,455.135009765625,1459
2026-04-06 17:07:00+00:00,454.93499755859375,455.5,454.5799865722656,455.4150085449219,4588
2026-04-06 17:08:00+00:00,455.4700012207031,456.4299926757813,455.30999755859375,456.4299926757813,3138
2026-04-06 17:09:00+00:00,455.8599853515625,456.0,455.5700073242187,455.5700073242187,2720
2026-04-06 17:10:00+00:00,455.3699951171875,455.3699951171875,454.6900024414063,454.6900024414063,2680
2026-04-06 17:11:00+00:00,455.1400146484375,456.0799865722656,455.1000061035156,455.1900024414063,4208
2026-04-06 17:12:00+00:00,455.18499755859375,455.6600036621094,454.0400085449219,454.0400085449219,28539
2026-04-06 17:13:00+00:00,452.8924865722656,452.8924865722656,452.8699951171875,452.8699951171875,1360
2026-04-06 17:14:00+00:00,452.5299987792969,453.4565124511719,452.2800903320313,453.4565124511719,4831
2026-04-06 17:15:00+00:00,453.55999755859375,454.1300048828125,453.2572021484375,453.625,4448
2026-04-06 17:16:00+00:00,453.7749938964844,454.3399963378906,453.760009765625,454.3399963378906,1949
2026-04-06 17:17:00+00:00,454.3399963378906,454.6600036621094,454.3399963378906,454.6600036621094,2183
2026-04-06 17:18:00+00:00,454.3049926757813,454.3049926757813,454.0700073242187,454.2049865722656,2018
2026-04-06 17:19:00+00:00,454.4700012207031,454.8299865722656,454.1199951171875,454.80999755859375,3714
2026-04-06 17:20:00+00:00,454.5350036621094,454.5350036621094,454.239990234375,454.239990234375,1210
2026-04-06 17:21:00+00:00,454.0,454.0,453.6400146484375,453.8200073242187,4183
2026-04-06 17:22:00+00:00,454.8299865722656,455.5700073242187,454.4200134277344,455.5700073242187,3099
2026-04-06 17:23:00+00:00,455.7724914550781,456.05999755859375,455.7449951171875,456.0,2767
2026-04-06 17:24:00+00:00,455.7650146484375,456.0199890136719,455.7650146484375,455.9599914550781,1880
2026-04-06 17:25:00+00:00,456.5,457.5,456.5,457.4999084472656,15163
2026-04-06 17:26:00+00:00,457.4570007324219,457.489990234375,456.7999877929687,456.8529968261719,3781
2026-04-06 17:27:00+00:00,456.9200134277344,457.2300109863281,456.5899963378906,456.5899963378906,4280
2026-04-06 17:28:00+00:00,456.5899963378906,457.4700012207031,456.5000915527344,457.1000061035156,4973
2026-04-06 17:29:00+00:00,457.3999938964844,457.6199951171875,456.8699951171875,456.8699951171875,6545
2026-04-06 17:30:00+00:00,456.875,456.875,456.6099853515625,456.6099853515625,837
2026-04-06 17:31:00+00:00,456.9100036621094,458.0,456.9100036621094,457.7900085449219,8872
2026-04-06 17:32:00+00:00,457.8334045410156,458.21099853515625,456.9169921875,456.9169921875,6033
2026-04-06 17:33:00+00:00,456.8699951171875,457.05999755859375,456.8599853515625,457.05999755859375,3129
2026-04-06 17:34:00+00:00,456.739990234375,457.2200012207031,456.4700012207031,457.2200012207031,6189
2026-04-06 17:35:00+00:00,456.7200012207031,456.7200012207031,456.6000061035156,456.6000061035156,2040
2026-04-06 17:36:00+00:00,456.6799926757813,457.05999755859375,456.6799926757813,456.9150085449219,3331
2026-04-06 17:38:00+00:00,457.0299987792969,457.3800048828125,456.989990234375,457.2799987792969,2521
2026-04-06 17:39:00+00:00,457.0249938964844,457.1199951171875,457.0199890136719,457.0199890136719,2163
2026-04-06 17:40:00+00:00,456.4700012207031,456.4700012207031,456.1499938964844,456.239990234375,3330
2026-04-06 17:41:00+00:00,455.8250122070313,456.0499877929687,455.7999877929687,455.7999877929687,1924
2026-04-06 17:42:00+00:00,455.80999755859375,455.8200073242187,455.3299865722656,455.3299865722656,4271
2026-04-06 17:43:00+00:00,454.8049926757813,455.05999755859375,454.5,454.8550109863281,1485
2026-04-06 17:44:00+00:00,455.2099914550781,455.2099914550781,454.80999755859375,454.9549865722656,3363
2026-04-06 17:45:00+00:00,454.8699951171875,454.8699951171875,454.5,454.6799926757813,2809
2026-04-06 17:46:00+00:00,454.8200073242187,454.8200073242187,454.2799987792969,454.5849914550781,3878
2026-04-06 17:47:00+00:00,454.5750122070313,454.7000122070313,454.0499877929687,454.0499877929687,3155
2026-04-06 17:48:00+00:00,454.0,454.4198913574219,453.739990234375,454.05999755859375,2337
2026-04-06 17:49:00+00:00,454.2099914550781,455.18499755859375,454.2099914550781,455.18499755859375,7123
2026-04-06 17:50:00+00:00,455.0299987792969,455.0299987792969,454.7300109863281,454.7300109863281,1048
2026-04-06 17:51:00+00:00,454.6099853515625,454.6099853515625,454.0299987792969,454.0300903320313,2166
2026-04-06 17:52:00+00:00,454.2799987792969,454.6300048828125,454.2799987792969,454.6300048828125,1835
2026-04-06 17:53:00+00:00,454.4299926757813,454.7549133300781,454.2799987792969,454.7549133300781,3304
2026-04-06 17:54:00+00:00,454.3599853515625,454.6400146484375,454.0899963378906,454.6400146484375,1771
2026-04-06 17:55:00+00:00,454.3550109863281,454.9100036621094,454.2087097167969,454.7000122070313,4469
2026-04-06 17:56:00+00:00,454.4400024414063,454.9500122070313,454.4400024414063,454.9500122070313,629
2026-04-06 17:57:00+00:00,454.6549987792969,454.6549987792969,453.0000915527344,453.3143005371094,7143
2026-04-06 17:58:00+00:00,453.1530151367187,453.6950073242187,453.1530151367187,453.6950073242187,1200
2026-04-06 17:59:00+00:00,453.6050109863281,454.0700073242187,453.5950012207031,454.0698852539063,2296
2026-04-06 18:00:00+00:00,453.6300048828125,454.05999755859375,453.6300048828125,454.0,1456
2026-04-06 18:01:00+00:00,453.6950073242187,453.8450012207031,453.6900024414063,453.6900024414063,2232
2026-04-06 18:02:00+00:00,453.6499938964844,453.6499938964844,453.41900634765625,453.6499938964844,1437
2026-04-06 18:03:00+00:00,453.5209045410156,453.7799987792969,453.3900146484375,453.6499938964844,4109
2026-04-06 18:04:00+00:00,453.7999877929687,453.7999877929687,453.1799926757813,453.1900939941406,5651
2026-04-06 18:05:00+00:00,453.039794921875,453.7900085449219,453.0,453.7900085449219,5507
2026-04-06 18:06:00+00:00,453.1300964355469,453.3699951171875,453.1300964355469,453.2349853515625,2659
2026-04-06 18:07:00+00:00,452.9364929199219,453.3823852539063,452.9034118652344,453.3823852539063,3299
2026-04-06 18:08:00+00:00,453.2799987792969,453.2799987792969,452.5,452.7049865722656,5379
2026-04-06 18:09:00+00:00,452.599609375,453.3699951171875,452.599609375,453.3699951171875,5752
2026-04-06 18:10:00+00:00,453.739990234375,454.5,453.4649963378906,454.260009765625,6742
2026-04-06 18:11:00+00:00,454.2000122070313,455.0,454.0600891113281,454.3800048828125,8590
2026-04-06 18:12:00+00:00,454.9299926757813,455.0549926757813,454.9299926757813,455.0549926757813,4071
2026-04-06 18:13:00+00:00,454.9549865722656,455.1318054199219,454.9549865722656,455.1318054199219,594
2026-04-06 18:14:00+00:00,455.2799987792969,455.2799987792969,454.1199951171875,454.6300048828125,8058
2026-04-06 18:15:00+00:00,454.7850036621094,454.9999084472656,454.2200012207031,454.5249938964844,3226
2026-04-06 18:16:00+00:00,454.5299987792969,455.1799926757813,454.5299987792969,455.1799926757813,2301
2026-04-06 18:17:00+00:00,455.010009765625,455.010009765625,455.010009765625,455.010009765625,655
2026-04-06 18:18:00+00:00,455.5,455.7309875488281,455.3599853515625,455.7309875488281,1881
2026-04-06 18:19:00+00:00,455.760009765625,455.760009765625,455.3699951171875,455.7099914550781,3904
2026-04-06 18:20:00+00:00,455.2099914550781,455.4200134277344,455.010009765625,455.4200134277344,2698
2026-04-06 18:21:00+00:00,455.0,455.0199890136719,454.7300109863281,454.8399963378906,3908
2026-04-06 18:22:00+00:00,455.3500061035156,455.3500061035156,454.8049926757813,454.8049926757813,1525
2026-04-06 18:23:00+00:00,454.6000061035156,455.2300109863281,454.6000061035156,454.614990234375,2093
2026-04-06 18:24:00+00:00,454.8949890136719,455.4100036621094,454.8949890136719,455.239990234375,4653
2026-04-06 18:26:00+00:00,454.8200073242187,454.8200073242187,454.4500122070313,454.510009765625,2167
2026-04-06 18:27:00+00:00,454.5499877929687,454.6950073242187,454.5499877929687,454.6950073242187,2201
2026-04-06 18:28:00+00:00,454.9400024414063,455.0700073242187,454.5700073242187,454.5700073242187,2841
2026-04-06 18:29:00+00:00,454.4500122070313,454.5199890136719,454.4200134277344,454.4200134277344,1707
2026-04-06 18:30:00+00:00,454.4200134277344,454.7999877929687,454.4200134277344,454.7999877929687,2692
2026-04-06 18:31:00+00:00,454.5400085449219,454.8800048828125,454.18011474609375,454.5299987792969,2944
2026-04-06 18:32:00+00:00,454.7799987792969,454.7799987792969,454.3949890136719,454.7799987792969,1537
2026-04-06 18:33:00+00:00,454.4100036621094,454.6099853515625,454.3125,454.3125,3609
2026-04-06 18:34:00+00:00,454.0299987792969,454.1799926757813,454.0299987792969,454.1499938964844,2365
2026-04-06 18:35:00+00:00,454.3599853515625,454.8999938964844,454.3599853515625,454.8999938964844,5356
2026-04-06 18:36:00+00:00,455.0199890136719,455.0199890136719,454.739990234375,454.739990234375,582
2026-04-06 18:37:00+00:00,454.5299987792969,454.5650024414063,454.5299987792969,454.5650024414063,1191
2026-04-06 18:38:00+00:00,454.6600036621094,454.9200134277344,454.6600036621094,454.8049926757813,1688
2026-04-06 18:39:00+00:00,454.6400146484375,454.7900085449219,454.3999938964844,454.3999938964844,3633
2026-04-06 18:40:00+00:00,454.4800109863281,454.8800048828125,454.3150024414063,454.4100036621094,2554
2026-04-06 18:41:00+00:00,454.2650146484375,454.2650146484375,454.2650146484375,454.2650146484375,618
2026-04-06 18:42:00+00:00,454.2000122070313,454.2250061035156,453.7099914550781,453.7850036621094,6183
2026-04-06 18:43:00+00:00,453.864990234375,454.2000122070313,453.864990234375,454.2000122070313,4461
2026-04-06 18:44:00+00:00,454.4200134277344,454.4200134277344,454.0799865722656,454.0799865722656,1693
2026-04-06 18:45:00+00:00,454.25,454.25,454.0400085449219,454.0400085449219,3723
2026-04-06 18:46:00+00:00,454.0,454.0,453.8424987792969,453.8900146484375,2344
2026-04-06 18:47:00+00:00,453.7900085449219,453.7999877929687,453.1300048828125,453.1300048828125,5932
2026-04-06 18:48:00+00:00,453.1300048828125,453.239990234375,452.30999755859375,452.30999755859375,3685
2026-04-06 18:49:00+00:00,452.4500122070313,452.9800109863281,452.3399963378906,452.9800109863281,11553
2026-04-06 18:50:00+00:00,452.6199951171875,452.8507080078125,452.489990234375,452.8399963378906,6597
2026-04-06 18:51:00+00:00,452.9476013183594,453.1600036621094,452.35009765625,452.6199951171875,5768
2026-04-06 18:52:00+00:00,452.35009765625,452.80999755859375,452.35009765625,452.80999755859375,3086
2026-04-06 18:53:00+00:00,452.9700012207031,453.30999755859375,452.9700012207031,453.30999755859375,3874
2026-04-06 18:54:00+00:00,453.0799865722656,453.54290771484375,453.0799865722656,453.4100036621094,5158
2026-04-06 18:55:00+00:00,453.30999755859375,453.30999755859375,453.010009765625,453.1950073242187,2756
2026-04-06 18:56:00+00:00,452.8900146484375,453.1000061035156,452.7101135253906,452.7101135253906,3364
2026-04-06 18:57:00+00:00,453.0950012207031,453.0950012207031,452.5,452.5661926269531,2624
2026-04-06 18:58:00+00:00,452.7749938964844,453.1799926757813,452.7749938964844,453.0875854492187,7777
2026-04-06 18:59:00+00:00,452.9800109863281,453.0531921386719,452.9299926757813,453.0531921386719,3127
2026-04-06 19:00:00+00:00,453.1600036621094,453.2850036621094,452.9249877929687,452.9400024414063,11409
2026-04-06 19:01:00+00:00,452.7200012207031,453.25,452.3200073242187,452.3399963378906,2716
2026-04-06 19:02:00+00:00,453.0499877929687,453.0499877929687,452.8599853515625,453.0098876953125,3040
2026-04-06 19:03:00+00:00,452.9700012207031,453.2099914550781,452.6400146484375,452.8250122070313,4337
2026-04-06 19:04:00+00:00,452.5700073242187,452.8049926757813,452.4400024414063,452.4400024414063,4115
2026-04-06 19:05:00+00:00,452.6025085449219,453.0,452.5849914550781,453.0,4859
2026-04-06 19:06:00+00:00,452.6300048828125,452.6300048828125,452.6300048828125,452.6300048828125,829
2026-04-06 19:07:00+00:00,452.5799865722656,452.5799865722656,451.3800048828125,451.7349853515625,8925
2026-04-06 19:08:00+00:00,451.8900146484375,452.0899963378906,451.3999938964844,451.6749877929687,5008
2026-04-06 19:09:00+00:00,451.5849914550781,451.760009765625,451.1300048828125,451.6549987792969,9284
2026-04-06 19:10:00+00:00,451.6549987792969,451.9200134277344,451.3399963378906,451.5799865722656,4295
2026-04-06 19:11:00+00:00,451.9700012207031,451.9800109863281,451.75,451.9800109863281,2379
2026-04-06 19:12:00+00:00,452.0700073242187,452.0700073242187,451.8500061035156,451.8500061035156,5233
2026-04-06 19:13:00+00:00,452.1199951171875,452.3800048828125,452.1199951171875,452.2900085449219,4660
2026-04-06 19:14:00+00:00,452.2200012207031,452.2200012207031,451.9049987792969,451.9400024414063,2944
2026-04-06 19:15:00+00:00,451.9750061035156,452.33990478515625,451.8699951171875,451.9750061035156,1941
2026-04-06 19:16:00+00:00,451.8900146484375,451.8900146484375,451.6099853515625,451.6099853515625,1860
2026-04-06 19:17:00+00:00,451.3999938964844,451.6499938964844,451.3999938964844,451.6499938964844,1436
2026-04-06 19:18:00+00:00,451.6549987792969,451.8599853515625,451.4299926757813,451.6700134277344,4990
2026-04-06 19:19:00+00:00,451.6700134277344,451.7499084472656,451.4400024414063,451.5299987792969,6272
2026-04-06 19:20:00+00:00,451.5299987792969,451.5299987792969,451.4049987792969,451.5,2311
2026-04-06 19:21:00+00:00,451.5150146484375,451.5150146484375,450.2990112304687,450.9949951171875,26103
2026-04-06 19:22:00+00:00,451.0199890136719,451.3599853515625,450.9500122070313,451.3499145507813,5799
2026-04-06 19:23:00+00:00,451.1000061035156,451.125,450.8049926757813,450.9100036621094,4749
2026-04-06 19:24:00+00:00,450.885009765625,451.3500061035156,450.8500061035156,451.0264892578125,4269
2026-04-06 19:25:00+00:00,450.9599914550781,451.0799865722656,450.8500061035156,450.8949890136719,1948
2026-04-06 19:26:00+00:00,451.0950012207031,451.5299987792969,450.75,450.75,10704
2026-04-06 19:27:00+00:00,450.760009765625,451.25,450.760009765625,450.989990234375,3074
2026-04-06 19:28:00+00:00,451.1199951171875,451.1199951171875,450.989990234375,451.0,2343
2026-04-06 19:29:00+00:00,451.1050109863281,451.3399963378906,451.1050109863281,451.1400146484375,5934
2026-04-06 19:30:00+00:00,450.9800109863281,451.3500061035156,450.8500061035156,451.0400085449219,5091
2026-04-06 19:31:00+00:00,451.31439208984375,451.31439208984375,450.4200134277344,450.5199890136719,7683
2026-04-06 19:32:00+00:00,450.5599060058594,450.739990234375,450.2999877929687,450.6000061035156,5610
2026-04-06 19:33:00+00:00,450.5950012207031,451.25,450.4110107421875,451.1099853515625,8586
2026-04-06 19:34:00+00:00,451.1099853515625,451.5499877929687,450.8200073242187,451.3900146484375,8092
2026-04-06 19:35:00+00:00,451.8399963378906,451.989990234375,451.4035034179687,451.5400085449219,7253
2026-04-06 19:36:00+00:00,451.5490112304687,451.6799926757813,451.1200866699219,451.4200134277344,7428
2026-04-06 19:37:00+00:00,451.4700012207031,451.6600036621094,451.260009765625,451.4299926757813,2782
2026-04-06 19:38:00+00:00,451.30999755859375,451.3399963378906,451.010009765625,451.010009765625,6633
2026-04-06 19:39:00+00:00,451.0799865722656,451.2999877929687,450.9201049804687,451.25,5252
2026-04-06 19:40:00+00:00,451.05999755859375,451.739990234375,450.9700012207031,451.5249938964844,8191
2026-04-06 19:41:00+00:00,451.5249938964844,451.5249938964844,451.1400146484375,451.3599853515625,5372
2026-04-06 19:42:00+00:00,451.3599853515625,451.4200134277344,451.2000122070313,451.2699890136719,2723
2026-04-06 19:43:00+00:00,451.3399963378906,451.7799987792969,451.2999877929687,451.7799987792969,11394
2026-04-06 19:44:00+00:00,451.6000061035156,452.0999145507813,451.6000061035156,451.7799987792969,8079
2026-04-06 19:45:00+00:00,451.885009765625,452.5199890136719,451.8699951171875,452.5199890136719,8302
2026-04-06 19:46:00+00:00,452.5499877929687,452.5499877929687,451.9849853515625,452.2000122070313,6038
2026-04-06 19:47:00+00:00,452.260009765625,452.55999755859375,452.2449951171875,452.4249877929687,7056
2026-04-06 19:48:00+00:00,452.4249877929687,452.4249877929687,451.96038818359375,452.2550048828125,6795
2026-04-06 19:49:00+00:00,452.5098876953125,452.6900024414063,452.260009765625,452.3200073242187,8965
2026-04-06 19:50:00+00:00,452.6900024414063,452.7099914550781,452.08349609375,452.3699951171875,9148
2026-04-06 19:51:00+00:00,452.2650146484375,452.5799865722656,452.0,452.4700012207031,16269
2026-04-06 19:52:00+00:00,452.5799865722656,453.2200012207031,452.5799865722656,453.0549926757813,15931
2026-04-06 19:53:00+00:00,453.14990234375,453.6600036621094,452.8900146484375,453.6000061035156,11666
2026-04-06 19:54:00+00:00,453.510009765625,453.510009765625,452.8399963378906,452.9599914550781,5086
2026-04-06 19:55:00+00:00,452.3049926757813,452.9200134277344,452.1650085449219,452.9200134277344,29110
2026-04-06 19:56:00+00:00,452.9299926757813,452.9299926757813,452.5549926757813,452.7049865722656,17864
2026-04-06 19:57:00+00:00,452.510009765625,452.7999877929687,452.3699951171875,452.5101013183594,17761
2026-04-06 19:58:00+00:00,452.80999755859375,453.1199951171875,452.6724853515625,453.1199951171875,35825
2026-04-06 19:59:00+00:00,453.1199951171875,453.5400085449219,453.1099853515625,453.4200134277344,64159
2026-04-07 13:30:00+00:00,446.8045959472656,454.7149963378906,445.0010070800781,449.3001098632813,418008
2026-04-07 13:31:00+00:00,453.1549987792969,454.3853149414063,451.885009765625,451.9200134277344,7131
2026-04-07 13:32:00+00:00,451.9599914550781,455.0,451.0549926757813,453.9200134277344,12052
2026-04-07 13:33:00+00:00,453.3250122070313,456.80999755859375,453.010009765625,456.0299987792969,10744
2026-04-07 13:34:00+00:00,456.0350036621094,457.0,455.739990234375,455.80999755859375,14731
2026-04-07 13:35:00+00:00,455.0,455.3395080566406,453.1700134277344,455.3395080566406,21888
2026-04-07 13:36:00+00:00,454.8999938964844,457.5400085449219,454.8999938964844,456.2850036621094,9586
2026-04-07 13:37:00+00:00,457.3299865722656,458.8143005371094,456.8299865722656,458.4700012207031,20853
2026-04-07 13:38:00+00:00,458.0,459.989990234375,457.8500061035156,458.8200073242187,16875
2026-04-07 13:39:00+00:00,459.2200012207031,459.8399963378906,455.6578063964844,458.5,25006
2026-04-07 13:40:00+00:00,458.4200134277344,460.5401916503906,456.8001098632813,457.1900024414063,15455
2026-04-07 13:41:00+00:00,457.5830078125,459.6300048828125,456.8949890136719,458.5849914550781,14013
2026-04-07 13:42:00+00:00,458.9299926757813,461.1039123535156,458.9299926757813,460.0430908203125,14622
2026-04-07 13:43:00+00:00,459.6400146484375,461.0,459.1700134277344,460.6099853515625,8650
2026-04-07 13:44:00+00:00,460.0400085449219,460.53948974609375,457.1321105957031,458.6499938964844,20423
2026-04-07 13:45:00+00:00,458.6499938964844,459.0,457.1709899902344,459.0,10605
2026-04-07 13:46:00+00:00,459.0,461.1900024414063,458.5299987792969,459.5899963378906,25255
2026-04-07 13:47:00+00:00,460.6900024414063,460.6900024414063,457.9500122070313,458.6950073242187,12193
2026-04-07 13:48:00+00:00,458.2999877929687,460.0,457.9400024414063,458.0899963378906,32817
2026-04-07 13:49:00+00:00,458.25,458.7699890136719,457.3500061035156,457.989990234375,17889
2026-04-07 13:50:00+00:00,458.1300048828125,458.1600036621094,456.0,458.1549987792969,20793
2026-04-07 13:51:00+00:00,458.7300109863281,459.25,456.9500122070313,458.4849853515625,10064
2026-04-07 13:52:00+00:00,458.9299011230469,459.0,457.8299865722656,457.8299865722656,6059
2026-04-07 13:53:00+00:00,457.5799865722656,457.9100036621094,456.9599914550781,457.9100036621094,8047
2026-04-07 13:54:00+00:00,458.1650085449219,458.8500061035156,455.8999938964844,456.4700012207031,18262
2026-04-07 13:55:00+00:00,456.4800109863281,457.0799865722656,455.3399963378906,455.6799926757813,17180
2026-04-07 13:56:00+00:00,456.3500061035156,456.3500061035156,453.9500122070313,454.760009765625,11759
2026-04-07 13:57:00+00:00,454.760009765625,455.0199890136719,453.2999877929687,453.2999877929687,14277
2026-04-07 13:58:00+00:00,453.7999877929687,453.989990234375,452.7300109863281,453.375,16263
2026-04-07 13:59:00+00:00,453.375,453.375,451.2401123046875,451.2401123046875,12330
2026-04-07 14:00:00+00:00,451.2538146972656,451.2538146972656,450.4971923828125,450.7699890136719,10347
2026-04-07 14:01:00+00:00,450.3900146484375,450.3900146484375,448.0,448.0,15852
2026-04-07 14:02:00+00:00,448.2748107910156,449.3699951171875,447.5,449.3599853515625,11894
2026-04-07 14:03:00+00:00,449.4800109863281,450.6900024414063,448.760009765625,448.8901062011719,5649
2026-04-07 14:04:00+00:00,449.489990234375,450.010009765625,447.78900146484375,449.1809997558594,5332
2026-04-07 14:05:00+00:00,448.4299926757813,448.5849914550781,447.42181396484375,447.42181396484375,6501
2026-04-07 14:06:00+00:00,447.2999877929687,447.625,445.1499938964844,445.1600036621094,27785
2026-04-07 14:07:00+00:00,445.3999938964844,447.25,445.1499938964844,447.0650024414063,22354
2026-04-07 14:08:00+00:00,446.2099914550781,446.2200012207031,445.1600036621094,445.17529296875,20907
2026-04-07 14:09:00+00:00,445.6000061035156,448.8900146484375,445.3999938964844,448.4299926757813,10735
2026-04-07 14:10:00+00:00,448.4800109863281,449.5700073242187,448.4800109863281,449.5700073242187,21764
2026-04-07 14:11:00+00:00,449.7300109863281,449.75,448.1099853515625,448.5,6831
2026-04-07 14:12:00+00:00,448.1099853515625,449.060302734375,448.1099853515625,449.0400085449219,7994
2026-04-07 14:13:00+00:00,448.5000915527344,449.3200073242187,448.5000915527344,448.9549865722656,3759
2026-04-07 14:14:00+00:00,448.7101135253906,449.8500061035156,448.7101135253906,449.8500061035156,5864
2026-04-07 14:15:00+00:00,449.68499755859375,451.3399963378906,449.68499755859375,451.3399963378906,7765
2026-04-07 14:16:00+00:00,451.6600036621094,452.8999938964844,451.340087890625,452.4450073242187,9288
2026-04-07 14:17:00+00:00,452.2749938964844,452.7999877929687,450.9200134277344,451.3999938964844,10277
2026-04-07 14:18:00+00:00,450.7999877929687,452.4898986816406,450.6600036621094,452.135009765625,8232
2026-04-07 14:19:00+00:00,452.135009765625,452.135009765625,450.7300109863281,451.625,6942
2026-04-07 14:20:00+00:00,451.9599914550781,452.9599914550781,451.5201110839844,452.4700012207031,3305
2026-04-07 14:21:00+00:00,452.55999755859375,455.3198852539063,452.55999755859375,455.0,15134
2026-04-07 14:22:00+00:00,455.010009765625,455.2579956054687,454.1499938964844,454.4949951171875,10376
2026-04-07 14:23:00+00:00,454.9800109863281,455.9400024414063,454.6449890136719,455.4949951171875,10790
2026-04-07 14:24:00+00:00,455.5199890136719,457.0700073242187,455.1499938964844,456.8800048828125,10040
2026-04-07 14:25:00+00:00,456.4800109863281,457.3200073242187,455.0199890136719,455.6749877929687,13095
2026-04-07 14:26:00+00:00,455.1973876953125,455.1973876953125,453.99798583984375,454.7699890136719,9219
2026-04-07 14:27:00+00:00,454.260009765625,454.3598937988281,451.9500122070313,452.3699951171875,10511
2026-04-07 14:28:00+00:00,451.8699951171875,452.989990234375,451.8399963378906,452.6099853515625,12734
2026-04-07 14:29:00+00:00,453.2099914550781,455.4198913574219,453.2099914550781,455.0,4425
2026-04-07 14:30:00+00:00,455.8800048828125,456.5,455.4200134277344,456.4400024414063,7572
2026-04-07 14:31:00+00:00,456.0,456.5,455.7200012207031,455.93499755859375,4243
2026-04-07 14:32:00+00:00,455.9800109863281,455.9800109863281,455.340087890625,455.340087890625,3887
2026-04-07 14:33:00+00:00,455.3399963378906,458.55999755859375,455.3399963378906,458.55999755859375,22532
2026-04-07 14:34:00+00:00,458.0450134277344,458.0950012207031,457.0,457.2699890136719,10574
2026-04-07 14:35:00+00:00,456.989990234375,457.2799072265625,456.1099853515625,456.1099853515625,8871
2026-04-07 14:36:00+00:00,456.6799926757813,456.9800109863281,456.364990234375,456.364990234375,4418
2026-04-07 14:37:00+00:00,456.1099853515625,456.5400085449219,456.1099853515625,456.5400085449219,3829
2026-04-07 14:38:00+00:00,456.7550048828125,456.7550048828125,455.8001098632813,456.1499938964844,6804
2026-04-07 14:39:00+00:00,456.1099853515625,456.1099853515625,456.1099853515625,456.1099853515625,888
2026-04-07 14:40:00+00:00,455.5199890136719,455.739990234375,454.6099853515625,454.9949951171875,10807
2026-04-07 14:41:00+00:00,454.7799987792969,454.8299865722656,454.05999755859375,454.6000061035156,7010
2026-04-07 14:42:00+00:00,454.375,454.6499938964844,453.8399963378906,454.6499938964844,5215
2026-04-07 14:43:00+00:00,454.80999755859375,454.8599853515625,454.4000854492187,454.4000854492187,3994
2026-04-07 14:44:00+00:00,455.30999755859375,455.8900146484375,454.0700073242187,454.0700073242187,9062
2026-04-07 14:45:00+00:00,454.5450134277344,455.4999084472656,454.5450134277344,454.9150085449219,4332
2026-04-07 14:46:00+00:00,454.7200012207031,456.9500122070313,454.7200012207031,456.7999877929687,21203
2026-04-07 14:47:00+00:00,456.1300048828125,456.7200012207031,455.6199951171875,456.1799926757813,4525
2026-04-07 14:48:00+00:00,456.3599853515625,456.3599853515625,454.4500122070313,455.1099853515625,10672
2026-04-07 14:49:00+00:00,455.25,457.0,455.114990234375,457.0,12110
2026-04-07 14:50:00+00:00,456.7900085449219,457.489990234375,456.7850036621094,457.25,15112
2026-04-07 14:51:00+00:00,457.489990234375,457.9049987792969,457.239990234375,457.3999938964844,30654
2026-04-07 14:52:00+00:00,457.260009765625,458.1400146484375,456.5,458.1400146484375,30186
2026-04-07 14:53:00+00:00,457.885009765625,459.5,457.885009765625,458.6099853515625,27794
2026-04-07 14:54:00+00:00,458.6099853515625,459.14990234375,457.989990234375,458.75,12754
2026-04-07 14:55:00+00:00,458.4150085449219,458.6300048828125,456.7049865722656,456.7099914550781,24881
2026-04-07 14:56:00+00:00,456.7000122070313,456.8550109863281,456.0,456.8550109863281,10568
2026-04-07 14:57:00+00:00,456.9100036621094,457.1000061035156,456.0750122070313,456.1000061035156,22463
2026-04-07 14:58:00+00:00,456.3500061035156,456.5299987792969,454.1199951171875,454.5299987792969,10208
2026-04-07 14:59:00+00:00,454.1199951171875,454.8299865722656,453.6549987792969,454.7550048828125,12408
2026-04-07 15:00:00+00:00,454.5899963378906,455.364990234375,454.0201110839844,454.7699890136719,11524
2026-04-07 15:01:00+00:00,455.0,455.0,454.0499877929687,454.3699951171875,8127
2026-04-07 15:02:00+00:00,454.7200012207031,455.3299865722656,454.5150146484375,454.5150146484375,15646
2026-04-07 15:03:00+00:00,454.2999877929687,454.5199890136719,454.114990234375,454.5150146484375,3580
2026-04-07 15:04:00+00:00,454.5150146484375,455.4800109863281,454.5150146484375,455.0,10864
2026-04-07 15:05:00+00:00,453.4150085449219,453.6099853515625,453.2200927734375,453.4599914550781,15713
2026-04-07 15:06:00+00:00,453.6000061035156,453.6099853515625,452.5299987792969,452.5350036621094,18323
2026-04-07 15:07:00+00:00,452.5400085449219,453.2650146484375,450.3299865722656,450.3299865722656,21376
2026-04-07 15:08:00+00:00,450.9100036621094,451.7898864746094,450.6189880371094,450.6189880371094,12708
2026-04-07 15:09:00+00:00,451.0249938964844,452.260009765625,450.739990234375,452.1749877929687,7536
2026-04-07 15:10:00+00:00,452.6199951171875,454.5899963378906,452.6199951171875,453.9450073242187,19256
2026-04-07 15:11:00+00:00,453.9450073242187,455.7409973144531,453.9450073242187,455.4400024414063,4259
2026-04-07 15:12:00+00:00,455.4500122070313,455.8198852539063,455.0899963378906,455.0899963378906,3764
2026-04-07 15:13:00+00:00,455.1900024414063,455.389892578125,454.3999938964844,455.389892578125,2170
2026-04-07 15:14:00+00:00,454.1300048828125,454.4299926757813,454.1300048828125,454.3999938964844,2713
2026-04-07 15:15:00+00:00,454.8999938964844,455.55999755859375,453.8500061035156,455.55999755859375,13424
2026-04-07 15:16:00+00:00,455.625,456.3299865722656,454.6700134277344,454.6700134277344,12526
2026-04-07 15:17:00+00:00,454.6650085449219,455.114990234375,454.3299865722656,455.114990234375,6587
2026-04-07 15:18:00+00:00,455.5549926757813,455.9200134277344,454.9599914550781,455.05999755859375,6907
2026-04-07 15:19:00+00:00,454.9700012207031,455.3200073242187,454.9700012207031,455.1000061035156,1429
2026-04-07 15:20:00+00:00,455.510009765625,456.0,455.5,455.9299926757813,6599
2026-04-07 15:21:00+00:00,455.5799865722656,455.9100036621094,455.0150146484375,455.0150146484375,10100
2026-04-07 15:22:00+00:00,455.3200073242187,455.3200073242187,455.0299987792969,455.0299987792969,1959
2026-04-07 15:23:00+00:00,455.0,455.0,453.9200134277344,454.4249877929687,8889
2026-04-07 15:24:00+00:00,454.8800048828125,454.8800048828125,453.0299987792969,453.3599853515625,3835
2026-04-07 15:25:00+00:00,453.3250122070313,454.0,453.0299987792969,453.0299987792969,7649
2026-04-07 15:26:00+00:00,453.3699951171875,455.3699951171875,453.3699951171875,455.3699951171875,11917
2026-04-07 15:27:00+00:00,455.25,455.739990234375,455.0950012207031,455.3875122070313,3322
2026-04-07 15:28:00+00:00,455.010009765625,455.3900146484375,455.0,455.0499877929687,3686
2026-04-07 15:29:00+00:00,455.30999755859375,455.4200134277344,454.7800903320313,455.4200134277344,5312
2026-04-07 15:30:00+00:00,455.5899963378906,455.760009765625,455.4750061035156,455.4750061035156,2253
2026-04-07 15:31:00+00:00,455.7698974609375,456.2999877929687,455.0,456.2999877929687,5875
2026-04-07 15:32:00+00:00,456.3222961425781,456.9500122070313,455.5199890136719,455.7999877929687,11850
2026-04-07 15:33:00+00:00,455.3599853515625,455.9200134277344,455.2999877929687,455.9200134277344,4326
2026-04-07 15:34:00+00:00,455.9299926757813,456.5849914550781,455.9299926757813,456.5450134277344,6754
2026-04-07 15:35:00+00:00,455.989990234375,455.989990234375,454.7799987792969,455.8900146484375,7554
2026-04-07 15:36:00+00:00,456.1300048828125,456.1300048828125,456.1300048828125,456.1300048828125,847
2026-04-07 15:37:00+00:00,455.4599914550781,455.4599914550781,454.3200073242187,454.4100036621094,4018
2026-04-07 15:38:00+00:00,454.8399963378906,454.8399963378906,453.9750061035156,454.5150146484375,3947
2026-04-07 15:39:00+00:00,454.510009765625,454.510009765625,452.6499938964844,453.3299865722656,6495
2026-04-07 15:40:00+00:00,453.4249877929687,453.760009765625,452.7800903320313,453.010009765625,2582
2026-04-07 15:41:00+00:00,453.0,453.4400024414063,452.1900024414063,452.5199890136719,4044
2026-04-07 15:42:00+00:00,452.5249938964844,452.989990234375,452.5249938964844,452.989990234375,6302
2026-04-07 15:43:00+00:00,452.7099914550781,453.0499877929687,452.7000122070313,453.0499877929687,892
2026-04-07 15:44:00+00:00,453.0249938964844,453.1000061035156,452.30999755859375,452.8550109863281,5585
2026-04-07 15:45:00+00:00,453.125,454.1300048828125,453.125,453.8500061035156,6862
2026-04-07 15:46:00+00:00,454.0650024414063,454.9400024414063,454.05999755859375,454.739990234375,12427
2026-04-07 15:47:00+00:00,454.8500061035156,455.3299865722656,454.7301025390625,455.3299865722656,3435
2026-04-07 15:48:00+00:00,455.2850036621094,455.5750122070313,455.1600036621094,455.5750122070313,6221
2026-04-07 15:49:00+00:00,455.8450012207031,456.1900024414063,454.8500061035156,454.9249877929687,33954
2026-04-07 15:50:00+00:00,455.1700134277344,455.1749877929687,454.5,454.5050048828125,6582
2026-04-07 15:51:00+00:00,454.5,454.5,454.5,454.5,782
2026-04-07 15:52:00+00:00,454.8999938964844,454.8999938964844,454.7300109863281,454.7300109863281,2878
2026-04-07 15:53:00+00:00,455.3200073242187,455.3999938964844,455.3200073242187,455.3999938964844,1529
2026-04-07 15:54:00+00:00,455.3949890136719,455.75,455.3949890136719,455.5750122070313,1514
2026-04-07 15:55:00+00:00,455.6000061035156,457.510009765625,455.6000061035156,456.6199951171875,25605
2026-04-07 15:56:00+00:00,456.5,456.8299865722656,455.8070983886719,455.8070983886719,8896
2026-04-07 15:57:00+00:00,455.9700012207031,456.3800048828125,455.9700012207031,456.3699951171875,3228
2026-04-07 15:58:00+00:00,456.6099853515625,456.7349853515625,456.6099853515625,456.7349853515625,1980
2026-04-07 15:59:00+00:00,456.8200073242187,456.8200073242187,456.8200073242187,456.8200073242187,1641
2026-04-07 16:00:00+00:00,456.8049926757813,458.2999877929687,456.8049926757813,457.9249877929687,6660
2026-04-07 16:01:00+00:00,458.2699890136719,459.760009765625,458.2699890136719,459.760009765625,14762
2026-04-07 16:02:00+00:00,459.7698974609375,462.1799926757813,459.4249877929687,461.9800109863281,48400
2026-04-07 16:03:00+00:00,461.9200134277344,462.8500061035156,461.0,462.0,30558
2026-04-07 16:04:00+00:00,461.80999755859375,462.75,460.989990234375,460.989990234375,15965
2026-04-07 16:05:00+00:00,460.7999877929687,461.7950134277344,460.6199951171875,461.3800048828125,6695
2026-04-07 16:06:00+00:00,460.91009521484375,461.8500061035156,460.6199951171875,460.93499755859375,6820
2026-04-07 16:07:00+00:00,461.2000122070313,461.2000122070313,459.4200134277344,460.010009765625,7978
2026-04-07 16:08:00+00:00,459.7799987792969,460.3399963378906,459.6449890136719,459.6449890136719,4376
2026-04-07 16:09:00+00:00,459.614990234375,459.9549865722656,459.5849914550781,459.614990234375,3024
2026-04-07 16:10:00+00:00,459.625,460.6099853515625,459.625,460.375,7990
2026-04-07 16:11:00+00:00,460.5750122070313,461.5750122070313,460.5750122070313,461.5750122070313,6071
2026-04-07 16:12:00+00:00,461.5,461.9500122070313,461.3800048828125,461.6600036621094,2798
2026-04-07 16:13:00+00:00,461.5899963378906,461.5899963378906,460.7799987792969,460.7799987792969,6501
2026-04-07 16:14:00+00:00,460.8900146484375,461.3999938964844,460.4649963378906,460.4859008789063,9281
2026-04-07 16:15:00+00:00,460.3299865722656,460.5,459.9175109863281,460.4200134277344,6915
2026-04-07 16:16:00+00:00,460.2349853515625,460.2349853515625,460.2349853515625,460.2349853515625,610
2026-04-07 16:17:00+00:00,460.2349853515625,460.2349853515625,459.8900146484375,459.9175109863281,5125
2026-04-07 16:18:00+00:00,459.7900085449219,460.489990234375,459.7250061035156,460.3200073242187,6131
2026-04-07 16:19:00+00:00,460.659912109375,460.659912109375,460.30999755859375,460.30999755859375,3020
2026-04-07 16:20:00+00:00,460.010009765625,460.4100036621094,459.6549987792969,460.4100036621094,11166
2026-04-07 16:21:00+00:00,460.75,461.7900085449219,460.75,461.7898864746094,7809
2026-04-07 16:22:00+00:00,461.6099853515625,461.6099853515625,461.1300048828125,461.3900146484375,8724
2026-04-07 16:23:00+00:00,460.9100036621094,463.0,460.9100036621094,461.2950134277344,31370
2026-04-07 16:24:00+00:00,461.0950012207031,461.3999938964844,460.5000915527344,461.3999938964844,2290
2026-04-07 16:25:00+00:00,461.3999938964844,461.7799072265625,460.7000122070313,460.9400024414063,4882
2026-04-07 16:26:00+00:00,461.3999938964844,461.6000061035156,461.2625122070313,461.2650146484375,3337
2026-04-07 16:27:00+00:00,461.6099853515625,462.4299926757813,461.3949890136719,461.8800048828125,6963
2026-04-07 16:28:00+00:00,461.2999877929687,461.2999877929687,460.2799987792969,460.6400146484375,4564
2026-04-07 16:29:00+00:00,460.6600036621094,460.9800109863281,460.2800903320313,460.2800903320313,3174
2026-04-07 16:30:00+00:00,460.6300048828125,460.9500122070313,460.614990234375,460.9500122070313,2387
2026-04-07 16:31:00+00:00,460.6499938964844,460.7999877929687,459.8599853515625,460.7999877929687,8593
2026-04-07 16:33:00+00:00,460.5849914550781,461.4400024414063,460.2850036621094,461.4400024414063,7151
2026-04-07 16:34:00+00:00,461.239990234375,461.5499877929687,461.239990234375,461.3299865722656,3151
2026-04-07 16:35:00+00:00,461.6099853515625,461.9599914550781,461.4649963378906,461.7099914550781,6665
2026-04-07 16:36:00+00:00,461.7250061035156,461.9299926757813,460.7799987792969,461.5400085449219,13562
2026-04-07 16:37:00+00:00,461.5400085449219,461.5400085449219,461.239990234375,461.4049987792969,2102
2026-04-07 16:38:00+00:00,460.9200134277344,461.2449951171875,460.6600036621094,460.6600036621094,3273
2026-04-07 16:39:00+00:00,460.9200134277344,460.9800109863281,460.5350036621094,460.9599914550781,1946
2026-04-07 16:40:00+00:00,460.4949951171875,460.4949951171875,459.6589965820313,460.05999755859375,7529
2026-04-07 16:41:00+00:00,460.3999938964844,460.5249938964844,460.2799987792969,460.5249938964844,2858
2026-04-07 16:42:00+00:00,460.6600036621094,461.010009765625,460.6600036621094,461.010009765625,3085
2026-04-07 16:43:00+00:00,460.7950134277344,461.1400146484375,460.7950134277344,460.9299926757813,3277
2026-04-07 16:44:00+00:00,461.0,461.2200012207031,460.75,461.1199951171875,2578
2026-04-07 16:45:00+00:00,461.2300109863281,461.75,461.2300109863281,461.489990234375,2897
2026-04-07 16:46:00+00:00,461.7200012207031,462.0,461.2999877929687,462.0,5030
2026-04-07 16:47:00+00:00,461.75,461.7698974609375,461.5899963378906,461.7424011230469,4182
2026-04-07 16:48:00+00:00,461.989990234375,461.989990234375,461.4800109863281,461.6400146484375,5225
2026-04-07 16:49:00+00:00,461.5625,461.8599853515625,461.3999938964844,461.7349853515625,5054
2026-04-07 16:50:00+00:00,461.4700012207031,461.6000061035156,461.0700073242187,461.5899963378906,7962
2026-04-07 16:51:00+00:00,461.2304992675781,462.0,461.2304992675781,461.7550048828125,11097
2026-04-07 16:52:00+00:00,461.7550048828125,461.7900085449219,461.510009765625,461.6549987792969,3022
2026-04-07 16:53:00+00:00,462.0,462.0299987792969,461.6000061035156,462.0299987792969,3722
2026-04-07 16:54:00+00:00,461.8299865722656,462.0299987792969,461.6199951171875,461.7149963378906,4430
2026-04-07 16:55:00+00:00,461.4000854492187,461.8999938964844,461.4000854492187,461.6499938964844,2984
2026-04-07 16:56:00+00:00,461.3999938964844,461.3999938964844,460.3500061035156,460.6499938964844,4886
2026-04-07 16:57:00+00:00,460.510009765625,460.7550964355469,460.510009765625,460.7550964355469,1826
2026-04-07 16:58:00+00:00,460.989990234375,461.0,460.510009765625,460.5199890136719,1541
2026-04-07 16:59:00+00:00,460.5400085449219,460.5400085449219,460.260009765625,460.3699951171875,3589
2026-04-07 17:00:00+00:00,460.1950073242187,460.3699951171875,459.3648071289063,460.2300109863281,7036
2026-04-07 17:01:00+00:00,460.1400146484375,460.7298889160156,460.0,460.0,2237
2026-04-07 17:02:00+00:00,460.3699951171875,461.1700134277344,460.3049926757813,461.1700134277344,4294
2026-04-07 17:03:00+00:00,461.2000122070313,462.489990234375,461.2000122070313,462.489990234375,6402
2026-04-07 17:04:00+00:00,462.489990234375,463.4800109863281,462.3500061035156,463.4800109863281,19841
2026-04-07 17:05:00+00:00,463.2000122070313,463.5,462.9599914550781,463.2300109863281,10975
2026-04-07 17:06:00+00:00,463.2300109863281,463.3500061035156,462.5101013183594,462.5101013183594,4589
2026-04-07 17:07:00+00:00,462.9017028808594,463.7000122070313,462.9017028808594,463.7000122070313,8489
2026-04-07 17:08:00+00:00,463.7300109863281,464.4100036621094,463.7300109863281,463.9949951171875,7625
2026-04-07 17:09:00+00:00,463.8800048828125,463.8800048828125,463.590087890625,463.6650085449219,5273
2026-04-07 17:10:00+00:00,463.3599853515625,463.4100036621094,463.0499877929687,463.3500061035156,5117
2026-04-07 17:11:00+00:00,463.3299865722656,463.3299865722656,463.3299865722656,463.3299865722656,688
2026-04-07 17:12:00+00:00,463.3299865722656,463.75,463.3299865722656,463.3399963378906,1818
2026-04-07 17:13:00+00:00,463.3200073242187,463.3200073242187,462.9299926757813,463.0,4473
2026-04-07 17:14:00+00:00,463.1000061035156,463.25,463.0899963378906,463.25,1426
2026-04-07 17:15:00+00:00,463.0849914550781,463.5,463.0849914550781,463.5,7533
2026-04-07 17:16:00+00:00,463.2900085449219,463.2900085449219,462.7000122070313,462.7200012207031,4213
2026-04-07 17:17:00+00:00,462.4299926757813,462.7099914550781,462.1600036621094,462.404296875,3294
2026-04-07 17:18:00+00:00,463.25,463.2799987792969,462.8900146484375,462.9599914550781,1791
2026-04-07 17:19:00+00:00,463.0150146484375,463.0150146484375,463.0150146484375,463.0150146484375,514
2026-04-07 17:20:00+00:00,462.7699890136719,463.08990478515625,461.6950073242187,461.6950073242187,3018
2026-04-07 17:21:00+00:00,461.4599914550781,461.9500122070313,461.3999938964844,461.6600036621094,3598
2026-04-07 17:22:00+00:00,461.6549987792969,461.9500122070313,461.5050048828125,461.7099914550781,4995
2026-04-07 17:23:00+00:00,461.7099914550781,462.010009765625,461.7099914550781,462.010009765625,3766
2026-04-07 17:24:00+00:00,461.8500061035156,461.8500061035156,461.8299865722656,461.8299865722656,914
2026-04-07 17:25:00+00:00,462.0999145507813,462.0999145507813,460.9299926757813,461.0,7222
2026-04-07 17:26:00+00:00,461.0450134277344,461.7200012207031,461.0450134277344,461.4849853515625,4898
2026-04-07 17:27:00+00:00,461.2950134277344,461.2950134277344,461.2900085449219,461.2900085449219,1305
2026-04-07 17:28:00+00:00,460.8500061035156,460.8500061035156,460.8500061035156,460.8500061035156,991
2026-04-07 17:29:00+00:00,460.8250122070313,461.6700134277344,460.8250122070313,461.6700134277344,4529
2026-04-07 17:30:00+00:00,461.7000122070313,461.7699890136719,461.2000122070313,461.4075012207031,2869
2026-04-07 17:31:00+00:00,461.2799987792969,461.6600036621094,461.2049865722656,461.6600036621094,5200
2026-04-07 17:32:00+00:00,461.7449951171875,461.7449951171875,461.5299987792969,461.5299987792969,1822
2026-04-07 17:33:00+00:00,462.1300048828125,462.1300048828125,461.5,462.0499877929687,13396
2026-04-07 17:34:00+00:00,462.0499877929687,462.4007873535156,462.0,462.0,1646
2026-04-07 17:35:00+00:00,462.0,463.2250061035156,462.0,463.2250061035156,5878
2026-04-07 17:36:00+00:00,463.2200012207031,464.2665100097656,462.9599914550781,464.2665100097656,4652
2026-04-07 17:37:00+00:00,463.5249938964844,463.75,463.5050048828125,463.75,572
2026-04-07 17:38:00+00:00,463.5010070800781,463.75,462.6622924804687,462.6622924804687,5290
2026-04-07 17:39:00+00:00,462.9400024414063,463.0499877929687,462.6900024414063,462.8800048828125,3056
2026-04-07 17:40:00+00:00,462.68499755859375,462.68499755859375,461.7999877929687,462.6700134277344,5255
2026-04-07 17:41:00+00:00,462.6900024414063,462.6900024414063,462.5650024414063,462.6499938964844,3976
2026-04-07 17:42:00+00:00,462.5824890136719,462.6050109863281,462.5549926757813,462.5549926757813,1525
2026-04-07 17:43:00+00:00,462.9700012207031,462.9700012207031,462.1300964355469,462.5499877929687,1833
2026-04-07 17:44:00+00:00,462.5450134277344,462.5450134277344,462.1300048828125,462.1300048828125,1103
2026-04-07 17:45:00+00:00,462.75,462.9299926757813,462.5849914550781,462.5899963378906,2454
2026-04-07 17:46:00+00:00,462.8999938964844,462.8999938964844,462.5899963378906,462.5899963378906,887
2026-04-07 17:47:00+00:00,462.5799865722656,462.9299926757813,462.5799865722656,462.8900146484375,5919
2026-04-07 17:48:00+00:00,462.6600036621094,462.8500061035156,462.6000061035156,462.8349914550781,15347
2026-04-07 17:49:00+00:00,462.8500061035156,463.1900024414063,462.8500061035156,463.1900024414063,3707
2026-04-07 17:50:00+00:00,463.30999755859375,463.6700134277344,463.30999755859375,463.3800048828125,2415
2026-04-07 17:51:00+00:00,463.6799926757813,463.9898986816406,463.30999755859375,463.30999755859375,3132
2026-04-07 17:52:00+00:00,463.75,463.7999877929687,463.3999938964844,463.6499938964844,3177
2026-04-07 17:53:00+00:00,463.9299926757813,463.9299926757813,463.7900085449219,463.7900085449219,726
2026-04-07 17:54:00+00:00,463.6000061035156,463.6300048828125,463.2999877929687,463.3001098632813,4919
2026-04-07 17:55:00+00:00,463.4700012207031,463.4700012207031,461.6799926757813,462.4750061035156,23340
2026-04-07 17:56:00+00:00,462.3200073242187,462.4299926757813,462.0249938964844,462.4299926757813,6790
2026-04-07 17:57:00+00:00,461.9599914550781,462.0199890136719,460.6000061035156,460.6000061035156,8442
2026-04-07 17:58:00+00:00,460.55999755859375,461.0899963378906,460.2300109863281,460.2300109863281,4816
2026-04-07 17:59:00+00:00,460.2799987792969,460.5849914550781,460.2799987792969,460.5849914550781,2411
2026-04-07 18:00:00+00:00,460.625,460.8800048828125,460.5799865722656,460.6799926757813,9559
2026-04-07 18:01:00+00:00,460.7000122070313,461.0499877929687,460.7000122070313,461.0499877929687,780
2026-04-07 18:02:00+00:00,460.8500061035156,461.4999084472656,460.5499877929687,461.4999084472656,10913
2026-04-07 18:03:00+00:00,460.9849853515625,461.2000122070313,460.8150024414063,461.2000122070313,3147
2026-04-07 18:04:00+00:00,461.4700012207031,461.80999755859375,461.3450012207031,461.3450012207031,2535
2026-04-07 18:05:00+00:00,461.0754089355469,461.3198852539063,460.5499877929687,460.55999755859375,3882
2026-04-07 18:06:00+00:00,460.5050048828125,460.510009765625,460.4949951171875,460.510009765625,2277
2026-04-07 18:07:00+00:00,460.5199890136719,461.0199890136719,460.5199890136719,461.0198974609375,2910
2026-04-07 18:08:00+00:00,460.7799987792969,461.0,460.5899963378906,461.0,1415
2026-04-07 18:09:00+00:00,461.0199890136719,461.1700134277344,460.590087890625,460.6910095214844,4678
2026-04-07 18:10:00+00:00,461.0700988769531,461.0700988769531,460.7000122070313,460.7200012207031,2229
2026-04-07 18:11:00+00:00,460.4649963378906,460.7099914550781,460.4649963378906,460.5150146484375,1999
2026-04-07 18:12:00+00:00,460.510009765625,460.510009765625,460.510009765625,460.510009765625,1077
2026-04-07 18:13:00+00:00,460.6300048828125,461.1400146484375,460.6300048828125,460.9100036621094,2360
2026-04-07 18:14:00+00:00,461.2127075195313,461.659912109375,461.0899963378906,461.659912109375,5253
2026-04-07 18:15:00+00:00,461.489990234375,461.5499877929687,461.0,461.4200134277344,2664
2026-04-07 18:16:00+00:00,461.3800048828125,462.1098937988281,461.3399963378906,461.9010009765625,4334
2026-04-07 18:17:00+00:00,462.1099853515625,462.5,461.6900024414063,462.0400085449219,5766
2026-04-07 18:18:00+00:00,462.55999755859375,462.7200012207031,462.55999755859375,462.7200012207031,1906
2026-04-07 18:19:00+00:00,462.8200073242187,463.0,462.8200073242187,462.8500061035156,4513
2026-04-07 18:20:00+00:00,463.0,463.0,462.30999755859375,462.30999755859375,3270
2026-04-07 18:22:00+00:00,462.2699890136719,462.760009765625,462.2699890136719,462.7099914550781,2989
2026-04-07 18:23:00+00:00,462.3900146484375,462.3900146484375,462.3900146484375,462.3900146484375,604
2026-04-07 18:24:00+00:00,462.489990234375,462.489990234375,462.489990234375,462.489990234375,2595
2026-04-07 18:25:00+00:00,462.3699951171875,462.3699951171875,462.1400146484375,462.1400146484375,1250
2026-04-07 18:26:00+00:00,462.0115051269531,462.0115051269531,462.0115051269531,462.0115051269531,378
2026-04-07 18:27:00+00:00,461.7799987792969,462.3699951171875,461.7799987792969,462.1000061035156,3493
2026-04-07 18:28:00+00:00,462.1199951171875,462.1199951171875,462.1199951171875,462.1199951171875,661
2026-04-07 18:29:00+00:00,461.7699890136719,461.7699890136719,461.7000122070313,461.7149963378906,2490
2026-04-07 18:30:00+00:00,461.9999084472656,461.9999084472656,461.7049865722656,461.7049865722656,1074
2026-04-07 18:31:00+00:00,461.6000061035156,461.9798889160156,461.6000061035156,461.6600036621094,2454
2026-04-07 18:32:00+00:00,461.5,461.5,461.5,461.5,873
2026-04-07 18:33:00+00:00,461.4299926757813,461.4299926757813,461.2001037597656,461.2001037597656,1937
2026-04-07 18:34:00+00:00,461.7999877929687,462.0,461.7550048828125,461.8699951171875,5915
2026-04-07 18:35:00+00:00,461.5700073242187,461.5700073242187,461.5700073242187,461.5700073242187,1034
2026-04-07 18:36:00+00:00,461.2000122070313,461.4700012207031,461.1549987792969,461.4700012207031,2200
2026-04-07 18:37:00+00:00,461.6000061035156,461.7900085449219,461.6000061035156,461.6199951171875,3007
2026-04-07 18:38:00+00:00,461.2699890136719,461.5799865722656,461.2699890136719,461.5799865722656,1017
2026-04-07 18:39:00+00:00,461.5499877929687,461.5499877929687,461.2200012207031,461.3299865722656,790
2026-04-07 18:40:00+00:00,461.2200012207031,461.2200012207031,460.5150146484375,460.6900024414063,4845
2026-04-07 18:41:00+00:00,460.5050048828125,460.5050048828125,460.1701049804687,460.4800109863281,7566
2026-04-07 18:42:00+00:00,460.0,460.2699890136719,459.9100036621094,459.9100036621094,8065
2026-04-07 18:43:00+00:00,460.2000122070313,460.260009765625,459.8999938964844,460.260009765625,6806
2026-04-07 18:44:00+00:00,460.0,460.5700073242187,459.93011474609375,460.5700073242187,3817
2026-04-07 18:45:00+00:00,460.2950134277344,460.2950134277344,459.8179931640625,460.1799926757813,6950
2026-04-07 18:46:00+00:00,459.7701110839844,460.1549987792969,459.7701110839844,460.0750122070313,2910
2026-04-07 18:47:00+00:00,460.0750122070313,460.0750122070313,459.5249938964844,459.5249938964844,10704
2026-04-07 18:48:00+00:00,459.010009765625,459.010009765625,458.6199951171875,458.75,3454
2026-04-07 18:49:00+00:00,459.0,459.1600036621094,458.5,458.8299865722656,6351
2026-04-07 18:50:00+00:00,458.9700012207031,459.0700073242187,458.5,458.5,17722
2026-04-07 18:51:00+00:00,458.9700012207031,458.9700012207031,458.8999938964844,458.8999938964844,1598
2026-04-07 18:52:00+00:00,459.2900085449219,459.2900085449219,459.0350036621094,459.0350036621094,1315
2026-04-07 18:53:00+00:00,458.7799987792969,458.875,458.0,458.010009765625,9748
2026-04-07 18:54:00+00:00,457.8399963378906,457.9700012207031,457.6700134277344,457.9700012207031,3173
2026-04-07 18:55:00+00:00,457.8200073242187,457.8200073242187,456.4200134277344,457.0889892578125,10097
2026-04-07 18:56:00+00:00,457.0899963378906,457.4100036621094,456.760009765625,457.1900024414063,5939
2026-04-07 18:57:00+00:00,457.4200134277344,458.0499877929687,457.4200134277344,458.0150146484375,5251
2026-04-07 18:58:00+00:00,457.7999877929687,458.4599914550781,457.7999877929687,458.4599914550781,2710
2026-04-07 18:59:00+00:00,458.739990234375,458.739990234375,458.4500122070313,458.4500122070313,3110
2026-04-07 19:00:00+00:00,458.1700134277344,458.1700134277344,458.0130920410156,458.0130920410156,1853
2026-04-07 19:01:00+00:00,458.2349853515625,458.2349853515625,458.2349853515625,458.2349853515625,130
2026-04-07 19:02:00+00:00,458.4700012207031,459.2818908691406,458.4700012207031,459.25,5611
2026-04-07 19:03:00+00:00,459.4500122070313,459.4500122070313,459.0,459.0,3809
2026-04-07 19:04:00+00:00,458.7999877929687,458.9100036621094,458.6300964355469,458.9100036621094,3150
2026-04-07 19:05:00+00:00,458.9049987792969,458.9049987792969,458.4660034179687,458.4660034179687,2377
2026-04-07 19:06:00+00:00,458.1400146484375,458.6549987792969,458.1400146484375,458.4183044433594,2932
2026-04-07 19:07:00+00:00,458.5299987792969,458.5299987792969,458.0499877929687,458.0499877929687,1636
2026-04-07 19:08:00+00:00,458.4100036621094,459.3900146484375,458.4100036621094,458.9400024414063,8790
2026-04-07 19:09:00+00:00,459.3800048828125,459.6300048828125,459.2900085449219,459.6300048828125,4157
2026-04-07 19:10:00+00:00,459.6199951171875,459.6199951171875,459.6199951171875,459.6199951171875,1540
2026-04-07 19:11:00+00:00,459.6900024414063,460.260009765625,459.6900024414063,460.0499877929687,4581
2026-04-07 19:12:00+00:00,460.1499938964844,460.3399963378906,460.0,460.25,3123
2026-04-07 19:13:00+00:00,460.0,460.0,460.0,460.0,1691
2026-04-07 19:14:00+00:00,460.0,460.0,459.68499755859375,459.9649963378906,3178
2026-04-07 19:15:00+00:00,459.760009765625,460.3200073242187,459.760009765625,460.3200073242187,1847
2026-04-07 19:16:00+00:00,460.3825073242187,460.6900024414063,460.0,460.135009765625,6847
2026-04-07 19:17:00+00:00,460.125,460.2300109863281,460.1199951171875,460.2300109863281,1306
2026-04-07 19:18:00+00:00,460.5899963378906,463.0,460.510009765625,462.989990234375,11816
2026-04-07 19:19:00+00:00,462.2099914550781,463.9400024414063,462.2099914550781,463.9299926757813,8772
2026-04-07 19:20:00+00:00,463.489990234375,464.7049865722656,463.3599853515625,463.6449890136719,15066
2026-04-07 19:21:00+00:00,463.1400146484375,463.159912109375,462.4500122070313,462.9500122070313,4756
2026-04-07 19:22:00+00:00,463.010009765625,463.4500122070313,462.4649963378906,463.4500122070313,5271
2026-04-07 19:23:00+00:00,463.0,463.2000122070313,461.9299926757813,461.9299926757813,5061
2026-04-07 19:24:00+00:00,461.4049987792969,462.4849853515625,461.3999938964844,462.4849853515625,3827
2026-04-07 19:25:00+00:00,462.4949951171875,462.4949951171875,461.9400024414063,462.0249938964844,2702
2026-04-07 19:26:00+00:00,461.8049926757813,461.8049926757813,461.25,461.3800048828125,4268
2026-04-07 19:27:00+00:00,461.4049987792969,461.6000061035156,461.1099853515625,461.6000061035156,1976
2026-04-07 19:28:00+00:00,461.8699951171875,462.7900085449219,461.6700134277344,462.7900085449219,5359
2026-04-07 19:29:00+00:00,462.6449890136719,462.6449890136719,462.0799865722656,462.0799865722656,5992
2026-04-07 19:30:00+00:00,462.3627014160156,462.3627014160156,461.989990234375,462.0299987792969,3522
2026-04-07 19:31:00+00:00,462.0950012207031,462.0950012207031,461.4299926757813,461.4299926757813,4094
2026-04-07 19:32:00+00:00,461.4249877929687,461.635009765625,461.3999938964844,461.635009765625,2531
2026-04-07 19:33:00+00:00,461.6400146484375,461.6400146484375,461.3949890136719,461.3949890136719,3787
2026-04-07 19:34:00+00:00,461.5899963378906,462.1400146484375,461.5899963378906,462.0,11240
2026-04-07 19:35:00+00:00,461.9450073242187,461.9800109863281,461.5899963378906,461.625,7669
2026-04-07 19:36:00+00:00,462.0,462.0799865722656,461.643310546875,461.875,6309
2026-04-07 19:37:00+00:00,462.2099914550781,462.2099914550781,462.0,462.0,5368
2026-04-07 19:38:00+00:00,462.010009765625,462.4200134277344,462.0050048828125,462.409912109375,5194
2026-04-07 19:39:00+00:00,462.2049865722656,462.6199951171875,462.2049865722656,462.5,8458
2026-04-07 19:40:00+00:00,462.5,462.7000122070313,461.6000061035156,462.3399963378906,12567
2026-04-07 19:41:00+00:00,462.7699890136719,463.4200134277344,462.6900939941406,463.2749938964844,8737
2026-04-07 19:42:00+00:00,463.2699890136719,463.3900146484375,462.8049926757813,462.9599914550781,6980
2026-04-07 19:43:00+00:00,462.3800048828125,462.9150085449219,462.3800048828125,462.9150085449219,2664
2026-04-07 19:44:00+00:00,462.9400024414063,463.760009765625,462.9400024414063,463.3800048828125,10429
2026-04-07 19:45:00+00:00,463.1600036621094,465.5299987792969,463.1600036621094,465.5299987792969,24463
2026-04-07 19:46:00+00:00,465.3900146484375,465.8900146484375,464.3699951171875,464.8599853515625,13158
2026-04-07 19:47:00+00:00,464.7699890136719,465.2999877929687,463.9599914550781,465.0,18643
2026-04-07 19:48:00+00:00,465.123291015625,465.8999938964844,464.7200012207031,465.0650024414063,11819
2026-04-07 19:49:00+00:00,465.0,465.0,464.1099853515625,464.1449890136719,5359
2026-04-07 19:50:00+00:00,464.7000122070313,465.1300048828125,464.239990234375,465.0,10543
2026-04-07 19:51:00+00:00,465.1749877929687,465.8299865722656,465.1749877929687,465.8299865722656,7333
2026-04-07 19:52:00+00:00,465.9005126953125,466.5050048828125,465.6700134277344,465.7049865722656,20476
2026-04-07 19:53:00+00:00,466.0,466.25,465.489990234375,465.6700134277344,25444
2026-04-07 19:54:00+00:00,465.4200134277344,466.0799865722656,464.3175048828125,465.8550109863281,24182
2026-04-07 19:55:00+00:00,466.1499938964844,466.8999938964844,466.1199951171875,466.4299926757813,16437
2026-04-07 19:56:00+00:00,466.4299926757813,467.010009765625,466.2699890136719,467.010009765625,37146
2026-04-07 19:57:00+00:00,466.8599853515625,467.8599853515625,466.6600036621094,467.75,31972
2026-04-07 19:58:00+00:00,467.7200012207031,468.0,467.6600036621094,467.989990234375,45055
2026-04-07 19:59:00+00:00,467.9700012207031,468.8499145507813,467.9200134277344,468.8299865722656,72823
2026-04-08 13:30:00+00:00,504.8190002441406,507.6499938964844,501.1199951171875,505.55999755859375,526636
2026-04-08 13:31:00+00:00,504.7525024414063,508.8800048828125,504.260009765625,506.364990234375,55870
2026-04-08 13:32:00+00:00,506.3900146484375,510.3399963378906,505.7550048828125,509.1950073242187,67407
2026-04-08 13:33:00+00:00,509.3926086425781,511.24749755859375,508.5000915527344,509.6900024414063,30868
2026-04-08 13:34:00+00:00,509.0,514.97998046875,509.0,514.0,64247
2026-04-08 13:35:00+00:00,513.027587890625,517.1300048828125,513.027587890625,515.6599731445312,68465
2026-04-08 13:36:00+00:00,515.6599731445312,516.9099731445312,512.7000122070312,512.90380859375,54375
2026-04-08 13:37:00+00:00,513.3499755859375,514.1400146484375,512.25,513.8900146484375,43303
2026-04-08 13:38:00+00:00,513.5800170898438,514.7943115234375,511.30999755859375,512.0,55069
2026-04-08 13:39:00+00:00,511.7550048828125,513.22998046875,511.0010070800781,511.4649963378906,36155
2026-04-08 13:40:00+00:00,511.9100036621094,514.7698974609375,511.9100036621094,514.2849731445312,28043
2026-04-08 13:41:00+00:00,514.2849731445312,514.2849731445312,511.2699890136719,513.1599731445312,31308
2026-04-08 13:42:00+00:00,513.5700073242188,514.0,511.1099853515625,511.2200012207031,27208
2026-04-08 13:43:00+00:00,511.5499877929687,514.0,511.5450134277344,513.3900146484375,19770
2026-04-08 13:44:00+00:00,513.5150146484375,514.2349853515625,511.6199951171875,511.7149963378906,45725
2026-04-08 13:45:00+00:00,511.0700073242187,511.8500061035156,509.5,511.0,39151
2026-04-08 13:46:00+00:00,510.9700012207031,512.9299926757812,509.6199951171875,511.5249938964844,26368
2026-04-08 13:47:00+00:00,512.1500244140625,514.3900146484375,511.54010009765625,512.9500122070312,37808
2026-04-08 13:48:00+00:00,512.7999877929688,513.7000122070312,510.3804016113281,511.3500061035156,16630
2026-04-08 13:49:00+00:00,511.3299865722656,511.9898986816406,511.010009765625,511.9519958496094,26338
2026-04-08 13:50:00+00:00,511.989990234375,512.8800048828125,510.1099853515625,512.7899780273438,21374
2026-04-08 13:51:00+00:00,512.0900268554688,513.030029296875,508.1799926757813,510.7898864746094,27021
2026-04-08 13:52:00+00:00,510.2699890136719,511.5,509.968994140625,511.0499877929687,13474
2026-04-08 13:53:00+00:00,511.4800109863281,513.7999877929688,511.25,512.8015747070312,15280
2026-04-08 13:54:00+00:00,512.6649780273438,513.0,510.3501892089844,510.9400024414063,12760
2026-04-08 13:55:00+00:00,510.1400146484375,514.0,510.1400146484375,512.9600219726562,17742
2026-04-08 13:56:00+00:00,512.8300170898438,513.6599731445312,512.280029296875,513.0150146484375,11342
2026-04-08 13:57:00+00:00,512.989990234375,514.0999755859375,511.5400085449219,512.0700073242188,13578
2026-04-08 13:58:00+00:00,512.1199951171875,512.1199951171875,510.0249938964844,511.0,12947
2026-04-08 13:59:00+00:00,511.7250061035156,512.7999877929688,511.4146118164063,511.5,12453
2026-04-08 14:00:00+00:00,511.75,513.1699829101562,511.4800109863281,512.5449829101562,13842
2026-04-08 14:01:00+00:00,512.1068725585938,514.4000244140625,511.3550109863281,514.1799926757812,15664
2026-04-08 14:02:00+00:00,514.0999755859375,515.7598876953125,514.0999755859375,514.8049926757812,22241
2026-04-08 14:03:00+00:00,515.5,515.8599853515625,514.4400024414062,515.1298828125,17304
2026-04-08 14:04:00+00:00,514.8099975585938,515.9000244140625,513.7200927734375,515.3200073242188,10421
2026-04-08 14:05:00+00:00,515.4160766601562,515.9000244140625,515.0,515.510009765625,19484
2026-04-08 14:06:00+00:00,515.510009765625,516.4799194335938,513.7139892578125,516.4799194335938,22563
2026-04-08 14:07:00+00:00,515.9249877929688,516.47998046875,515.469970703125,515.530029296875,12596
2026-04-08 14:08:00+00:00,515.6849975585938,516.7999877929688,515.4349975585938,516.219970703125,30637
2026-04-08 14:09:00+00:00,516.0850219726562,517.0,515.1500244140625,515.75,28598
2026-04-08 14:10:00+00:00,515.75,515.989990234375,511.1000061035156,511.5750122070313,36799
2026-04-08 14:11:00+00:00,511.2699890136719,511.5,507.2062072753906,507.9450073242187,42479
2026-04-08 14:12:00+00:00,508.3900146484375,508.6900024414063,505.9118957519531,506.2699890136719,42491
2026-04-08 14:13:00+00:00,506.260009765625,506.260009765625,502.7304992675781,502.7304992675781,47848
2026-04-08 14:14:00+00:00,502.53900146484375,503.614990234375,501.9030151367187,502.5400085449219,61439
2026-04-08 14:15:00+00:00,502.6300048828125,504.4999084472656,500.739990234375,502.1799926757813,31650
2026-04-08 14:16:00+00:00,501.5299987792969,502.5700073242187,500.5750122070313,501.8900146484375,16822
2026-04-08 14:17:00+00:00,501.8900146484375,503.9800109863281,501.2575073242187,503.2200012207031,27336
2026-04-08 14:18:00+00:00,503.4599914550781,504.05999755859375,501.9400024414063,501.9599914550781,62065
2026-04-08 14:19:00+00:00,501.1799926757813,501.8999938964844,500.1400146484375,500.1400146484375,24825
2026-04-08 14:20:00+00:00,500.55999755859375,500.9700012207031,499.0799865722656,499.1600036621094,25652
2026-04-08 14:21:00+00:00,499.5450134277344,500.739990234375,499.0899963378906,500.0499877929687,45128
2026-04-08 14:22:00+00:00,500.0400085449219,500.4500122070313,499.5,500.2049865722656,17988
2026-04-08 14:23:00+00:00,500.2049865722656,500.4100036621094,499.5299987792969,499.7300109863281,16005
2026-04-08 14:24:00+00:00,499.6700134277344,499.9750061035156,498.3699951171875,498.7999877929687,12738
2026-04-08 14:25:00+00:00,499.0,499.4200134277344,498.2999877929687,498.7016906738281,7633
2026-04-08 14:26:00+00:00,498.3999938964844,500.0999145507813,498.3999938964844,499.7149963378906,10243
2026-04-08 14:27:00+00:00,499.6400146484375,499.6400146484375,498.3299865722656,498.7000122070313,8816
2026-04-08 14:28:00+00:00,498.5899963378906,498.7000122070313,496.1900939941406,496.9581909179687,16955
2026-04-08 14:29:00+00:00,496.1900024414063,496.9700012207031,495.8999938964844,495.9800109863281,12311
2026-04-08 14:30:00+00:00,496.0950012207031,496.55999755859375,495.360107421875,496.4400024414063,10739
2026-04-08 14:31:00+00:00,496.4400024414063,496.4400024414063,493.25,495.7900085449219,38818
2026-04-08 14:32:00+00:00,495.6799926757813,496.6000061035156,495.3900146484375,496.2550048828125,9345
2026-04-08 14:33:00+00:00,496.25,497.8999938964844,495.2799987792969,496.8999938964844,20054
2026-04-08 14:34:00+00:00,496.3700866699219,496.7999877929687,494.9299926757813,496.0400085449219,19226
2026-04-08 14:35:00+00:00,496.4800109863281,496.6799926757813,495.0,495.9800109863281,6640
2026-04-08 14:36:00+00:00,495.0,495.95989990234375,493.30999755859375,493.9949951171875,19401
2026-04-08 14:37:00+00:00,494.0,495.4590148925781,494.0,494.9100036621094,10286
2026-04-08 14:38:00+00:00,494.6799926757813,494.9400024414063,494.1099853515625,494.1099853515625,5819
2026-04-08 14:39:00+00:00,494.5150146484375,494.5700073242187,493.0,493.0750122070313,11134
2026-04-08 14:40:00+00:00,493.0799865722656,493.0799865722656,491.0000915527344,491.7200012207031,20840
2026-04-08 14:41:00+00:00,491.12060546875,494.05999755859375,491.12060546875,493.5799865722656,12727
2026-04-08 14:42:00+00:00,493.5849914550781,494.2398986816406,492.9500122070313,493.5499877929687,7756
2026-04-08 14:43:00+00:00,493.0744018554687,493.5499877929687,491.0899963378906,491.1427917480469,12063
2026-04-08 14:44:00+00:00,491.5549926757813,492.1099853515625,490.8200073242187,490.8200073242187,8001
2026-04-08 14:45:00+00:00,490.9700012207031,493.06451416015625,490.739990234375,492.6099853515625,20532
2026-04-08 14:46:00+00:00,491.989990234375,492.6199035644531,491.0799865722656,491.3500061035156,9460
2026-04-08 14:47:00+00:00,491.25,491.25,490.0,490.1199951171875,35724
2026-04-08 14:48:00+00:00,490.239990234375,491.5398864746094,489.8700866699219,491.5398864746094,10812
2026-04-08 14:49:00+00:00,491.5400085449219,492.0,490.5299987792969,490.5299987792969,10468
2026-04-08 14:50:00+00:00,491.3500061035156,491.9200134277344,491.3500061035156,491.3999938964844,3604
2026-04-08 14:51:00+00:00,491.6950073242187,492.2298889160156,491.1600036621094,491.7000122070313,7788
2026-04-08 14:52:00+00:00,491.2099914550781,491.4599914550781,490.010009765625,490.5,7273
2026-04-08 14:53:00+00:00,490.364990234375,490.7099914550781,489.6449890136719,490.2099914550781,6852
2026-04-08 14:54:00+00:00,489.7300109863281,490.8049926757813,489.25,490.5499877929687,5840
2026-04-08 14:55:00+00:00,490.1499938964844,490.3840026855469,488.3999938964844,488.3999938964844,17701
2026-04-08 14:56:00+00:00,488.010009765625,489.0249938964844,487.6700134277344,488.68499755859375,16856
2026-04-08 14:57:00+00:00,488.4700012207031,489.0400085449219,488.0299987792969,488.610107421875,12961
2026-04-08 14:58:00+00:00,489.4599914550781,489.80999755859375,489.1600036621094,489.80999755859375,4432
2026-04-08 14:59:00+00:00,489.7550048828125,490.2699890136719,488.5799865722656,488.6700134277344,20414
2026-04-08 15:00:00+00:00,489.364990234375,489.760009765625,488.5899963378906,489.0249938964844,18339
2026-04-08 15:01:00+00:00,489.0199890136719,490.25,488.5000915527344,489.66009521484375,16400
2026-04-08 15:02:00+00:00,489.6600036621094,489.8699951171875,488.7099914550781,489.3399963378906,12769
2026-04-08 15:03:00+00:00,489.6499938964844,491.6400146484375,489.375,491.4249877929687,14124
2026-04-08 15:04:00+00:00,491.2200012207031,491.6700134277344,490.510009765625,491.3150024414063,8690
2026-04-08 15:05:00+00:00,491.4289855957031,492.0899963378906,491.1300048828125,492.0899963378906,7169
2026-04-08 15:06:00+00:00,492.1600036621094,492.37799072265625,490.4400024414063,491.8250122070313,16375
2026-04-08 15:07:00+00:00,491.2999877929687,491.7699890136719,488.260009765625,488.5799865722656,29500
2026-04-08 15:08:00+00:00,488.6549987792969,489.6499938964844,488.239990234375,489.3399963378906,16289
2026-04-08 15:09:00+00:00,489.7300109863281,489.8504943847656,488.8500061035156,489.0899963378906,5366
2026-04-08 15:10:00+00:00,489.0799865722656,489.4400024414063,488.2550048828125,489.4400024414063,9610
2026-04-08 15:11:00+00:00,488.93499755859375,490.1199951171875,488.93499755859375,489.8352966308594,4997
2026-04-08 15:12:00+00:00,490.3799133300781,491.55999755859375,489.4500122070313,490.65179443359375,6911
2026-04-08 15:13:00+00:00,490.6700134277344,491.6400146484375,490.6199951171875,491.3500061035156,4301
2026-04-08 15:14:00+00:00,491.0700073242187,492.0400085449219,491.0150146484375,492.0400085449219,5906
2026-04-08 15:15:00+00:00,491.6499938964844,492.4599914550781,491.6499938964844,492.3349914550781,6860
2026-04-08 15:16:00+00:00,492.3349914550781,494.489990234375,492.3349914550781,494.0199890136719,11743
2026-04-08 15:17:00+00:00,494.30999755859375,495.3299865722656,494.169189453125,494.7250061035156,14202
2026-04-08 15:18:00+00:00,495.1700134277344,496.5700073242187,494.4500122070313,496.45989990234375,22539
2026-04-08 15:19:00+00:00,496.1449890136719,496.9150085449219,496.1449890136719,496.7200012207031,19607
2026-04-08 15:20:00+00:00,497.260009765625,497.5249938964844,495.8299865722656,496.5950012207031,18966
2026-04-08 15:21:00+00:00,496.5950012207031,496.95989990234375,495.2401123046875,495.760009765625,10030
2026-04-08 15:22:00+00:00,495.7999877929687,496.0,495.5199890136719,495.989990234375,5176
2026-04-08 15:23:00+00:00,495.5,495.9999084472656,495.5,495.989990234375,6164
2026-04-08 15:24:00+00:00,495.375,496.0,495.010009765625,495.9500122070313,5052
2026-04-08 15:25:00+00:00,495.8349914550781,496.6300048828125,495.8349914550781,496.6300048828125,3919
2026-04-08 15:26:00+00:00,496.6300048828125,496.6300048828125,495.0,496.3200073242187,18585
2026-04-08 15:27:00+00:00,496.889892578125,496.889892578125,495.7000122070313,495.8922119140625,10920
2026-04-08 15:28:00+00:00,496.0299987792969,496.7699890136719,495.1600036621094,496.4100036621094,16042
2026-04-08 15:29:00+00:00,496.3416137695313,496.3416137695313,495.2200012207031,495.364990234375,18722
2026-04-08 15:30:00+00:00,494.9400024414063,495.8500061035156,494.9400024414063,495.375,23717
2026-04-08 15:31:00+00:00,495.0799865722656,495.3800048828125,494.6499938964844,494.75,5308
2026-04-08 15:32:00+00:00,494.75,494.7575073242187,494.0,494.30999755859375,7145
2026-04-08 15:33:00+00:00,494.1199951171875,494.6300048828125,493.6099853515625,494.6300048828125,8367
2026-04-08 15:34:00+00:00,494.739990234375,494.739990234375,494.4649963378906,494.5700073242187,3018
2026-04-08 15:35:00+00:00,495.0,495.5700073242187,494.8500061035156,495.5700073242187,4408
2026-04-08 15:36:00+00:00,495.6600036621094,495.6600036621094,495.2900085449219,495.2900085449219,7697
2026-04-08 15:37:00+00:00,495.760009765625,496.7898864746094,495.760009765625,495.989990234375,6751
2026-04-08 15:38:00+00:00,495.6409912109375,496.4599914550781,495.6409912109375,496.2200012207031,4202
2026-04-08 15:39:00+00:00,496.4599914550781,497.0,496.0499877929687,496.4100036621094,9858
2026-04-08 15:40:00+00:00,496.1300048828125,496.5,495.8699951171875,496.4500122070313,7741
2026-04-08 15:41:00+00:00,496.1449890136719,496.5,496.1449890136719,496.239990234375,7556
2026-04-08 15:42:00+00:00,496.2650146484375,496.8900146484375,496.2650146484375,496.75,7914
2026-04-08 15:43:00+00:00,496.75,497.2099914550781,496.5,497.2099914550781,16159
2026-04-08 15:44:00+00:00,497.3900146484375,497.3900146484375,497.0299987792969,497.0499877929687,4726
2026-04-08 15:45:00+00:00,497.4599914550781,498.4800109863281,497.30999755859375,497.6799926757813,21081
2026-04-08 15:46:00+00:00,497.4599914550781,497.8949890136719,497.2099914550781,497.8949890136719,3698
2026-04-08 15:47:00+00:00,498.2199096679687,498.385009765625,497.5199890136719,498.385009765625,2815
2026-04-08 15:48:00+00:00,498.3999938964844,498.3999938964844,498.0,498.0,5960
2026-04-08 15:49:00+00:00,498.1749877929687,498.864990234375,498.0,498.5,13198
2026-04-08 15:50:00+00:00,498.8609924316406,498.9989013671875,498.4700012207031,498.4849853515625,7781
2026-04-08 15:51:00+00:00,498.3349914550781,498.95989990234375,497.5400085449219,498.5899963378906,6101
2026-04-08 15:52:00+00:00,498.3949890136719,498.3949890136719,498.3949890136719,498.3949890136719,649
2026-04-08 15:53:00+00:00,498.3900146484375,498.3900146484375,498.30999755859375,498.30999755859375,2932
2026-04-08 15:54:00+00:00,498.0090026855469,498.2999877929687,498.0,498.0,1900
2026-04-08 15:55:00+00:00,498.489990234375,498.489990234375,497.6711120605469,497.9200134277344,1795
2026-04-08 15:56:00+00:00,498.0199890136719,498.0199890136719,497.7821960449219,497.7821960449219,4129
2026-04-08 15:57:00+00:00,497.9898986816406,498.239990234375,497.6900024414063,497.9574890136719,9154
2026-04-08 15:58:00+00:00,498.0,498.0,497.3299865722656,497.3299865722656,5099
2026-04-08 15:59:00+00:00,497.4249877929687,498.1900024414063,497.4024963378906,497.7099914550781,5351
2026-04-08 16:00:00+00:00,497.6449890136719,498.2699890136719,497.6449890136719,498.0400085449219,5134
2026-04-08 16:01:00+00:00,498.5,498.7999877929687,498.385009765625,498.7200012207031,5958
2026-04-08 16:02:00+00:00,498.010009765625,498.5150146484375,497.6900024414063,497.6900024414063,9358
2026-04-08 16:03:00+00:00,497.68499755859375,498.7000122070313,497.68499755859375,498.4549865722656,3706
2026-04-08 16:04:00+00:00,498.7099914550781,498.7099914550781,496.1900024414063,497.510009765625,17446
2026-04-08 16:05:00+00:00,497.0400085449219,497.4500122070313,496.8250122070313,497.2298889160156,4794
2026-04-08 16:06:00+00:00,496.6300048828125,496.9800109863281,496.5400085449219,496.5700073242187,8009
2026-04-08 16:07:00+00:00,496.4800109863281,496.7000122070313,496.4800109863281,496.7000122070313,3580
2026-04-08 16:08:00+00:00,496.989990234375,497.0,496.6050109863281,497.0,2626
2026-04-08 16:09:00+00:00,496.875,497.2300109863281,496.7882080078125,497.1600036621094,4510
2026-04-08 16:10:00+00:00,497.0650024414063,497.4200134277344,496.8299865722656,497.0799865722656,5760
2026-04-08 16:11:00+00:00,497.1900024414063,498.0899963378906,497.1900024414063,498.0899963378906,5753
2026-04-08 16:12:00+00:00,498.2200012207031,498.2200012207031,497.7200012207031,497.7200012207031,3329
2026-04-08 16:13:00+00:00,497.5,497.7099914550781,497.2850036621094,497.7099914550781,1421
2026-04-08 16:14:00+00:00,497.909912109375,497.909912109375,497.55999755859375,497.55999755859375,1493
2026-04-08 16:15:00+00:00,497.5499877929687,497.5499877929687,496.8349914550781,497.3298950195313,4241
2026-04-08 16:16:00+00:00,496.5650024414063,496.7900085449219,496.0,496.1000061035156,4836
2026-04-08 16:17:00+00:00,495.6650085449219,496.2900085449219,495.1900024414063,495.8699951171875,7190
2026-04-08 16:18:00+00:00,495.9150085449219,496.2999877929687,495.5400085449219,496.2999877929687,2467
2026-04-08 16:19:00+00:00,495.9100036621094,496.6600036621094,495.7300109863281,496.2900085449219,6745
2026-04-08 16:20:00+00:00,496.7900085449219,496.8800048828125,496.385009765625,496.385009765625,1652
2026-04-08 16:21:00+00:00,496.3500061035156,496.7200012207031,495.9000854492187,496.4800109863281,2465
2026-04-08 16:22:00+00:00,496.2099914550781,496.4849853515625,496.1426086425781,496.1426086425781,4049
2026-04-08 16:23:00+00:00,496.0299987792969,496.4100036621094,495.7250061035156,496.2099914550781,4982
2026-04-08 16:24:00+00:00,496.7000122070313,497.05999755859375,496.4500122070313,496.8399963378906,2283
2026-04-08 16:25:00+00:00,497.0549926757813,497.0549926757813,496.6400146484375,496.6400146484375,2582
2026-04-08 16:26:00+00:00,496.7000122070313,497.8099060058594,496.6748962402344,497.4028930664063,6790
2026-04-08 16:27:00+00:00,497.2749938964844,497.3049926757813,497.2749938964844,497.3049926757813,928
2026-04-08 16:28:00+00:00,497.6050109863281,498.4693908691406,497.6050109863281,497.9649963378906,7222
2026-04-08 16:29:00+00:00,497.9800109863281,498.2999877929687,497.760009765625,498.0,2947
2026-04-08 16:30:00+00:00,498.0,498.1900024414063,498.0,498.1650085449219,4770
2026-04-08 16:31:00+00:00,498.4299926757813,499.55999755859375,498.4299926757813,499.2300109863281,8513
2026-04-08 16:32:00+00:00,499.2999877929687,499.7300109863281,498.8299865722656,498.8299865722656,6396
2026-04-08 16:33:00+00:00,499.1449890136719,499.7898864746094,498.8399963378906,498.8399963378906,2419
2026-04-08 16:34:00+00:00,499.1900024414063,499.5400085449219,499.1900024414063,499.2850036621094,957
2026-04-08 16:35:00+00:00,499.3999938964844,500.010009765625,499.1400146484375,499.8049926757813,12285
2026-04-08 16:36:00+00:00,499.30999755859375,499.6449890136719,499.2999877929687,499.4299926757813,2599
2026-04-08 16:37:00+00:00,499.0750122070313,499.3399963378906,499.0199890136719,499.1700134277344,3446
2026-04-08 16:38:00+00:00,499.2699890136719,499.2699890136719,498.5,498.5,3853
2026-04-08 16:39:00+00:00,498.2760925292969,498.8299865722656,498.2760925292969,498.5050048828125,1320
2026-04-08 16:40:00+00:00,498.489990234375,498.8800048828125,498.489990234375,498.8800048828125,4920
2026-04-08 16:41:00+00:00,498.9500122070313,498.9500122070313,498.9500122070313,498.9500122070313,597
2026-04-08 16:42:00+00:00,498.9700012207031,499.1700134277344,498.7349853515625,498.8349914550781,2873
2026-04-08 16:43:00+00:00,498.8399963378906,499.1499938964844,498.1700134277344,498.1900024414063,10190
2026-04-08 16:44:00+00:00,498.010009765625,499.2999877929687,497.989990234375,499.2999877929687,14918
2026-04-08 16:45:00+00:00,499.2999877929687,499.2999877929687,499.25,499.25,1351
2026-04-08 16:46:00+00:00,499.3511047363281,499.3511047363281,499.25,499.3500061035156,1896
2026-04-08 16:47:00+00:00,499.25,499.6499938964844,499.0199890136719,499.6499938964844,10949
2026-04-08 16:48:00+00:00,499.3500061035156,499.6799926757813,499.1462097167969,499.1462097167969,2867
2026-04-08 16:49:00+00:00,499.5,499.7998962402344,499.0199890136719,499.6400146484375,8027
2026-04-08 16:50:00+00:00,499.1700134277344,499.5,499.1600036621094,499.5,3614
2026-04-08 16:51:00+00:00,499.5,499.5,499.010009765625,499.3399963378906,2929
2026-04-08 16:52:00+00:00,499.2999877929687,499.6600036621094,499.2533874511719,499.6600036621094,1573
2026-04-08 16:53:00+00:00,499.3299865722656,499.3299865722656,498.3800048828125,498.989990234375,3940
2026-04-08 16:54:00+00:00,499.0,499.2900085449219,499.0,499.2900085449219,1855
2026-04-08 16:55:00+00:00,498.6099853515625,499.80999755859375,498.6099853515625,499.7950134277344,5083
2026-04-08 16:56:00+00:00,499.7950134277344,499.7999877929687,499.5750122070313,499.635009765625,2511
2026-04-08 16:57:00+00:00,499.760009765625,499.9800109863281,499.6000061035156,499.6799926757813,4137
2026-04-08 16:58:00+00:00,499.6799926757813,499.760009765625,499.6000061035156,499.760009765625,5012
2026-04-08 16:59:00+00:00,499.6400146484375,499.739990234375,499.3700866699219,499.739990234375,3288
2026-04-08 17:00:00+00:00,499.7300109863281,500.5799865722656,498.8999938964844,498.8999938964844,29551
2026-04-08 17:01:00+00:00,499.0799865722656,499.4460144042969,498.9541931152344,499.2506103515625,2045
2026-04-08 17:02:00+00:00,499.0499877929687,499.1700134277344,498.9299926757813,498.9299926757813,2148
2026-04-08 17:03:00+00:00,499.0549926757813,500.0499877929687,498.760009765625,499.8800048828125,10020
2026-04-08 17:04:00+00:00,499.875,499.875,499.6499938964844,499.6499938964844,5033
2026-04-08 17:05:00+00:00,499.6499938964844,499.989990234375,499.1199951171875,499.55999755859375,4175
2026-04-08 17:06:00+00:00,499.75,499.989990234375,499.2503967285156,499.2503967285156,3490
2026-04-08 17:07:00+00:00,499.9299926757813,501.0299987792969,499.9299926757813,500.2799987792969,21218
2026-04-08 17:08:00+00:00,500.6799926757813,501.0799865722656,499.5,499.5,8111
2026-04-08 17:09:00+00:00,499.5,499.6510009765625,499.0400085449219,499.4599914550781,5936
2026-04-08 17:10:00+00:00,499.2550048828125,499.5700073242187,499.2550048828125,499.5700073242187,3027
2026-04-08 17:11:00+00:00,499.30999755859375,499.7000122070313,499.1600036621094,499.7000122070313,9637
2026-04-08 17:12:00+00:00,499.7000122070313,499.7098083496094,499.5450134277344,499.7098083496094,1952
2026-04-08 17:13:00+00:00,499.7099914550781,499.7300109863281,499.6199951171875,499.6300048828125,3600
2026-04-08 17:14:00+00:00,499.8900146484375,499.8900146484375,499.7449951171875,499.7449951171875,1655
2026-04-08 17:15:00+00:00,499.510009765625,499.8900146484375,499.510009765625,499.7449951171875,3092
2026-04-08 17:16:00+00:00,499.5190124511719,500.0,499.5190124511719,499.8349914550781,4717
2026-04-08 17:17:00+00:00,499.989990234375,499.989990234375,499.5613098144531,499.6099853515625,1455
2026-04-08 17:18:00+00:00,499.6499938964844,499.760009765625,499.510009765625,499.625,2651
2026-04-08 17:19:00+00:00,499.625,499.8399963378906,499.3800964355469,499.6099853515625,2351
2026-04-08 17:20:00+00:00,499.6000061035156,500.0892028808594,499.6000061035156,499.760009765625,7113
2026-04-08 17:21:00+00:00,499.904296875,500.1000061035156,499.8900146484375,500.1000061035156,2783
2026-04-08 17:22:00+00:00,499.635009765625,499.6600036621094,498.6600036621094,499.3599853515625,6054
2026-04-08 17:23:00+00:00,499.3999938964844,499.3999938964844,499.0499877929687,499.0499877929687,2949
2026-04-08 17:24:00+00:00,499.0093994140625,499.0150146484375,498.6900024414063,498.9049987792969,1484
2026-04-08 17:25:00+00:00,499.1300048828125,499.6099853515625,498.8900146484375,499.6099853515625,4346
2026-04-08 17:26:00+00:00,499.3699951171875,499.989990234375,499.3699951171875,499.989990234375,3133
2026-04-08 17:27:00+00:00,499.6449890136719,499.6449890136719,498.6622924804687,498.6622924804687,3523
2026-04-08 17:28:00+00:00,499.1600036621094,499.739990234375,499.0199890136719,499.4750061035156,8952
2026-04-08 17:29:00+00:00,499.7999877929687,499.8299865722656,499.3500061035156,499.5,5269
2026-04-08 17:30:00+00:00,499.3999938964844,499.8299865722656,499.3999938964844,499.739990234375,3762
2026-04-08 17:31:00+00:00,499.4800109863281,499.8299865722656,499.4800109863281,499.8299865722656,3072
2026-04-08 17:32:00+00:00,500.0450134277344,500.0450134277344,499.7349853515625,499.7349853515625,2805
2026-04-08 17:33:00+00:00,499.5650024414063,499.5650024414063,499.4549865722656,499.4549865722656,2593
2026-04-08 17:34:00+00:00,499.1099853515625,499.6300048828125,499.1099853515625,499.3630981445313,2470
2026-04-08 17:35:00+00:00,499.80999755859375,499.80999755859375,499.4800109863281,499.4800109863281,3314
2026-04-08 17:36:00+00:00,499.5450134277344,500.3497924804687,499.30999755859375,500.3497924804687,7268
2026-04-08 17:37:00+00:00,500.1600036621094,500.6799926757813,499.4849853515625,500.0050048828125,17684
2026-04-08 17:38:00+00:00,500.2149963378906,500.8800048828125,500.2149963378906,500.8800048828125,3265
2026-04-08 17:39:00+00:00,500.9049987792969,501.2998962402344,500.9049987792969,501.1400146484375,7357
2026-04-08 17:40:00+00:00,501.1400146484375,501.4549865722656,500.9800109863281,501.4549865722656,4082
2026-04-08 17:41:00+00:00,501.4549865722656,501.75,501.3599853515625,501.4500122070313,8029
2026-04-08 17:42:00+00:00,501.4599914550781,501.760009765625,501.4049987792969,501.7598876953125,8351
2026-04-08 17:43:00+00:00,501.4700012207031,502.0,501.4700012207031,501.6449890136719,14647
2026-04-08 17:44:00+00:00,501.6449890136719,501.8599853515625,501.4500122070313,501.4500122070313,3795
2026-04-08 17:45:00+00:00,501.9400024414063,502.0400085449219,501.55999755859375,501.55999755859375,1538
2026-04-08 17:46:00+00:00,501.8399963378906,501.9299926757813,501.7999877929687,501.9299926757813,2083
2026-04-08 17:47:00+00:00,501.9200134277344,502.9299926757813,501.9200134277344,502.635009765625,19142
2026-04-08 17:48:00+00:00,502.5899963378906,502.7550048828125,501.2300109863281,501.5150146484375,19009
2026-04-08 17:49:00+00:00,501.4299926757813,501.4299926757813,501.2000122070313,501.2000122070313,4004
2026-04-08 17:50:00+00:00,501.260009765625,501.260009765625,500.9400024414063,500.9400024414063,2941
2026-04-08 17:51:00+00:00,501.0150146484375,501.0150146484375,500.1300048828125,500.1300048828125,6220
2026-04-08 17:52:00+00:00,500.1000061035156,500.2650146484375,498.6900939941406,498.8700866699219,9505
2026-04-08 17:53:00+00:00,499.489990234375,500.2200012207031,499.489990234375,500.0650024414063,7044
2026-04-08 17:54:00+00:00,500.1199951171875,500.2000122070313,500.05999755859375,500.05999755859375,9142
2026-04-08 17:55:00+00:00,499.8949890136719,500.2000122070313,499.75,499.75,22707
2026-04-08 17:56:00+00:00,499.7699890136719,500.0,499.75,500.0,1916
2026-04-08 17:57:00+00:00,499.80999755859375,499.80999755859375,498.8699951171875,499.3250122070313,4502
2026-04-08 17:58:00+00:00,499.3250122070313,499.4400024414063,499.3250122070313,499.4400024414063,1227
2026-04-08 17:59:00+00:00,499.4450073242187,499.4450073242187,499.4450073242187,499.4450073242187,1355
2026-04-08 18:00:00+00:00,499.260009765625,499.5549926757813,499.2099914550781,499.4400024414063,4541
2026-04-08 18:01:00+00:00,499.4400024414063,500.05999755859375,499.4400024414063,500.05999755859375,9570
2026-04-08 18:02:00+00:00,500.0899963378906,500.260009765625,499.9100036621094,500.0199890136719,3107
2026-04-08 18:03:00+00:00,500.2300109863281,500.2300109863281,500.2300109863281,500.2300109863281,341
2026-04-08 18:04:00+00:00,500.4700012207031,500.4700012207031,500.2300109863281,500.2799987792969,2092
2026-04-08 18:05:00+00:00,500.4700012207031,500.4700012207031,500.364990234375,500.3800048828125,6039
2026-04-08 18:06:00+00:00,500.3800048828125,500.5799865722656,500.1000061035156,500.1000061035156,6952
2026-04-08 18:07:00+00:00,500.1600036621094,500.30999755859375,500.1600036621094,500.30999755859375,7059
2026-04-08 18:08:00+00:00,500.3450012207031,501.0,500.3399963378906,500.68499755859375,7765
2026-04-08 18:09:00+00:00,500.8399963378906,501.0,500.5700073242187,501.0,2289
2026-04-08 18:10:00+00:00,500.8500061035156,500.9800109863281,500.5700073242187,500.8150024414063,5321
2026-04-08 18:11:00+00:00,500.5499877929687,501.1099853515625,500.5299987792969,501.1099853515625,11690
2026-04-08 18:12:00+00:00,501.260009765625,501.3349914550781,501.010009765625,501.010009765625,6973
2026-04-08 18:13:00+00:00,501.25,501.7000122070313,501.0549926757813,501.1499938964844,7506
2026-04-08 18:14:00+00:00,501.0700073242187,501.3999938964844,500.8900146484375,500.8900146484375,17204
2026-04-08 18:15:00+00:00,500.80999755859375,500.9700012207031,500.80999755859375,500.8900146484375,4177
2026-04-08 18:16:00+00:00,500.8374938964844,501.0350036621094,500.80999755859375,500.80999755859375,3876
2026-04-08 18:17:00+00:00,500.8949890136719,500.8949890136719,500.5350036621094,500.5350036621094,4209
2026-04-08 18:18:00+00:00,500.3299865722656,500.4299926757813,499.010009765625,499.6050109863281,11841
2026-04-08 18:19:00+00:00,499.4249877929687,499.4249877929687,498.1214904785156,499.18499755859375,10148
2026-04-08 18:20:00+00:00,498.8999938964844,498.8999938964844,498.8999938964844,498.8999938964844,2593
2026-04-08 18:21:00+00:00,498.6700134277344,499.0499877929687,498.5299987792969,498.80999755859375,4112
2026-04-08 18:22:00+00:00,498.9200134277344,499.2200012207031,498.3100891113281,498.5111083984375,4779
2026-04-08 18:23:00+00:00,498.6400146484375,499.239990234375,498.6400146484375,499.239990234375,4753
2026-04-08 18:24:00+00:00,499.0750122070313,499.3999938964844,499.0,499.0,1230
2026-04-08 18:25:00+00:00,499.0050048828125,499.2699890136719,498.55999755859375,498.8150024414063,4021
2026-04-08 18:26:00+00:00,498.5,499.1400146484375,498.5,499.1400146484375,5904
2026-04-08 18:27:00+00:00,499.1050109863281,499.1099853515625,498.3299865722656,498.3299865722656,6986
2026-04-08 18:28:00+00:00,498.5150146484375,498.6600036621094,497.9700012207031,498.510009765625,8633
2026-04-08 18:29:00+00:00,498.3453063964844,498.4949951171875,498.1000061035156,498.4949951171875,3320
2026-04-08 18:30:00+00:00,498.7998962402344,499.4299926757813,498.7900085449219,499.2200012207031,8558
2026-04-08 18:31:00+00:00,499.2200012207031,499.5299987792969,499.2200012207031,499.4599914550781,4596
2026-04-08 18:32:00+00:00,499.4599914550781,499.4599914550781,499.3699951171875,499.385009765625,1756
2026-04-08 18:33:00+00:00,499.5499877929687,499.6600036621094,499.3999938964844,499.6300048828125,3352
2026-04-08 18:34:00+00:00,499.4599914550781,500.1005859375,499.3599853515625,500.1005859375,3696
2026-04-08 18:35:00+00:00,500.010009765625,500.3099060058594,500.010009765625,500.0849914550781,4019
2026-04-08 18:36:00+00:00,500.0199890136719,502.5,500.0199890136719,502.4984130859375,8707
2026-04-08 18:37:00+00:00,502.114990234375,502.114990234375,500.3699951171875,500.6375122070313,10674
2026-04-08 18:38:00+00:00,500.6400146484375,500.6900024414063,500.4100036621094,500.4100036621094,3049
2026-04-08 18:39:00+00:00,500.4299926757813,500.5400085449219,499.8367004394531,499.8367004394531,2962
2026-04-08 18:40:00+00:00,500.239990234375,500.239990234375,499.6499938964844,499.8250122070313,4059
2026-04-08 18:41:00+00:00,499.5700073242187,499.5750122070313,499.2799987792969,499.4100036621094,3994
2026-04-08 18:42:00+00:00,499.5199890136719,499.75,499.489990234375,499.5300903320313,8173
2026-04-08 18:43:00+00:00,499.4299926757813,499.8999938964844,499.3299865722656,499.8999938964844,2586
2026-04-08 18:44:00+00:00,499.8200073242187,499.8200073242187,498.9500122070313,498.9500122070313,7219
2026-04-08 18:45:00+00:00,498.5499877929687,498.5499877929687,497.9578857421875,497.9578857421875,4374
2026-04-08 18:46:00+00:00,498.0849914550781,498.7199096679687,498.0849914550781,498.4750061035156,6144
2026-04-08 18:47:00+00:00,498.4849853515625,498.8299865722656,498.4849853515625,498.7099914550781,2607
2026-04-08 18:48:00+00:00,498.4624938964844,498.6499938964844,496.9200134277344,496.9200134277344,7846
2026-04-08 18:49:00+00:00,496.7449951171875,496.95989990234375,496.5199890136719,496.6099853515625,2929
2026-04-08 18:50:00+00:00,496.6000061035156,496.6000061035156,496.05999755859375,496.5700073242187,6132
2026-04-08 18:51:00+00:00,496.7200012207031,496.7200012207031,495.8800048828125,496.1900024414063,13853
2026-04-08 18:52:00+00:00,496.18499755859375,496.7900085449219,496.0,496.3999938964844,5662
2026-04-08 18:53:00+00:00,496.55999755859375,496.9700012207031,496.55999755859375,496.9700012207031,5458
2026-04-08 18:54:00+00:00,496.7699890136719,496.8299865722656,496.6000061035156,496.7650146484375,4494
2026-04-08 18:55:00+00:00,496.4700012207031,496.7799987792969,496.375,496.7799987792969,4345
2026-04-08 18:56:00+00:00,496.6449890136719,496.6449890136719,496.6449890136719,496.6449890136719,1053
2026-04-08 18:57:00+00:00,496.5299987792969,496.9400024414063,495.7099914550781,495.9949951171875,10904
2026-04-08 18:58:00+00:00,495.635009765625,495.9898986816406,495.5534057617187,495.6700134277344,3258
2026-04-08 18:59:00+00:00,495.6950073242187,495.8800048828125,495.1900939941406,495.5400085449219,11680
2026-04-08 19:00:00+00:00,495.1900024414063,495.91448974609375,494.0799865722656,494.3825988769531,30131
2026-04-08 19:01:00+00:00,494.3949890136719,495.9361877441406,494.1500854492187,495.9361877441406,8357
2026-04-08 19:02:00+00:00,495.9800109863281,496.0,495.760009765625,495.760009765625,4508
2026-04-08 19:03:00+00:00,496.1098937988281,496.1099853515625,496.0494995117187,496.1099853515625,2653
2026-04-08 19:04:00+00:00,495.6900024414063,495.8747863769531,495.2000122070313,495.7000122070313,6412
2026-04-08 19:05:00+00:00,495.7000122070313,496.0794982910156,495.7000122070313,495.7000122070313,1451
2026-04-08 19:06:00+00:00,495.760009765625,496.25,495.55999755859375,495.8599853515625,4117
2026-04-08 19:07:00+00:00,495.8349914550781,496.1050109863281,495.8349914550781,496.1050109863281,1301
2026-04-08 19:08:00+00:00,496.4400024414063,497.58990478515625,496.0199890136719,496.9800109863281,14818
2026-04-08 19:09:00+00:00,497.0199890136719,497.0199890136719,496.7799987792969,496.7799987792969,1099
2026-04-08 19:10:00+00:00,496.7550048828125,497.0299987792969,496.5300903320313,496.9649963378906,5246
2026-04-08 19:11:00+00:00,497.2099914550781,497.4599914550781,496.80999755859375,497.3250122070313,7285
2026-04-08 19:12:00+00:00,497.3900146484375,497.3900146484375,496.9049987792969,496.9049987792969,4086
2026-04-08 19:13:00+00:00,497.0,497.0,496.6376953125,496.8699951171875,2885
2026-04-08 19:14:00+00:00,496.8349914550781,497.0700073242187,496.7900085449219,496.8900146484375,3732
2026-04-08 19:15:00+00:00,496.80999755859375,496.8624877929687,496.80999755859375,496.8624877929687,1705
2026-04-08 19:16:00+00:00,496.8949890136719,497.25,496.8949890136719,497.25,3912
2026-04-08 19:17:00+00:00,497.2099914550781,497.2099914550781,497.010009765625,497.0150146484375,3096
2026-04-08 19:18:00+00:00,497.0,497.0,496.2749938964844,496.2749938964844,5136
2026-04-08 19:19:00+00:00,496.1000061035156,496.8900146484375,495.66009521484375,496.5849914550781,6479
2026-04-08 19:20:00+00:00,496.2099914550781,496.4800109863281,495.8550109863281,496.1799926757813,9758
2026-04-08 19:21:00+00:00,496.239990234375,496.25,496.239990234375,496.25,1841
2026-04-08 19:22:00+00:00,496.0400085449219,496.0400085449219,495.6400146484375,496.0198974609375,6643
2026-04-08 19:23:00+00:00,495.75,495.9299926757813,495.4580078125,495.9299926757813,4632
2026-04-08 19:24:00+00:00,496.1900024414063,496.2950134277344,495.9299926757813,495.9299926757813,5335
2026-04-08 19:25:00+00:00,496.0249938964844,496.489990234375,496.0249938964844,496.1300048828125,6752
2026-04-08 19:26:00+00:00,496.55999755859375,496.9200134277344,495.7950134277344,495.7950134277344,7264
2026-04-08 19:27:00+00:00,495.9150085449219,496.1199035644531,495.4299926757813,495.5400085449219,5173
2026-04-08 19:28:00+00:00,495.3550109863281,495.55999755859375,495.3550109863281,495.510009765625,2015
2026-04-08 19:29:00+00:00,495.5249938964844,495.5249938964844,495.2800903320313,495.4024963378906,4258
2026-04-08 19:30:00+00:00,495.3299865722656,496.2950134277344,495.3299865722656,496.0199890136719,8546
2026-04-08 19:31:00+00:00,496.1474914550781,496.30999755859375,496.0474853515625,496.1300048828125,4626
2026-04-08 19:32:00+00:00,496.10400390625,496.5150146484375,496.10400390625,496.510009765625,6698
2026-04-08 19:33:00+00:00,496.6978149414063,496.6978149414063,496.05999755859375,496.05999755859375,8897
2026-04-08 19:34:00+00:00,496.1900024414063,496.4299926757813,496.1900024414063,496.3800048828125,4737
2026-04-08 19:35:00+00:00,496.2850036621094,496.9599914550781,496.239990234375,496.6099853515625,8029
2026-04-08 19:36:00+00:00,496.3599853515625,496.9299926757813,496.3599853515625,496.9299926757813,4770
2026-04-08 19:37:00+00:00,496.7300109863281,497.0,496.4949951171875,496.4949951171875,3881
2026-04-08 19:38:00+00:00,496.6843872070313,496.6843872070313,495.7000122070313,495.7000122070313,8757
2026-04-08 19:39:00+00:00,495.83990478515625,495.83990478515625,494.9750061035156,495.010009765625,7702
2026-04-08 19:40:00+00:00,494.9700012207031,494.9700012207031,494.43499755859375,494.635009765625,7675
2026-04-08 19:41:00+00:00,494.4299926757813,494.5799865722656,494.2000122070313,494.2000122070313,9933
2026-04-08 19:42:00+00:00,494.2000122070313,494.6000061035156,493.6600036621094,494.5549926757813,19529
2026-04-08 19:43:00+00:00,494.75,495.1199951171875,494.489990234375,494.7900085449219,21935
2026-04-08 19:44:00+00:00,495.0899963378906,495.5700073242187,495.0050048828125,495.3349914550781,9544
2026-04-08 19:45:00+00:00,495.3349914550781,495.989990234375,495.3349914550781,495.9100036621094,19892
2026-04-08 19:46:00+00:00,495.6950073242187,496.0299987792969,495.3800048828125,495.7000122070313,18967
2026-04-08 19:47:00+00:00,495.7049865722656,496.0700073242187,495.7049865722656,496.0700073242187,2726
2026-04-08 19:48:00+00:00,495.7950134277344,496.2200012207031,495.5,495.5155029296875,11592
2026-04-08 19:49:00+00:00,495.8800048828125,495.8800048828125,495.6700134277344,495.6700134277344,3925
2026-04-08 19:50:00+00:00,495.7200012207031,495.7799987792969,495.4710083007813,495.4800109863281,10052
2026-04-08 19:51:00+00:00,495.510009765625,496.1400146484375,494.7999877929687,494.7999877929687,13689
2026-04-08 19:52:00+00:00,495.1199035644531,495.3999938964844,494.989990234375,495.2000122070313,17882
2026-04-08 19:53:00+00:00,495.409912109375,495.6799926757813,495.2000122070313,495.6799926757813,13586
2026-04-08 19:54:00+00:00,495.49261474609375,496.1799926757813,495.4500122070313,495.8599853515625,33880
2026-04-08 19:55:00+00:00,495.6900024414063,495.989990234375,495.239990234375,495.3399963378906,26493
2026-04-08 19:56:00+00:00,495.4549865722656,495.5799865722656,495.239990234375,495.25,26126
2026-04-08 19:57:00+00:00,495.1950073242187,495.7850036621094,495.0208129882813,495.760009765625,35515
2026-04-08 19:58:00+00:00,495.7900085449219,495.9100036621094,495.5400085449219,495.6600036621094,38223
2026-04-08 19:59:00+00:00,495.6600036621094,496.55999755859375,495.3699951171875,496.4400024414063,83193
2026-04-09 13:30:00+00:00,505.0,508.7099914550781,503.739990234375,504.239990234375,150255
2026-04-09 13:31:00+00:00,505.0,505.0,501.1400146484375,503.7349853515625,22352
2026-04-09 13:32:00+00:00,503.9700012207031,504.3775939941406,501.6900024414063,502.5499877929687,31447
2026-04-09 13:33:00+00:00,502.3349914550781,503.0,497.0,498.0700073242187,31561
2026-04-09 13:34:00+00:00,498.0700073242187,498.1400146484375,496.0,497.364990234375,26251
2026-04-09 13:35:00+00:00,497.7999877929687,498.9599914550781,497.7099914550781,497.9800109863281,8855
2026-04-09 13:36:00+00:00,498.0,499.0199890136719,495.635009765625,496.010009765625,23887
2026-04-09 13:37:00+00:00,495.5549926757813,497.04888916015625,495.3699951171875,497.0,8625
2026-04-09 13:38:00+00:00,498.1000061035156,500.989990234375,498.0,500.989990234375,24531
2026-04-09 13:39:00+00:00,500.5,501.0,497.6400146484375,498.7799987792969,15604
2026-04-09 13:40:00+00:00,496.75,497.9049987792969,495.0799865722656,495.6799926757813,11274
2026-04-09 13:41:00+00:00,495.4450073242187,495.8198852539063,494.1199951171875,495.1700134277344,13770
2026-04-09 13:42:00+00:00,495.760009765625,496.2398986816406,494.7250061035156,495.9599914550781,13142
2026-04-09 13:43:00+00:00,496.3699951171875,499.2000122070313,496.3699951171875,498.55999755859375,11110
2026-04-09 13:44:00+00:00,499.1199951171875,499.2698974609375,498.0,498.4949951171875,10610
2026-04-09 13:45:00+00:00,498.4849853515625,499.2349853515625,497.1549987792969,499.2349853515625,11922
2026-04-09 13:46:00+00:00,499.2799987792969,500.0,499.2799987792969,499.9500122070313,19118
2026-04-09 13:47:00+00:00,499.8450012207031,500.1698913574219,498.033203125,498.6900024414063,8843
2026-04-09 13:48:00+00:00,498.6900024414063,499.3999938964844,498.2349853515625,498.9150085449219,17568
2026-04-09 13:49:00+00:00,498.875,500.1199951171875,498.875,499.7998962402344,19472
2026-04-09 13:50:00+00:00,499.0400085449219,501.5,499.0400085449219,500.6698913574219,35408
2026-04-09 13:51:00+00:00,499.6900024414063,499.8399963378906,497.847412109375,498.6749877929687,14738
2026-04-09 13:52:00+00:00,498.4800109863281,500.0,498.3900146484375,498.3900146484375,6438
2026-04-09 13:53:00+00:00,498.3900146484375,498.489990234375,497.1462097167969,497.6099853515625,10541
2026-04-09 13:54:00+00:00,498.2449951171875,499.135009765625,497.7420043945313,498.1700134277344,6646
2026-04-09 13:55:00+00:00,499.1199951171875,499.7999877929687,497.2099914550781,497.6749877929687,7285
2026-04-09 13:56:00+00:00,496.5899963378906,498.5899963378906,496.0783081054687,497.9800109863281,8497
2026-04-09 13:57:00+00:00,498.4798889160156,498.7000122070313,497.75,498.489990234375,13968
2026-04-09 13:58:00+00:00,498.0,498.6099853515625,497.0700073242187,498.6099853515625,9266
2026-04-09 13:59:00+00:00,497.8699951171875,498.6199951171875,497.7000122070313,498.2000122070313,6164
2026-04-09 14:00:00+00:00,497.7000122070313,498.5589904785156,497.7000122070313,498.0400085449219,7311
2026-04-09 14:01:00+00:00,498.3699951171875,499.1000061035156,497.9100036621094,498.9249877929687,7597
2026-04-09 14:02:00+00:00,498.9500122070313,499.6499938964844,498.5,499.0249938964844,5706
2026-04-09 14:03:00+00:00,499.4573974609375,499.9800109863281,499.0450134277344,499.625,6209
2026-04-09 14:04:00+00:00,499.4400024414063,500.2850036621094,499.4400024414063,500.18499755859375,9152
2026-04-09 14:05:00+00:00,500.18499755859375,501.389892578125,499.7699890136719,499.8800048828125,16653
2026-04-09 14:06:00+00:00,499.2699890136719,499.2699890136719,497.2099914550781,497.2099914550781,7780
2026-04-09 14:07:00+00:00,498.114990234375,499.3299865722656,498.0490112304687,499.3299865722656,3437
2026-04-09 14:08:00+00:00,500.0,500.0,498.8999938964844,498.8999938964844,5712
2026-04-09 14:09:00+00:00,498.4249877929687,498.8699951171875,498.0400085449219,498.8699951171875,13856
2026-04-09 14:10:00+00:00,498.4500122070313,498.8999938964844,496.739990234375,497.9800109863281,18641
2026-04-09 14:11:00+00:00,497.43499755859375,497.43499755859375,496.3800048828125,497.0700073242187,11283
2026-04-09 14:12:00+00:00,497.5,498.8299865722656,496.7322082519531,498.6900024414063,7241
2026-04-09 14:13:00+00:00,497.9949951171875,497.9949951171875,497.0,497.0,3846
2026-04-09 14:14:00+00:00,497.1000061035156,497.4299926757813,496.2510070800781,496.2510070800781,6766
2026-04-09 14:15:00+00:00,496.1600036621094,496.1900024414063,494.8500061035156,494.8500061035156,18707
2026-04-09 14:16:00+00:00,494.8500061035156,494.9200134277344,493.2001037597656,493.6200866699219,19685
2026-04-09 14:17:00+00:00,494.6600036621094,494.6700134277344,493.8999938964844,494.4200134277344,8080
2026-04-09 14:18:00+00:00,494.4100036621094,495.25,494.4100036621094,494.9800109863281,17169
2026-04-09 14:19:00+00:00,493.8399963378906,495.6600036621094,493.6000061035156,495.6600036621094,9192
2026-04-09 14:20:00+00:00,496.0,497.0,495.8450012207031,495.864990234375,9556
2026-04-09 14:21:00+00:00,496.260009765625,498.4299011230469,495.9750061035156,497.4100036621094,19601
2026-04-09 14:22:00+00:00,497.9999084472656,497.9999084472656,497.4500122070313,497.8900146484375,3337
2026-04-09 14:23:00+00:00,497.4278869628906,498.2799987792969,497.4278869628906,498.0,5481
2026-04-09 14:24:00+00:00,497.9150085449219,498.510986328125,497.1900024414063,497.1900024414063,7059
2026-04-09 14:25:00+00:00,497.010009765625,497.25,496.1799926757813,496.4588928222656,3701
2026-04-09 14:26:00+00:00,496.6499938964844,497.8500061035156,496.6499938964844,497.3200073242187,6321
2026-04-09 14:27:00+00:00,495.7950134277344,496.9949951171875,495.7950134277344,496.9949951171875,2361
2026-04-09 14:28:00+00:00,497.0,497.3150024414063,496.7099914550781,497.3150024414063,3514
2026-04-09 14:29:00+00:00,497.30999755859375,497.4450073242187,497.2081909179687,497.3999938964844,2617
2026-04-09 14:30:00+00:00,498.4888000488281,499.0650024414063,498.4888000488281,499.0650024414063,4959
2026-04-09 14:31:00+00:00,499.1400146484375,499.1799926757813,498.7699890136719,499.1799926757813,7741
2026-04-09 14:32:00+00:00,499.1700134277344,499.6000061035156,498.5700073242187,498.8500061035156,20630
2026-04-09 14:33:00+00:00,499.6099853515625,499.8999938964844,499.1499938964844,499.3150024414063,63965
2026-04-09 14:34:00+00:00,499.3399963378906,499.3399963378906,498.158203125,498.4400024414063,4464
2026-04-09 14:35:00+00:00,498.2000122070313,498.909912109375,497.2200012207031,497.3599853515625,7899
2026-04-09 14:36:00+00:00,496.7799987792969,496.7799987792969,495.5799865722656,495.8500061035156,7179
2026-04-09 14:37:00+00:00,495.2200927734375,496.7799987792969,495.1799926757813,496.7749938964844,4158
2026-04-09 14:38:00+00:00,496.4801025390625,497.9599914550781,496.4800109863281,496.4800109863281,7188
2026-04-09 14:39:00+00:00,496.1799926757813,496.8200073242187,496.114990234375,496.7799987792969,2729
2026-04-09 14:40:00+00:00,497.0549926757813,497.8599853515625,497.0549926757813,497.5350036621094,5289
2026-04-09 14:41:00+00:00,497.4100036621094,497.9699096679687,497.1617126464844,497.1617126464844,3216
2026-04-09 14:42:00+00:00,497.0199890136719,497.0199890136719,496.8399963378906,497.0,4175
2026-04-09 14:43:00+00:00,496.9150085449219,496.9150085449219,496.6600036621094,496.6600036621094,2165
2026-04-09 14:44:00+00:00,496.989990234375,497.0249938964844,496.8450012207031,496.8450012207031,1800
2026-04-09 14:45:00+00:00,496.9700012207031,497.5899963378906,496.9700012207031,497.489990234375,1562
2026-04-09 14:46:00+00:00,497.87298583984375,497.87298583984375,497.4364929199219,497.6400146484375,1554
2026-04-09 14:47:00+00:00,497.5799865722656,497.9699096679687,497.1099853515625,497.1099853515625,2510
2026-04-09 14:48:00+00:00,497.4849853515625,497.4849853515625,497.4849853515625,497.4849853515625,1098
2026-04-09 14:49:00+00:00,497.260009765625,497.7799987792969,497.260009765625,497.6700134277344,2814
2026-04-09 14:50:00+00:00,497.5050048828125,497.9700012207031,496.0,496.0,6814
2026-04-09 14:51:00+00:00,496.7300109863281,496.9100036621094,496.5499877929687,496.5499877929687,6217
2026-04-09 14:52:00+00:00,496.3299865722656,497.1749877929687,496.3299865722656,497.1749877929687,5080
2026-04-09 14:53:00+00:00,497.0199890136719,497.3999938964844,497.0199890136719,497.1950073242187,1485
2026-04-09 14:54:00+00:00,497.0849914550781,497.989990234375,496.8200073242187,497.614990234375,12270
2026-04-09 14:55:00+00:00,498.2300109863281,499.5,497.489990234375,497.5750122070313,8891
2026-04-09 14:56:00+00:00,497.7699890136719,498.1400146484375,497.5,497.7999877929687,7368
2026-04-09 14:57:00+00:00,497.9700012207031,498.1499938964844,497.5,497.9649963378906,10666
2026-04-09 14:58:00+00:00,498.1499938964844,498.4549865722656,498.1499938964844,498.4549865722656,857
2026-04-09 14:59:00+00:00,498.6050109863281,499.0849914550781,498.3500061035156,499.0849914550781,2569
2026-04-09 15:00:00+00:00,498.8299865722656,498.8299865722656,497.4200134277344,497.7099914550781,8517
2026-04-09 15:01:00+00:00,497.5,498.135009765625,497.5,497.8999938964844,5702
2026-04-09 15:02:00+00:00,497.8999938964844,497.8999938964844,497.1124877929687,497.1549987792969,6514
2026-04-09 15:03:00+00:00,497.6499938964844,497.8399963378906,497.4100036621094,497.8399963378906,1579
2026-04-09 15:04:00+00:00,497.6000061035156,497.8599853515625,497.2250061035156,497.2349853515625,3680
2026-04-09 15:05:00+00:00,497.2250061035156,497.2250061035156,495.9100036621094,496.2999877929687,6888
2026-04-09 15:06:00+00:00,495.760009765625,496.489990234375,495.760009765625,496.0899963378906,1955
2026-04-09 15:07:00+00:00,496.2850036621094,496.6799926757813,496.2749938964844,496.6799926757813,6851
2026-04-09 15:08:00+00:00,496.3999938964844,497.3299865722656,496.3999938964844,496.7000122070313,6509
2026-04-09 15:09:00+00:00,496.9400024414063,497.0400085449219,496.6900024414063,497.0400085449219,1783
2026-04-09 15:10:00+00:00,496.7000122070313,496.8800048828125,496.510009765625,496.8800048828125,5333
2026-04-09 15:11:00+00:00,496.8800048828125,496.8800048828125,496.875,496.875,1464
2026-04-09 15:12:00+00:00,497.4200134277344,497.4299926757813,497.385009765625,497.385009765625,2135
2026-04-09 15:13:00+00:00,497.4200134277344,498.0924987792969,497.3699951171875,497.625,12899
2026-04-09 15:14:00+00:00,498.3349914550781,498.5299987792969,497.7099914550781,497.8599853515625,17884
2026-04-09 15:15:00+00:00,497.2000122070313,498.2699890136719,497.2000122070313,498.2699890136719,5651
2026-04-09 15:16:00+00:00,498.5899963378906,498.6000061035156,498.0,498.0,1807
2026-04-09 15:17:00+00:00,498.0,498.6199951171875,497.9649963378906,498.6199951171875,3008
2026-04-09 15:18:00+00:00,498.8500061035156,498.8500061035156,498.2799987792969,498.572509765625,2323
2026-04-09 15:19:00+00:00,499.0,499.1099853515625,498.9200134277344,498.9200134277344,2880
2026-04-09 15:20:00+00:00,499.3280029296875,499.3280029296875,498.739990234375,499.25,4190
2026-04-09 15:21:00+00:00,499.0,499.2499084472656,498.2900085449219,498.3999938964844,9399
2026-04-09 15:22:00+00:00,498.6600036621094,499.0400085449219,498.6600036621094,499.0400085449219,2629
2026-04-09 15:23:00+00:00,498.8699951171875,499.8200073242187,498.8699951171875,499.3830871582031,9559
2026-04-09 15:24:00+00:00,499.5799865722656,500.0,499.510009765625,499.989990234375,14435
2026-04-09 15:25:00+00:00,499.7774963378906,500.6700134277344,499.010009765625,499.010009765625,47227
2026-04-09 15:26:00+00:00,498.9249877929687,498.9249877929687,498.9249877929687,498.9249877929687,687
2026-04-09 15:27:00+00:00,498.9700012207031,498.9750061035156,498.2300109863281,498.55999755859375,3438
2026-04-09 15:28:00+00:00,498.55999755859375,498.6499938964844,497.8913879394531,497.8913879394531,3700
2026-04-09 15:29:00+00:00,498.2749938964844,498.6600036621094,498.2749938964844,498.6600036621094,1452
2026-04-09 15:30:00+00:00,498.3250122070313,499.2999877929687,498.2601013183594,499.1199951171875,8873
2026-04-09 15:31:00+00:00,499.0,499.6700134277344,499.0,499.6600036621094,3572
2026-04-09 15:32:00+00:00,499.9100036621094,500.739990234375,499.4700012207031,500.4299926757813,22486
2026-04-09 15:33:00+00:00,500.1650085449219,500.6700134277344,499.6900024414063,499.6900024414063,6389
2026-04-09 15:34:00+00:00,499.989990234375,500.6000061035156,499.9200134277344,500.6000061035156,7510
2026-04-09 15:35:00+00:00,500.6000061035156,500.8559875488281,500.3630065917969,500.3630065917969,5798
2026-04-09 15:36:00+00:00,500.5950012207031,501.0,500.4750061035156,501.0,3289
2026-04-09 15:37:00+00:00,500.1799926757813,500.989990234375,500.1799926757813,500.8200073242187,7059
2026-04-09 15:38:00+00:00,500.4500122070313,500.5400085449219,499.2650146484375,499.2650146484375,6666
2026-04-09 15:39:00+00:00,499.6700134277344,499.7699890136719,498.9400939941406,499.4100036621094,1857
2026-04-09 15:40:00+00:00,499.5150146484375,500.2300109863281,499.5150146484375,500.0899963378906,16819
2026-04-09 15:41:00+00:00,499.6050109863281,499.8699951171875,499.0150146484375,499.0150146484375,6280
2026-04-09 15:42:00+00:00,499.6900024414063,499.9985046386719,499.0101013183594,499.9985046386719,3474
2026-04-09 15:43:00+00:00,500.0700073242187,501.7200012207031,499.5466918945313,501.2999877929687,98212
2026-04-09 15:44:00+00:00,500.2000122070313,500.2000122070313,499.93499755859375,500.1300048828125,2795
2026-04-09 15:45:00+00:00,500.1112976074219,500.1112976074219,499.3200073242187,500.0499877929687,6446
2026-04-09 15:46:00+00:00,499.7099914550781,499.9500122070313,499.5,499.6499938964844,3052
2026-04-09 15:47:00+00:00,500.0,501.3200073242187,499.6099853515625,500.8399963378906,17146
2026-04-09 15:48:00+00:00,500.8450012207031,501.75,500.8450012207031,501.75,4864
2026-04-09 15:49:00+00:00,501.9500122070313,501.9500122070313,500.1549987792969,500.6299133300781,11839
2026-04-09 15:50:00+00:00,499.8999938964844,500.5400085449219,499.8999938964844,500.0299987792969,2548
2026-04-09 15:51:00+00:00,500.0299987792969,500.0299987792969,499.5899963378906,499.8255004882813,1544
2026-04-09 15:52:00+00:00,499.885009765625,499.885009765625,499.4750061035156,499.8749084472656,1772
2026-04-09 15:53:00+00:00,499.5899963378906,499.5899963378906,499.239990234375,499.4249877929687,5549
2026-04-09 15:54:00+00:00,499.4800109863281,499.7900085449219,499.4200134277344,499.7900085449219,2610
2026-04-09 15:55:00+00:00,499.4049987792969,499.7099914550781,499.010009765625,499.2550048828125,17694
2026-04-09 15:56:00+00:00,499.1650085449219,500.1799926757813,499.1650085449219,500.1799926757813,23487
2026-04-09 15:57:00+00:00,500.260009765625,500.5,500.2149963378906,500.2149963378906,1413
2026-04-09 15:58:00+00:00,500.2200012207031,500.6300048828125,499.9000854492187,500.6300048828125,12087
2026-04-09 15:59:00+00:00,500.6900024414063,502.25,500.6300048828125,502.25,7582
2026-04-09 16:00:00+00:00,502.3200073242187,502.3200073242187,501.5899963378906,501.68499755859375,6886
2026-04-09 16:01:00+00:00,501.6950073242187,503.4049987792969,501.6950073242187,502.8900146484375,8377
2026-04-09 16:02:00+00:00,502.9599914550781,503.0050048828125,502.625,502.625,2697
2026-04-09 16:03:00+00:00,503.3890075683594,503.4898986816406,502.9500122070313,503.4898986816406,5530
2026-04-09 16:04:00+00:00,502.5299987792969,503.7799072265625,502.5199890136719,502.8500061035156,20793
2026-04-09 16:05:00+00:00,502.1099853515625,502.3500061035156,501.2850036621094,501.3500061035156,3887
2026-04-09 16:06:00+00:00,501.5350036621094,501.5350036621094,500.6300964355469,500.6300964355469,2677
2026-04-09 16:07:00+00:00,501.2749938964844,501.9400024414063,500.75,501.1799926757813,6237
2026-04-09 16:08:00+00:00,501.2349853515625,501.2349853515625,500.8900146484375,500.8900146484375,911
2026-04-09 16:09:00+00:00,501.1499938964844,501.2349853515625,499.1799926757813,499.4599914550781,9852
2026-04-09 16:10:00+00:00,498.864990234375,498.8674926757813,497.5,497.78900146484375,9470
2026-04-09 16:11:00+00:00,498.1700134277344,498.5799865722656,496.8299865722656,497.3699951171875,18850
2026-04-09 16:12:00+00:00,497.1600036621094,498.3999938964844,497.1600036621094,497.5499877929687,7707
2026-04-09 16:13:00+00:00,497.9549865722656,498.5799865722656,497.3301086425781,497.9599914550781,1675
2026-04-09 16:14:00+00:00,498.2265930175781,498.5799865722656,497.4500122070313,498.4159851074219,2740
2026-04-09 16:15:00+00:00,497.6900024414063,498.1799926757813,497.0300903320313,497.0300903320313,3148
2026-04-09 16:16:00+00:00,498.1900024414063,498.8200073242187,497.7900085449219,498.2950134277344,3925
2026-04-09 16:17:00+00:00,498.6700134277344,499.0,498.4100036621094,498.9299926757813,1760
2026-04-09 16:18:00+00:00,498.0499877929687,498.9599914550781,498.0499877929687,498.4150085449219,2343
2026-04-09 16:19:00+00:00,498.9299926757813,499.1300048828125,498.0799865722656,499.0899963378906,4746
2026-04-09 16:20:00+00:00,499.0899963378906,499.239990234375,498.5799865722656,498.9800109863281,4643
2026-04-09 16:21:00+00:00,499.1799926757813,499.4800109863281,498.9800109863281,499.4800109863281,1152
2026-04-09 16:22:00+00:00,498.3699951171875,499.489990234375,498.3699951171875,499.125,4515
2026-04-09 16:23:00+00:00,499.4599914550781,499.794189453125,499.1300048828125,499.510009765625,2617
2026-04-09 16:24:00+00:00,499.1400146484375,499.6300048828125,499.1400146484375,499.6300048828125,1878
2026-04-09 16:25:00+00:00,499.6300048828125,499.8200073242187,499.1300048828125,499.8200073242187,4527
2026-04-09 16:26:00+00:00,499.5350036621094,499.739990234375,499.4800109863281,499.739990234375,1365
2026-04-09 16:27:00+00:00,499.3800048828125,499.3800048828125,499.3800048828125,499.3800048828125,762
2026-04-09 16:28:00+00:00,499.4450988769531,499.739990234375,499.3699951171875,499.739990234375,3359
2026-04-09 16:29:00+00:00,499.9800109863281,500.0,499.510009765625,499.5299987792969,7871
2026-04-09 16:30:00+00:00,499.0400085449219,499.0400085449219,498.7900085449219,498.7900085449219,1965
2026-04-09 16:31:00+00:00,499.2099914550781,499.6199951171875,499.2000122070313,499.6199951171875,1566
2026-04-09 16:32:00+00:00,499.3550109863281,499.7000122070313,499.3550109863281,499.3599853515625,1595
2026-04-09 16:33:00+00:00,499.30999755859375,499.6900024414063,499.30999755859375,499.3599853515625,948
2026-04-09 16:34:00+00:00,499.8900146484375,499.8900146484375,499.1199951171875,499.1199951171875,1725
2026-04-09 16:35:00+00:00,499.3699951171875,499.6199951171875,499.3699951171875,499.6199951171875,1544
2026-04-09 16:36:00+00:00,499.4949951171875,499.4949951171875,499.4949951171875,499.4949951171875,417
2026-04-09 16:37:00+00:00,499.8175048828125,499.8599853515625,499.1203918457031,499.8599853515625,1954
2026-04-09 16:38:00+00:00,499.4750061035156,499.4750061035156,498.9400024414063,498.9500122070313,3162
2026-04-09 16:39:00+00:00,498.1600036621094,498.7999877929687,498.1600036621094,498.7999877929687,1768
2026-04-09 16:40:00+00:00,498.4100036621094,498.4100036621094,498.4100036621094,498.4100036621094,813
2026-04-09 16:41:00+00:00,498.0199890136719,498.0199890136719,497.7349853515625,497.8699951171875,3019
2026-04-09 16:42:00+00:00,498.010009765625,498.010009765625,498.010009765625,498.010009765625,1033
2026-04-09 16:43:00+00:00,498.3699951171875,498.3699951171875,498.3699951171875,498.3699951171875,482
2026-04-09 16:44:00+00:00,498.1650085449219,498.55999755859375,498.1650085449219,498.375,2007
2026-04-09 16:45:00+00:00,498.3299865722656,498.5,498.3200073242187,498.4700012207031,1342
2026-04-09 16:46:00+00:00,498.0499877929687,498.3999938964844,497.8999938964844,498.3999938964844,1471
2026-04-09 16:47:00+00:00,498.2099914550781,498.5700073242187,498.18499755859375,498.5700073242187,2257
2026-04-09 16:48:00+00:00,498.6300048828125,498.84320068359375,498.4500122070313,498.510009765625,2406
2026-04-09 16:49:00+00:00,498.55999755859375,498.8999938964844,498.239990234375,498.8999938964844,3921
2026-04-09 16:50:00+00:00,498.9400024414063,499.5,498.6200866699219,499.2000122070313,8384
2026-04-09 16:53:00+00:00,499.3250122070313,499.8699951171875,499.1195068359375,499.5199890136719,1200
2026-04-09 16:54:00+00:00,499.6900024414063,499.6900024414063,499.6900024414063,499.6900024414063,879
2026-04-09 16:55:00+00:00,499.5650024414063,499.9700012207031,499.4649963378906,499.4649963378906,4592
2026-04-09 16:56:00+00:00,499.2449951171875,499.489990234375,499.2449951171875,499.489990234375,450
2026-04-09 16:57:00+00:00,499.6000061035156,499.6449890136719,499.3200073242187,499.3200073242187,2267
2026-04-09 16:58:00+00:00,499.8598937988281,499.8598937988281,499.1500854492187,499.7449951171875,2129
2026-04-09 16:59:00+00:00,499.6000061035156,500.0,499.6000061035156,499.7300109863281,7917
2026-04-09 17:00:00+00:00,499.9800109863281,499.989990234375,499.614990234375,499.614990234375,3811
2026-04-09 17:02:00+00:00,499.5350036621094,499.5350036621094,499.5350036621094,499.5350036621094,713
2026-04-09 17:03:00+00:00,499.4443054199219,499.4443054199219,498.610107421875,498.610107421875,3629
2026-04-09 17:04:00+00:00,499.1799926757813,499.1799926757813,499.1799926757813,499.1799926757813,917
2026-04-09 17:06:00+00:00,498.6700134277344,499.6900024414063,498.6700134277344,499.6900024414063,2098
2026-04-09 17:07:00+00:00,499.43499755859375,499.7349853515625,499.43499755859375,499.6549987792969,2445
2026-04-09 17:08:00+00:00,499.9500122070313,500.9800109863281,499.68499755859375,500.9800109863281,10481
2026-04-09 17:09:00+00:00,500.6600036621094,500.6600036621094,500.510009765625,500.510009765625,2588
2026-04-09 17:10:00+00:00,500.3200073242187,500.5198974609375,499.6799926757813,500.114990234375,2540
2026-04-09 17:11:00+00:00,500.1449890136719,500.1449890136719,500.1449890136719,500.1449890136719,905
2026-04-09 17:12:00+00:00,500.25,500.4299011230469,500.0499877929687,500.0549926757813,2130
2026-04-09 17:13:00+00:00,500.3150024414063,500.3150024414063,500.2200012207031,500.2300109863281,3780
2026-04-09 17:14:00+00:00,500.0450134277344,500.0450134277344,500.0450134277344,500.0450134277344,591
2026-04-09 17:15:00+00:00,500.0499877929687,500.3900146484375,499.6900024414063,499.6900024414063,7830
2026-04-09 17:16:00+00:00,500.3200073242187,500.3200073242187,499.5899963378906,499.5899963378906,832
2026-04-09 17:17:00+00:00,499.010009765625,499.989990234375,499.010009765625,499.989990234375,1605
2026-04-09 17:18:00+00:00,499.4849853515625,499.4849853515625,499.4849853515625,499.4849853515625,262
2026-04-09 17:19:00+00:00,499.4949951171875,499.4949951171875,499.2999877929687,499.2999877929687,2339
2026-04-09 17:20:00+00:00,500.0,500.0499877929687,500.0,500.0499877929687,2975
2026-04-09 17:21:00+00:00,500.4574890136719,500.8200073242187,500.2322082519531,500.7200012207031,3889
2026-04-09 17:22:00+00:00,500.9700012207031,501.2699890136719,500.9700012207031,501.260009765625,3796
2026-04-09 17:23:00+00:00,501.1749877929687,501.1749877929687,500.9700012207031,500.9700012207031,772
2026-04-09 17:24:00+00:00,500.9700012207031,501.1400146484375,500.9700012207031,500.9700012207031,1458
2026-04-09 17:25:00+00:00,501.1099853515625,501.4800109863281,500.9750061035156,501.4150085449219,5834
2026-04-09 17:26:00+00:00,501.4150085449219,501.4150085449219,501.0950012207031,501.0950012207031,3578
2026-04-09 17:27:00+00:00,501.4215087890625,501.4215087890625,500.9700012207031,501.0799865722656,2287
2026-04-09 17:28:00+00:00,501.1600036621094,501.3500061035156,501.1600036621094,501.3500061035156,1393
2026-04-09 17:29:00+00:00,501.5999145507813,501.6400146484375,501.4150085449219,501.4150085449219,2548
2026-04-09 17:30:00+00:00,501.4150085449219,501.5899963378906,500.1917114257813,500.1917114257813,3834
2026-04-09 17:31:00+00:00,500.07708740234375,500.7300109863281,500.07708740234375,500.7300109863281,2571
2026-04-09 17:32:00+00:00,500.9299926757813,502.3200073242187,500.8800048828125,502.3200073242187,6544
2026-04-09 17:33:00+00:00,502.25,502.3594055175781,501.7149963378906,501.7149963378906,2457
2026-04-09 17:34:00+00:00,501.7149963378906,502.2598876953125,501.6600036621094,501.6749877929687,3836
2026-04-09 17:35:00+00:00,501.6799926757813,502.9800109863281,501.6799926757813,502.7983093261719,4238
2026-04-09 17:36:00+00:00,502.8999938964844,502.8999938964844,502.427001953125,502.6549987792969,1698
2026-04-09 17:37:00+00:00,502.8399963378906,503.7900085449219,502.6600036621094,503.4849853515625,4720
2026-04-09 17:38:00+00:00,503.489990234375,503.510009765625,502.0299987792969,502.0299987792969,6681
2026-04-09 17:39:00+00:00,502.6099853515625,502.6099853515625,502.6099853515625,502.6099853515625,925
2026-04-09 17:40:00+00:00,502.2701110839844,502.6300048828125,502.2699890136719,502.2699890136719,1702
2026-04-09 17:41:00+00:00,502.5400085449219,502.5400085449219,501.2200012207031,501.4649963378906,4100
2026-04-09 17:42:00+00:00,501.4750061035156,501.5,501.0,501.2349853515625,4419
2026-04-09 17:43:00+00:00,501.2349853515625,501.4200134277344,501.2349853515625,501.4200134277344,3826
2026-04-09 17:44:00+00:00,501.3200073242187,501.5,500.2999877929687,500.3001098632813,6065
2026-04-09 17:45:00+00:00,500.739990234375,501.1799926757813,500.3699951171875,500.4800109863281,4374
2026-04-09 17:46:00+00:00,500.4750061035156,500.4750061035156,499.7300109863281,499.739990234375,5401
2026-04-09 17:47:00+00:00,499.7300109863281,500.5199890136719,499.7300109863281,499.989990234375,11100
2026-04-09 17:48:00+00:00,499.8699951171875,500.0,499.385009765625,499.5050048828125,5800
2026-04-09 17:49:00+00:00,499.5025024414063,499.6275024414063,498.68011474609375,499.2550048828125,3807
2026-04-09 17:50:00+00:00,499.1300048828125,499.3851013183594,499.1300048828125,499.2000122070313,2888
2026-04-09 17:52:00+00:00,498.8699951171875,498.9700012207031,498.8699951171875,498.9700012207031,1631
2026-04-09 17:53:00+00:00,498.9299926757813,499.3999938964844,498.9299926757813,499.0199890136719,3955
2026-04-09 17:54:00+00:00,499.1025085449219,499.510009765625,499.1025085449219,499.1300048828125,1763
2026-04-09 17:55:00+00:00,499.3299865722656,499.3299865722656,499.1000061035156,499.1000061035156,1960
2026-04-09 17:56:00+00:00,499.0,499.0,498.6700134277344,498.6749877929687,2223
2026-04-09 17:57:00+00:00,498.5050048828125,498.9299011230469,498.4849853515625,498.9299011230469,4132
2026-04-09 17:58:00+00:00,498.7149963378906,498.7149963378906,498.7099914550781,498.7099914550781,677
2026-04-09 17:59:00+00:00,498.5,498.9599914550781,498.5,498.8450012207031,4240
2026-04-09 18:00:00+00:00,498.9299926757813,499.1600036621094,498.5,498.5,5825
2026-04-09 18:01:00+00:00,497.7250061035156,497.7250061035156,497.7200012207031,497.7200012207031,1717
2026-04-09 18:02:00+00:00,497.6600036621094,497.6600036621094,496.625,496.7799987792969,5741
2026-04-09 18:03:00+00:00,497.25,497.25,496.4450073242187,496.4450073242187,4156
2026-04-09 18:04:00+00:00,495.7799987792969,496.3999938964844,494.0000915527344,494.9150085449219,46404
2026-04-09 18:05:00+00:00,494.9150085449219,496.760009765625,494.9150085449219,496.760009765625,4906
2026-04-09 18:06:00+00:00,496.5150146484375,497.2099914550781,496.5150146484375,496.9500122070313,1870
2026-04-09 18:07:00+00:00,496.4400024414063,497.1799926757813,496.4400024414063,496.6900024414063,3283
2026-04-09 18:08:00+00:00,496.6000061035156,496.6499938964844,496.0899963378906,496.6499938964844,5176
2026-04-09 18:09:00+00:00,496.2950134277344,496.7300109863281,496.1000061035156,496.7200012207031,4420
2026-04-09 18:10:00+00:00,496.7049865722656,496.7049865722656,496.6119079589844,496.6119079589844,1746
2026-04-09 18:11:00+00:00,496.9407043457031,497.0799865722656,496.7950134277344,497.0799865722656,3367
2026-04-09 18:13:00+00:00,496.6499938964844,496.6900024414063,496.4200134277344,496.6900024414063,1781
2026-04-09 18:14:00+00:00,496.7799987792969,497.0299987792969,496.7799987792969,497.0299987792969,2864
2026-04-09 18:15:00+00:00,497.5499877929687,497.5499877929687,497.4800109863281,497.5150146484375,1513
2026-04-09 18:16:00+00:00,497.3500061035156,497.3500061035156,496.5639953613281,496.7099914550781,4117
2026-04-09 18:17:00+00:00,496.7799987792969,497.0299072265625,496.7650146484375,496.7999877929687,2594
2026-04-09 18:18:00+00:00,496.7950134277344,497.3399963378906,496.68359375,496.8900146484375,3548
2026-04-09 18:19:00+00:00,496.3550109863281,496.5,496.3424987792969,496.3424987792969,3114
2026-04-09 18:20:00+00:00,496.8699035644531,496.8699035644531,496.68499755859375,496.68499755859375,1041
2026-04-09 18:21:00+00:00,497.0299987792969,497.1799926757813,496.8450012207031,496.9249877929687,2362
2026-04-09 18:22:00+00:00,496.5,496.8349914550781,496.5,496.8349914550781,1554
2026-04-09 18:23:00+00:00,496.8450012207031,496.8450012207031,496.510009765625,496.6300048828125,3880
2026-04-09 18:24:00+00:00,496.8399963378906,497.0400085449219,496.5300903320313,497.0400085449219,2246
2026-04-09 18:25:00+00:00,496.864990234375,497.1799926757813,496.5080871582031,496.7250061035156,8756
2026-04-09 18:26:00+00:00,497.2799987792969,497.8800048828125,496.6400146484375,497.4400024414063,3013
2026-04-09 18:27:00+00:00,497.4200134277344,497.80999755859375,497.4049987792969,497.4049987792969,1953
2026-04-09 18:28:00+00:00,497.3999938964844,497.3999938964844,496.9400024414063,497.05999755859375,2152
2026-04-09 18:29:00+00:00,497.1700134277344,497.5999145507813,496.8970031738281,497.5499877929687,3785
2026-04-09 18:30:00+00:00,497.1650085449219,497.1700134277344,497.1650085449219,497.1700134277344,1002
2026-04-09 18:31:00+00:00,497.4549865722656,497.4549865722656,497.4500122070313,497.4500122070313,1121
2026-04-09 18:32:00+00:00,497.5799865722656,497.5799865722656,497.2799987792969,497.2799987792969,2733
2026-04-09 18:33:00+00:00,496.7300109863281,497.159912109375,496.7300109863281,497.159912109375,1776
2026-04-09 18:34:00+00:00,496.5150146484375,496.5150146484375,496.4800109863281,496.4949951171875,2297
2026-04-09 18:35:00+00:00,496.4450073242187,496.4450073242187,496.3924865722656,496.3924865722656,1466
2026-04-09 18:36:00+00:00,496.7749938964844,496.7749938964844,496.43011474609375,496.43011474609375,1352
2026-04-09 18:37:00+00:00,496.7749938964844,497.2850036621094,496.7749938964844,497.0700073242187,5564
2026-04-09 18:38:00+00:00,497.0700073242187,497.55999755859375,497.0700073242187,497.4200134277344,2813
2026-04-09 18:39:00+00:00,497.5700073242187,498.5199890136719,497.5700073242187,498.3999938964844,4225
2026-04-09 18:40:00+00:00,498.6099853515625,498.8599853515625,498.2699890136719,498.2699890136719,5372
2026-04-09 18:41:00+00:00,498.2650146484375,498.7300109863281,498.2650146484375,498.7300109863281,3309
2026-04-09 18:42:00+00:00,498.4100036621094,499.6300048828125,498.28369140625,499.0700073242187,6340
2026-04-09 18:43:00+00:00,499.3500061035156,499.3599853515625,498.0801086425781,499.0899963378906,8956
2026-04-09 18:44:00+00:00,498.6200866699219,499.0199890136719,497.9808044433594,498.3900146484375,5586
2026-04-09 18:45:00+00:00,498.6900024414063,499.2099914550781,498.5750122070313,499.1900024414063,2290
2026-04-09 18:46:00+00:00,499.21038818359375,499.7000122070313,499.0700073242187,499.7000122070313,1925
2026-04-09 18:47:00+00:00,499.8500061035156,500.1000061035156,499.55810546875,499.8150024414063,8162
2026-04-09 18:48:00+00:00,499.7250061035156,500.2200012207031,499.7250061035156,500.2099914550781,2392
2026-04-09 18:49:00+00:00,499.7699890136719,500.0799865722656,499.5249938964844,499.7000122070313,5450
2026-04-09 18:50:00+00:00,499.68499755859375,499.9075927734375,499.1199951171875,499.3699951171875,7167
2026-04-09 18:51:00+00:00,499.1700134277344,499.1700134277344,499.1700134277344,499.1700134277344,1442
2026-04-09 18:52:00+00:00,499.1400146484375,499.1400146484375,499.1400146484375,499.1400146484375,2144
2026-04-09 18:53:00+00:00,499.2999877929687,499.4299926757813,499.0101013183594,499.2550048828125,2329
2026-04-09 18:54:00+00:00,499.2550048828125,499.2550048828125,499.0,499.05999755859375,3071
2026-04-09 18:55:00+00:00,499.5,499.510009765625,498.4849853515625,498.4849853515625,7815
2026-04-09 18:56:00+00:00,498.4849853515625,498.9599914550781,498.0499877929687,498.9599914550781,3869
2026-04-09 18:58:00+00:00,499.1400146484375,499.1400146484375,498.4012145996094,498.8450012207031,898
2026-04-09 18:59:00+00:00,498.4100036621094,498.8399963378906,498.4100036621094,498.8399963378906,1396
2026-04-09 19:00:00+00:00,498.6700134277344,499.3699951171875,498.5899963378906,499.3699951171875,3472
2026-04-09 19:01:00+00:00,499.3699951171875,500.0,499.3349914550781,499.9750061035156,4699
2026-04-09 19:02:00+00:00,499.7999877929687,500.1700134277344,499.7799987792969,500.0299987792969,4234
2026-04-09 19:03:00+00:00,500.0,500.1000061035156,499.9200134277344,499.9800109863281,2441
2026-04-09 19:04:00+00:00,499.9100036621094,500.0750122070313,499.9100036621094,500.0199890136719,4615
2026-04-09 19:05:00+00:00,500.1299133300781,500.1299133300781,499.5899963378906,499.5899963378906,1755
2026-04-09 19:06:00+00:00,499.6400146484375,499.80999755859375,499.5,499.5,1027
2026-04-09 19:07:00+00:00,499.6919860839844,500.0299987792969,499.6919860839844,500.0299987792969,2083
2026-04-09 19:08:00+00:00,500.0700073242187,500.1098937988281,499.8800048828125,499.8800048828125,2599
2026-04-09 19:09:00+00:00,499.9049987792969,500.25,499.9049987792969,500.25,2989
2026-04-09 19:10:00+00:00,500.2749938964844,500.2749938964844,500.2749938964844,500.2749938964844,265
2026-04-09 19:11:00+00:00,500.2999877929687,500.4599914550781,500.0101013183594,500.3699951171875,4316
2026-04-09 19:12:00+00:00,500.2999877929687,500.4599914550781,500.2550048828125,500.4599914550781,7642
2026-04-09 19:13:00+00:00,500.2550048828125,500.7099914550781,500.2550048828125,500.7019958496094,5057
2026-04-09 19:14:00+00:00,500.5899963378906,500.8200073242187,500.5899963378906,500.7000122070313,5457
2026-04-09 19:15:00+00:00,500.8200073242187,500.9299926757813,500.8200073242187,500.8200073242187,2672
2026-04-09 19:16:00+00:00,500.8200073242187,500.9400024414063,500.6900024414063,500.7300109863281,10617
2026-04-09 19:17:00+00:00,500.9299926757813,501.6700134277344,500.7999877929687,501.3399963378906,9193
2026-04-09 19:18:00+00:00,501.0199890136719,501.4400024414063,501.0199890136719,501.0300903320313,4832
2026-04-09 19:19:00+00:00,501.2956848144531,501.6199951171875,501.0299987792969,501.1300048828125,4675
2026-04-09 19:20:00+00:00,501.1400146484375,501.2799987792969,500.9299926757813,501.239990234375,3193
2026-04-09 19:21:00+00:00,501.1199951171875,501.3500061035156,500.9100036621094,500.9100036621094,7881
2026-04-09 19:22:00+00:00,500.9400024414063,501.0700073242187,500.7900085449219,501.0499877929687,4476
2026-04-09 19:23:00+00:00,501.1400146484375,501.1499938964844,500.9100036621094,501.0499877929687,6818
2026-04-09 19:24:00+00:00,501.1400146484375,501.239990234375,500.9599914550781,501.0174865722656,4195
2026-04-09 19:25:00+00:00,501.2000122070313,501.3500061035156,501.1199951171875,501.3500061035156,7462
2026-04-09 19:26:00+00:00,501.4200134277344,501.4200134277344,501.2999877929687,501.3175048828125,3662
2026-04-09 19:27:00+00:00,501.3500061035156,501.7199096679687,501.2799987792969,501.5,10115
2026-04-09 19:28:00+00:00,501.5,501.7200012207031,501.3999938964844,501.5050048828125,4686
2026-04-09 19:29:00+00:00,501.5400085449219,501.5400085449219,501.135009765625,501.2049865722656,6042
2026-04-09 19:30:00+00:00,501.239990234375,501.4100036621094,501.1650085449219,501.25,8859
2026-04-09 19:31:00+00:00,501.25,501.5199890136719,500.7999877929687,500.8949890136719,13690
2026-04-09 19:32:00+00:00,501.0750122070313,501.75,501.0750122070313,501.75,18061
2026-04-09 19:33:00+00:00,501.8049926757813,502.1400146484375,501.8049926757813,502.0150146484375,4658
2026-04-09 19:34:00+00:00,502.2799987792969,502.2799987792969,502.0199890136719,502.0499877929687,5244
2026-04-09 19:35:00+00:00,501.9168090820313,503.0,501.9168090820313,502.989990234375,9728
2026-04-09 19:36:00+00:00,502.875,502.875,502.2626037597656,502.5150146484375,6595
2026-04-09 19:37:00+00:00,502.4400024414063,502.739990234375,502.2699890136719,502.2699890136719,6643
2026-04-09 19:38:00+00:00,502.2200012207031,502.3699951171875,501.80999755859375,502.1650085449219,4385
2026-04-09 19:39:00+00:00,502.3299865722656,502.375,502.0700073242187,502.1799926757813,12429
2026-04-09 19:40:00+00:00,502.3800048828125,502.3900146484375,502.0899963378906,502.135009765625,7250
2026-04-09 19:41:00+00:00,502.4700012207031,502.4800109863281,502.0899963378906,502.0899963378906,2898
2026-04-09 19:42:00+00:00,501.9901123046875,502.3900146484375,501.9901123046875,502.1749877929687,8462
2026-04-09 19:43:00+00:00,502.1799926757813,502.18499755859375,501.8299865722656,501.9299926757813,5022
2026-04-09 19:44:00+00:00,502.0,502.2799987792969,501.8200073242187,501.8299865722656,22537
2026-04-09 19:45:00+00:00,501.9967956542969,502.2578125,501.0499877929687,501.3599853515625,5512
2026-04-09 19:46:00+00:00,501.3399963378906,501.4425048828125,500.3800964355469,500.7999877929687,5608
2026-04-09 19:47:00+00:00,500.7401123046875,501.3699951171875,500.7401123046875,501.24749755859375,4521
2026-04-09 19:48:00+00:00,501.2149963378906,501.5075073242187,501.1235961914063,501.2449951171875,5206
2026-04-09 19:49:00+00:00,501.010009765625,501.3782958984375,500.9750061035156,501.0450134277344,4355
2026-04-09 19:50:00+00:00,501.3500061035156,501.7099914550781,501.0700073242187,501.3699951171875,7763
2026-04-09 19:51:00+00:00,501.6950073242187,502.20989990234375,501.5750122070313,501.7699890136719,21158
2026-04-09 19:52:00+00:00,501.9100036621094,501.9200134277344,501.2137145996094,501.3800048828125,17202
2026-04-09 19:53:00+00:00,501.3949890136719,501.3949890136719,500.9500122070313,500.9649963378906,4029
2026-04-09 19:54:00+00:00,500.8399963378906,501.2650146484375,500.68011474609375,501.2200012207031,20731
2026-04-09 19:55:00+00:00,500.6000061035156,501.30999755859375,500.0,500.2999877929687,12274
2026-04-09 19:56:00+00:00,500.3999938964844,500.5499877929687,500.1600036621094,500.3699951171875,14396
2026-04-09 19:57:00+00:00,500.05999755859375,501.0,500.05999755859375,500.8699951171875,25079
2026-04-09 19:58:00+00:00,500.885009765625,501.0199890136719,500.7000122070313,500.7550048828125,28173
2026-04-09 19:59:00+00:00,500.7900085449219,500.8699951171875,499.9700012207031,500.7200012207031,73129
2026-04-10 13:30:00+00:00,505.4700012207031,507.4500122070313,502.8999938964844,505.0,154798
2026-04-10 13:31:00+00:00,502.9100036621094,504.0,498.5400085449219,498.5400085449219,19982
2026-04-10 13:32:00+00:00,497.9682922363281,500.9599914550781,497.1900024414063,500.80999755859375,9750
2026-04-10 13:33:00+00:00,500.0199890136719,502.64990234375,499.5,501.8500061035156,14096
2026-04-10 13:34:00+00:00,501.5199890136719,501.8198852539063,499.4700012207031,500.239990234375,32758
2026-04-10 13:35:00+00:00,500.5849914550781,502.2999877929688,500.0,500.3662109375,33117
2026-04-10 13:36:00+00:00,500.1099853515625,501.0899963378906,499.5400085449219,501.0899963378906,50364
2026-04-10 13:37:00+00:00,501.0899963378906,502.7000122070313,500.1000061035156,502.7000122070313,16141
2026-04-10 13:38:00+00:00,502.26080322265625,502.6600036621094,498.239990234375,498.5899963378906,19772
2026-04-10 13:39:00+00:00,498.2799987792969,498.5899963378906,494.6000061035156,495.2000122070313,15142
2026-04-10 13:40:00+00:00,495.5199890136719,496.5899963378906,494.6900024414063,496.5899963378906,14731
2026-04-10 13:41:00+00:00,497.6900024414063,499.5899963378906,496.5849914550781,499.5899963378906,9983
2026-04-10 13:42:00+00:00,499.8800048828125,502.0050048828125,499.7000122070313,499.7000122070313,18927
2026-04-10 13:43:00+00:00,499.5650024414063,500.4249877929688,499.0,500.4249877929688,11843
2026-04-10 13:44:00+00:00,500.4249877929688,501.05999755859375,500.3999938964844,500.7999877929688,12914
2026-04-10 13:45:00+00:00,500.989990234375,502.8836059570313,500.8760070800781,501.6700134277344,23521
2026-04-10 13:46:00+00:00,501.7699890136719,504.0,501.7699890136719,503.5199890136719,24468
2026-04-10 13:47:00+00:00,503.55999755859375,504.6799926757813,501.9400024414063,501.9400024414063,20961
2026-04-10 13:48:00+00:00,502.1650085449219,504.04638671875,502.1650085449219,503.9500122070313,24030
2026-04-10 13:49:00+00:00,503.3999938964844,503.9500122070313,502.8999938964844,503.2190856933594,13017
2026-04-10 13:50:00+00:00,503.43499755859375,504.0799865722656,502.6449890136719,503.8450012207031,17037
2026-04-10 13:51:00+00:00,503.9599914550781,504.6900024414063,503.4599914550781,504.1300048828125,4619
2026-04-10 13:52:00+00:00,504.7999877929688,504.7999877929688,503.510009765625,503.6799926757813,12877
2026-04-10 13:53:00+00:00,503.18548583984375,505.0,503.18548583984375,504.510009765625,19448
2026-04-10 13:54:00+00:00,504.7999877929688,504.9800109863281,503.7174987792969,504.8363037109375,20498
2026-04-10 13:55:00+00:00,504.0499877929688,506.4200134277344,504.0499877929688,506.4200134277344,14772
2026-04-10 13:56:00+00:00,505.9100036621094,506.4800109863281,504.6300048828125,504.6300048828125,10283
2026-04-10 13:57:00+00:00,504.5899963378906,505.7799987792969,504.3800048828125,505.1600036621094,14427
2026-04-10 13:58:00+00:00,505.0,505.1700134277344,503.7741088867188,504.3550109863281,10006
2026-04-10 13:59:00+00:00,504.6300048828125,504.989990234375,504.1650085449219,504.62799072265625,3236
2026-04-10 14:00:00+00:00,504.2200012207031,504.510009765625,502.5499877929688,502.5499877929688,18751
2026-04-10 14:01:00+00:00,503.1000061035156,503.1000061035156,501.7900085449219,502.2900085449219,15593
2026-04-10 14:02:00+00:00,502.0199890136719,503.9800109863281,502.0199890136719,502.6799926757813,14703
2026-04-10 14:03:00+00:00,502.625,504.0,502.45709228515625,503.3450012207031,6509
2026-04-10 14:04:00+00:00,503.3349914550781,503.4400024414063,502.1749877929688,502.6700134277344,11121
2026-04-10 14:05:00+00:00,502.6700134277344,503.0549926757813,502.3900146484375,502.75,11621
2026-04-10 14:06:00+00:00,503.8299865722656,503.9299926757813,503.3550109863281,503.9299926757813,7263
2026-04-10 14:07:00+00:00,503.9198913574219,503.9198913574219,502.6499938964844,503.7049865722656,12442
2026-04-10 14:08:00+00:00,503.7200012207031,503.7200012207031,503.0700073242188,503.4100036621094,12073
2026-04-10 14:09:00+00:00,503.239990234375,503.239990234375,501.4400024414063,501.6400146484375,15312
2026-04-10 14:10:00+00:00,501.5150146484375,501.5150146484375,500.7774963378906,500.8392028808594,11063
2026-04-10 14:11:00+00:00,500.8550109863281,500.9500122070313,499.6199951171875,500.2000122070313,37129
2026-04-10 14:12:00+00:00,500.1950073242188,500.9400024414063,500.1950073242188,500.9150085449219,7124
2026-04-10 14:13:00+00:00,501.4100036621094,501.9798889160156,500.9700012207031,500.9700012207031,6658
2026-04-10 14:14:00+00:00,500.9599914550781,501.2799987792969,500.0,501.2799987792969,21690
2026-04-10 14:15:00+00:00,501.7200012207031,501.9599914550781,501.18011474609375,501.24420166015625,6159
2026-04-10 14:16:00+00:00,501.7099914550781,502.2200012207031,501.3299865722656,501.9700012207031,15111
2026-04-10 14:17:00+00:00,501.9700012207031,501.9700012207031,500.8299865722656,501.9200134277344,11252
2026-04-10 14:18:00+00:00,501.7550048828125,501.760009765625,501.7550048828125,501.760009765625,1479
2026-04-10 14:19:00+00:00,501.3399963378906,502.3800048828125,501.3399963378906,502.3800048828125,5308
2026-04-10 14:20:00+00:00,502.7099914550781,503.7398986816406,502.67779541015625,502.9299926757813,8303
2026-04-10 14:21:00+00:00,502.8450012207031,502.8450012207031,502.0700073242188,502.5950012207031,10191
2026-04-10 14:22:00+00:00,503.0400085449219,503.1099853515625,502.4500122070313,502.4500122070313,5185
2026-04-10 14:23:00+00:00,502.010009765625,503.1799926757813,501.4549865722656,503.0299987792969,17167
2026-04-10 14:24:00+00:00,503.2123107910156,503.2123107910156,502.090087890625,502.4500122070313,5134
2026-04-10 14:25:00+00:00,502.4500122070313,502.4500122070313,501.5,501.5450134277344,8991
2026-04-10 14:26:00+00:00,501.5,501.5,499.8653869628906,500.0249938964844,28298
2026-04-10 14:27:00+00:00,500.0299987792969,500.4299011230469,499.0299987792969,499.05999755859375,10947
2026-04-10 14:28:00+00:00,499.4599914550781,499.9898986816406,499.4599914550781,499.7749938964844,4337
2026-04-10 14:29:00+00:00,499.7749938964844,500.4299926757813,499.7749938964844,500.4119873046875,11759
2026-04-10 14:30:00+00:00,500.2200927734375,500.9699096679688,499.7900085449219,500.9699096679688,24942
2026-04-10 14:31:00+00:00,500.9150085449219,501.3599853515625,500.3699951171875,500.3699951171875,5945
2026-04-10 14:32:00+00:00,500.5,500.7898864746094,499.0499877929688,499.0499877929688,4720
2026-04-10 14:33:00+00:00,499.5799865722656,499.5799865722656,499.4949951171875,499.5400085449219,3031
2026-04-10 14:34:00+00:00,499.489990234375,499.60888671875,499.1300964355469,499.55999755859375,2855
2026-04-10 14:35:00+00:00,499.55999755859375,500.30999755859375,499.22650146484375,499.8150024414063,36473
2026-04-10 14:36:00+00:00,499.739990234375,500.1300048828125,499.5899963378906,499.864990234375,15122
2026-04-10 14:37:00+00:00,499.6799926757813,499.9100036621094,499.1500854492188,499.8125,17080
2026-04-10 14:38:00+00:00,499.760009765625,500.010009765625,499.4700012207031,499.7900085449219,7775
2026-04-10 14:39:00+00:00,499.8349914550781,499.8775024414063,499.5799865722656,499.5799865722656,3427
2026-04-10 14:40:00+00:00,499.2999877929688,499.9700012207031,499.2999877929688,499.6549987792969,4159
2026-04-10 14:41:00+00:00,499.80999755859375,500.1300048828125,499.3001098632813,500.0700073242188,18802
2026-04-10 14:42:00+00:00,500.0799865722656,501.0,499.3399963378906,499.552490234375,23428
2026-04-10 14:43:00+00:00,500.7149963378906,501.1199951171875,500.7000122070313,501.0799865722656,2864
2026-04-10 14:44:00+00:00,501.3599853515625,502.0,501.2999877929688,501.489990234375,8813
2026-04-10 14:45:00+00:00,500.9500122070313,501.0700073242188,500.6600036621094,500.9700012207031,10323
2026-04-10 14:46:00+00:00,501.0700073242188,501.6600036621094,501.0700073242188,501.6600036621094,4799
2026-04-10 14:47:00+00:00,501.6600036621094,501.9898986816406,500.989990234375,501.7999877929688,7267
2026-04-10 14:48:00+00:00,501.260009765625,501.4800109863281,501.260009765625,501.3707885742188,1412
2026-04-10 14:49:00+00:00,501.1700134277344,501.2000122070313,500.6700134277344,500.6700134277344,4594
2026-04-10 14:50:00+00:00,500.8900146484375,501.3599853515625,500.75,501.3399963378906,13498
2026-04-10 14:51:00+00:00,501.3699951171875,501.7900085449219,500.75,501.7900085449219,9849
2026-04-10 14:52:00+00:00,501.2349853515625,501.2349853515625,501.2349853515625,501.2349853515625,2723
2026-04-10 14:53:00+00:00,502.1600036621094,502.1600036621094,502.0400085449219,502.0400085449219,1964
2026-04-10 14:54:00+00:00,501.7999877929688,502.2099914550781,501.7999877929688,501.9200134277344,5763
2026-04-10 14:55:00+00:00,501.739990234375,502.0299987792969,501.6199951171875,502.0299987792969,2884
2026-04-10 14:56:00+00:00,502.4200134277344,502.489990234375,502.260009765625,502.260009765625,2690
2026-04-10 14:57:00+00:00,502.2550048828125,502.5,501.3800048828125,501.5499877929688,6924
2026-04-10 14:58:00+00:00,501.6900024414063,502.25,501.6900024414063,502.0499877929688,1810
2026-04-10 14:59:00+00:00,501.7900085449219,502.5249938964844,501.7900085449219,502.5249938964844,6310
2026-04-10 15:00:00+00:00,503.0,503.0,502.239990234375,502.4251098632813,3215
2026-04-10 15:01:00+00:00,502.30999755859375,502.30999755859375,502.0549926757813,502.0549926757813,1868
2026-04-10 15:02:00+00:00,501.8800048828125,502.2950134277344,501.8800048828125,502.2950134277344,1580
2026-04-10 15:03:00+00:00,502.7000122070313,502.7499084472656,501.6799926757813,501.6799926757813,6009
2026-04-10 15:04:00+00:00,501.8200073242188,501.8200073242188,499.8399963378906,500.5499877929688,13488
2026-04-10 15:05:00+00:00,500.5499877929688,501.3999938964844,500.0801086425781,501.3999938964844,5629
2026-04-10 15:06:00+00:00,501.0174865722656,501.2153015136719,500.9849853515625,500.9849853515625,2800
2026-04-10 15:07:00+00:00,500.989990234375,501.6199951171875,500.5899963378906,501.2799987792969,6256
2026-04-10 15:08:00+00:00,501.510009765625,501.510009765625,501.2999877929688,501.2999877929688,2563
2026-04-10 15:09:00+00:00,501.090087890625,501.2850036621094,501.0899963378906,501.1799926757813,5135
2026-04-10 15:10:00+00:00,501.0509948730469,501.385009765625,499.7749938964844,499.9500122070313,7767
2026-04-10 15:11:00+00:00,499.989990234375,500.8500061035156,499.989990234375,500.8500061035156,6384
2026-04-10 15:12:00+00:00,500.2950134277344,500.8800048828125,500.2950134277344,500.7650146484375,3784
2026-04-10 15:13:00+00:00,501.4100036621094,501.4100036621094,500.760009765625,500.8349914550781,2116
2026-04-10 15:14:00+00:00,500.7200012207031,501.4700012207031,500.7200012207031,501.3500061035156,5327
2026-04-10 15:15:00+00:00,501.6300048828125,502.3299865722656,501.6300048828125,502.2349853515625,4769
2026-04-10 15:16:00+00:00,502.4237060546875,502.6900024414063,501.8299865722656,502.114990234375,4782
2026-04-10 15:17:00+00:00,502.3699951171875,502.6799926757813,502.3599853515625,502.3999938964844,1758
2026-04-10 15:18:00+00:00,502.1000061035156,502.6900024414063,501.7900085449219,502.5,7958
2026-04-10 15:19:00+00:00,501.7099914550781,503.2300109863281,501.7099914550781,502.7900085449219,16925
2026-04-10 15:20:00+00:00,502.6083068847656,503.1199951171875,502.6083068847656,503.1199951171875,1001
2026-04-10 15:21:00+00:00,502.9800109863281,503.2699890136719,502.9700012207031,503.0199890136719,5592
2026-04-10 15:22:00+00:00,503.1300048828125,503.55999755859375,503.1300048828125,503.55999755859375,10483
2026-04-10 15:23:00+00:00,503.7799987792969,504.7250061035156,503.4200134277344,504.4849853515625,12253
2026-04-10 15:24:00+00:00,504.6000061035156,504.6000061035156,504.5,504.5,1408
2026-04-10 15:25:00+00:00,504.5450134277344,504.8789978027344,503.4346008300781,503.68499755859375,8889
2026-04-10 15:26:00+00:00,503.6900024414063,503.88909912109375,503.1300964355469,503.5050048828125,6281
2026-04-10 15:27:00+00:00,503.2099914550781,503.8200073242188,503.2099914550781,503.760009765625,5921
2026-04-10 15:28:00+00:00,503.5150146484375,503.7999877929688,503.0,503.4700012207031,10629
2026-04-10 15:29:00+00:00,503.1799926757813,504.5499877929688,502.8800048828125,503.8299865722656,20023
2026-04-10 15:30:00+00:00,504.5799865722656,505.8699951171875,504.5799865722656,505.7449951171875,32027
2026-04-10 15:31:00+00:00,505.510009765625,505.510009765625,504.6610107421875,504.8200073242188,7445
2026-04-10 15:32:00+00:00,504.93499755859375,504.93499755859375,503.8599853515625,504.1549987792969,3598
2026-04-10 15:33:00+00:00,504.2650146484375,504.6400146484375,504.2650146484375,504.2749938964844,1973
2026-04-10 15:34:00+00:00,504.1900024414063,505.6749877929688,504.1900024414063,505.6749877929688,8223
2026-04-10 15:35:00+00:00,505.6749877929688,506.0499877929688,505.5499877929688,505.5499877929688,9643
2026-04-10 15:36:00+00:00,505.4302978515625,505.6650085449219,504.3699951171875,504.3699951171875,5533
2026-04-10 15:37:00+00:00,504.5758972167969,505.0498962402344,503.3500061035156,503.7200012207031,28087
2026-04-10 15:38:00+00:00,503.9849853515625,503.9849853515625,502.5300903320313,503.05999755859375,9498
2026-04-10 15:39:00+00:00,503.0199890136719,503.0199890136719,502.989990234375,502.989990234375,1165
2026-04-10 15:40:00+00:00,502.5700073242188,502.80999755859375,501.9100036621094,502.80999755859375,16455
2026-04-10 15:41:00+00:00,502.7650146484375,503.1650085449219,502.0,502.2699890136719,18009
2026-04-10 15:42:00+00:00,502.7200012207031,502.7200012207031,502.4100036621094,502.4100036621094,2572
2026-04-10 15:43:00+00:00,502.6950073242188,502.6950073242188,502.6950073242188,502.6950073242188,1345
2026-04-10 15:44:00+00:00,502.8399963378906,503.1000061035156,502.3699951171875,503.1000061035156,2838
2026-04-10 15:45:00+00:00,503.2099914550781,503.3699951171875,503.2099914550781,503.2650146484375,3786
2026-04-10 15:46:00+00:00,503.3250122070313,503.4849853515625,502.3699951171875,502.3699951171875,6240
2026-04-10 15:47:00+00:00,501.989990234375,502.8800048828125,501.8599853515625,502.8800048828125,2810
2026-04-10 15:48:00+00:00,502.5799865722656,502.9599914550781,502.510009765625,502.9299926757813,2992
2026-04-10 15:49:00+00:00,502.1799926757813,502.8116149902344,502.1799926757813,502.8116149902344,3696
2026-04-10 15:50:00+00:00,503.0899963378906,503.4078063964844,502.7999877929688,502.8999938964844,3309
2026-04-10 15:51:00+00:00,502.9800109863281,503.1300048828125,502.9800109863281,503.0499877929688,882
2026-04-10 15:52:00+00:00,503.2000122070313,503.3999938964844,502.989990234375,503.1950073242188,3832
2026-04-10 15:53:00+00:00,503.4400024414063,503.4500122070313,502.7349853515625,502.7349853515625,7494
2026-04-10 15:54:00+00:00,502.8450012207031,502.9700012207031,502.55999755859375,502.5700073242188,3615
2026-04-10 15:55:00+00:00,502.739990234375,502.9800109863281,502.739990234375,502.75,1557
2026-04-10 15:56:00+00:00,502.9750061035156,503.7200012207031,501.9953918457031,502.4249877929688,15160
2026-04-10 15:57:00+00:00,501.7900085449219,501.8598937988281,500.7999877929688,500.8800048828125,5665
2026-04-10 15:58:00+00:00,501.75,502.5534973144531,501.3999938964844,501.3999938964844,12382
2026-04-10 15:59:00+00:00,501.6499938964844,502.0899963378906,501.3200073242188,502.0899963378906,2979
2026-04-10 16:00:00+00:00,502.2000122070313,502.4400024414063,501.5849914550781,501.7099914550781,10146
2026-04-10 16:01:00+00:00,501.4500122070313,501.5350036621094,501.30999755859375,501.30999755859375,2272
2026-04-10 16:02:00+00:00,501.0700073242188,502.3299865722656,501.0700073242188,502.3299865722656,7176
2026-04-10 16:03:00+00:00,502.510009765625,502.510009765625,501.7500915527344,501.8301086425781,3488
2026-04-10 16:04:00+00:00,501.8900146484375,501.8999938964844,501.1799926757813,501.7000122070313,6111
2026-04-10 16:05:00+00:00,501.9500122070313,502.5700073242188,501.9500122070313,502.55999755859375,1973
2026-04-10 16:06:00+00:00,502.6000061035156,502.6499938964844,501.7699890136719,501.9400024414063,4302
2026-04-10 16:07:00+00:00,501.6300048828125,501.9150085449219,501.2900085449219,501.9150085449219,2296
2026-04-10 16:08:00+00:00,502.5400085449219,502.5400085449219,502.0,502.5,5169
2026-04-10 16:09:00+00:00,502.5400085449219,502.55999755859375,501.8599853515625,501.8599853515625,4545
2026-04-10 16:10:00+00:00,502.0700073242188,502.9800109863281,502.0700073242188,502.9800109863281,2091
2026-04-10 16:11:00+00:00,503.1600036621094,503.1600036621094,503.1050109863281,503.114990234375,1091
2026-04-10 16:12:00+00:00,502.989990234375,502.989990234375,502.5650024414063,502.5650024414063,4083
2026-04-10 16:13:00+00:00,502.5,503.3908081054688,502.4500122070313,503.1050109863281,2819
2026-04-10 16:14:00+00:00,502.8416137695313,503.2799987792969,502.340087890625,502.3699951171875,5518
2026-04-10 16:15:00+00:00,502.3800048828125,502.3800048828125,501.3299865722656,502.239990234375,1709
2026-04-10 16:16:00+00:00,502.4150085449219,503.4200134277344,502.4150085449219,503.4200134277344,1375
2026-04-10 16:17:00+00:00,502.9500122070313,503.4700012207031,502.9500122070313,503.0450134277344,4140
2026-04-10 16:18:00+00:00,502.6700134277344,503.2799987792969,502.1799926757813,502.1799926757813,4423
2026-04-10 16:19:00+00:00,502.5849914550781,502.5849914550781,502.1300048828125,502.1300048828125,2809
2026-04-10 16:20:00+00:00,501.8699951171875,501.8699951171875,501.7099914550781,501.7099914550781,1858
2026-04-10 16:21:00+00:00,501.8150024414063,501.8150024414063,501.4599914550781,501.4599914550781,1969
2026-04-10 16:22:00+00:00,501.7449951171875,501.75,501.7449951171875,501.75,2084
2026-04-10 16:23:00+00:00,502.3450012207031,502.55999755859375,502.3399963378906,502.3450012207031,1567
2026-04-10 16:24:00+00:00,502.3450012207031,502.3450012207031,502.2149963378906,502.2449951171875,784
2026-04-10 16:25:00+00:00,502.2900085449219,502.3049926757813,502.1000061035156,502.1000061035156,1787
2026-04-10 16:26:00+00:00,502.0899963378906,502.5,502.0899963378906,502.5,5506
2026-04-10 16:27:00+00:00,502.6199951171875,502.625,502.3299865722656,502.3299865722656,2673
2026-04-10 16:28:00+00:00,502.1600036621094,502.4549865722656,502.0499877929688,502.2900085449219,6763
2026-04-10 16:29:00+00:00,502.2099914550781,502.239990234375,502.2099914550781,502.239990234375,1026
2026-04-10 16:30:00+00:00,502.639892578125,502.6400146484375,502.4500122070313,502.4500122070313,2131
2026-04-10 16:31:00+00:00,502.3200073242188,502.5450134277344,502.125,502.5450134277344,3442
2026-04-10 16:32:00+00:00,502.739990234375,503.3276062011719,502.4700012207031,503.0299987792969,24807
2026-04-10 16:33:00+00:00,502.610107421875,503.0199890136719,502.1900024414063,502.1900024414063,3184
2026-04-10 16:34:00+00:00,502.2099914550781,502.8999938964844,502.0499877929688,502.8999938964844,10823
2026-04-10 16:35:00+00:00,502.5799865722656,503.7099914550781,502.5799865722656,503.7099914550781,5907
2026-04-10 16:36:00+00:00,503.7099914550781,503.7099914550781,502.6675109863281,502.875,1989
2026-04-10 16:37:00+00:00,502.8999938964844,503.1499938964844,502.6099853515625,502.9800109863281,3396
2026-04-10 16:38:00+00:00,502.9849853515625,502.9849853515625,502.6099853515625,502.6099853515625,2941
2026-04-10 16:39:00+00:00,502.5849914550781,502.5849914550781,502.5199890136719,502.5199890136719,603
2026-04-10 16:40:00+00:00,502.7096862792969,503.0,502.1600036621094,502.1600036621094,5851
2026-04-10 16:41:00+00:00,502.0499877929688,502.1600036621094,502.0499877929688,502.1099853515625,5131
2026-04-10 16:42:00+00:00,502.4200134277344,502.4200134277344,502.010009765625,502.05999755859375,1753
2026-04-10 16:43:00+00:00,502.4700012207031,502.4700012207031,502.135009765625,502.4200134277344,1923
2026-04-10 16:44:00+00:00,502.7898864746094,502.7898864746094,502.0,502.1600036621094,4075
2026-04-10 16:45:00+00:00,502.55999755859375,502.760009765625,502.1600036621094,502.364990234375,3739
2026-04-10 16:46:00+00:00,502.7900085449219,502.7900085449219,502.7900085449219,502.7900085449219,677
2026-04-10 16:47:00+00:00,503.4331970214844,503.6900024414063,503.135009765625,503.1449890136719,2286
2026-04-10 16:48:00+00:00,502.7999877929688,503.1650085449219,502.739990234375,503.1650085449219,1759
2026-04-10 16:49:00+00:00,503.0232849121094,503.5499877929688,502.9601135253906,503.5499877929688,3390
2026-04-10 16:50:00+00:00,503.6499938964844,504.2699890136719,503.2699890136719,503.2699890136719,11332
2026-04-10 16:51:00+00:00,503.9168090820313,503.9168090820313,502.4400024414063,502.864990234375,2866
2026-04-10 16:52:00+00:00,503.2471008300781,503.2471008300781,502.1700134277344,502.510009765625,7597
2026-04-10 16:53:00+00:00,502.8399963378906,503.3900146484375,502.8399963378906,502.8900146484375,3697
2026-04-10 16:54:00+00:00,503.2099914550781,503.260009765625,503.2099914550781,503.260009765625,480
2026-04-10 16:55:00+00:00,503.0,503.2601013183594,503.0,503.260009765625,1725
2026-04-10 16:56:00+00:00,503.5299987792969,503.5299987792969,503.5299987792969,503.5299987792969,2423
2026-04-10 16:57:00+00:00,503.3399963378906,503.489990234375,502.9700012207031,503.1400146484375,2235
2026-04-10 16:58:00+00:00,503.27239990234375,503.5400085449219,502.760009765625,503.5400085449219,7682
2026-04-10 16:59:00+00:00,503.5,503.9100036621094,503.5,503.8399963378906,1323
2026-04-10 17:00:00+00:00,504.0799865722656,504.0799865722656,503.4700012207031,503.8299865722656,1167
2026-04-10 17:01:00+00:00,504.0700073242188,504.1799926757813,503.8900146484375,504.0249938964844,7255
2026-04-10 17:02:00+00:00,504.0350036621094,504.1300048828125,503.5700073242188,503.760009765625,6428
2026-04-10 17:03:00+00:00,503.9800109863281,504.4400024414063,503.9800109863281,504.4400024414063,4734
2026-04-10 17:04:00+00:00,504.0499877929688,504.2799987792969,504.0499877929688,504.1099853515625,2807
2026-04-10 17:05:00+00:00,504.0299987792969,504.4999084472656,503.9500122070313,503.9500122070313,1556
2026-04-10 17:06:00+00:00,503.9700012207031,504.0191040039063,503.625,503.625,3391
2026-04-10 17:07:00+00:00,503.5700073242188,503.80999755859375,503.55999755859375,503.80999755859375,4222
2026-04-10 17:08:00+00:00,504.1000061035156,504.1000061035156,504.010009765625,504.0299987792969,6796
2026-04-10 17:09:00+00:00,504.2300109863281,504.5,504.2099914550781,504.5,3020
2026-04-10 17:10:00+00:00,504.3599853515625,504.4849853515625,503.8299865722656,504.1000061035156,2762
2026-04-10 17:11:00+00:00,504.0899963378906,504.1640930175781,503.5849914550781,503.5849914550781,2659
2026-04-10 17:12:00+00:00,503.7900085449219,503.7900085449219,503.4800109863281,503.4800109863281,751
2026-04-10 17:13:00+00:00,503.8250122070313,503.8949890136719,503.8250122070313,503.8949890136719,857
2026-04-10 17:14:00+00:00,504.1300048828125,504.5199890136719,504.1300048828125,504.375,4471
2026-04-10 17:15:00+00:00,504.9999084472656,504.9999084472656,504.6700134277344,504.6950073242188,2658
2026-04-10 17:16:00+00:00,504.6950073242188,504.6950073242188,504.3900146484375,504.3900146484375,2479
2026-04-10 17:17:00+00:00,504.3800048828125,505.614990234375,504.3800048828125,505.614990234375,21580
2026-04-10 17:18:00+00:00,505.5899963378906,505.614990234375,504.5799865722656,505.3150939941406,5751
2026-04-10 17:19:00+00:00,505.3949890136719,505.3949890136719,505.364990234375,505.364990234375,1535
2026-04-10 17:20:00+00:00,505.239990234375,505.239990234375,504.7799987792969,504.7799987792969,2802
2026-04-10 17:21:00+00:00,504.9800109863281,505.1400146484375,504.9800109863281,505.1400146484375,1888
2026-04-10 17:22:00+00:00,505.2349853515625,505.2349853515625,504.385009765625,504.385009765625,5291
2026-04-10 17:23:00+00:00,504.1600036621094,505.0,504.1600036621094,504.3999938964844,1488
2026-04-10 17:24:00+00:00,504.1600036621094,504.5752868652344,504.1600036621094,504.510009765625,2482
2026-04-10 17:25:00+00:00,505.3800048828125,505.3800048828125,505.0,505.1300048828125,2236
2026-04-10 17:26:00+00:00,505.7815856933594,505.94970703125,505.6650085449219,505.94970703125,928
2026-04-10 17:27:00+00:00,505.7200012207031,505.7900085449219,505.510009765625,505.510009765625,3858
2026-04-10 17:28:00+00:00,505.4800109863281,505.5299987792969,505.4800109863281,505.5299987792969,732
2026-04-10 17:29:00+00:00,505.4599914550781,506.3210144042969,505.4599914550781,506.2300109863281,14155
2026-04-10 17:30:00+00:00,505.9400024414063,506.6484069824219,505.9400024414063,506.3200073242188,4259
2026-04-10 17:31:00+00:00,506.3550109863281,507.0,506.3049926757813,506.9599914550781,2743
2026-04-10 17:32:00+00:00,507.0,507.3799133300781,506.8399963378906,507.0400085449219,6344
2026-04-10 17:33:00+00:00,507.0249938964844,507.0899963378906,506.7999877929688,506.9400024414063,1723
2026-04-10 17:34:00+00:00,507.4100036621094,507.4614868164063,506.9500122070313,506.9500122070313,6257
2026-04-10 17:35:00+00:00,506.6300048828125,507.0350036621094,506.6300048828125,506.9200134277344,2163
2026-04-10 17:36:00+00:00,507.1099853515625,507.260009765625,506.7301025390625,507.0299987792969,4689
2026-04-10 17:37:00+00:00,507.0350036621094,507.364990234375,506.8399963378906,507.364990234375,3493
2026-04-10 17:38:00+00:00,507.3699951171875,508.0,506.9800109863281,506.9800109863281,8914
2026-04-10 17:39:00+00:00,506.6400146484375,507.3599853515625,506.6400146484375,507.3599853515625,711
2026-04-10 17:40:00+00:00,507.1275024414063,507.6000061035156,507.1050109863281,507.5700073242188,9402
2026-04-10 17:41:00+00:00,507.625,507.7000122070313,507.4599914550781,507.5650024414063,4525
2026-04-10 17:42:00+00:00,507.5700073242188,507.6499938964844,507.2049865722656,507.4949951171875,7879
2026-04-10 17:43:00+00:00,507.8200073242188,507.9700012207031,507.5101013183594,507.8450012207031,3009
2026-04-10 17:44:00+00:00,507.8599853515625,508.0,507.5199890136719,507.739990234375,5533
2026-04-10 17:45:00+00:00,507.30999755859375,507.3200073242188,506.8290100097656,506.8500061035156,5571
2026-04-10 17:46:00+00:00,506.7999877929688,507.30999755859375,506.789794921875,507.30999755859375,1799
2026-04-10 17:47:00+00:00,507.3099060058594,507.4500122070313,507.0499877929688,507.4500122070313,3370
2026-04-10 17:48:00+00:00,507.1799926757813,507.5133056640625,507.1799926757813,507.3049926757813,1996
2026-04-10 17:49:00+00:00,507.1900024414063,507.1900024414063,506.8200073242188,506.9400024414063,2725
2026-04-10 17:50:00+00:00,507.1050109863281,507.5499877929688,507.1050109863281,507.5499877929688,1901
2026-04-10 17:51:00+00:00,507.510009765625,507.7000122070313,507.510009765625,507.7000122070313,6628
2026-04-10 17:52:00+00:00,507.4400024414063,507.4400024414063,507.2900085449219,507.30999755859375,7755
2026-04-10 17:53:00+00:00,507.2799987792969,507.2799987792969,507.2799987792969,507.2799987792969,385
2026-04-10 17:54:00+00:00,507.6700134277344,507.7000122070313,507.3900146484375,507.6050109863281,1138
2026-04-10 17:55:00+00:00,507.6050109863281,508.4898986816406,507.375,507.375,32734
2026-04-10 17:56:00+00:00,507.7322998046875,508.1116027832031,507.7322998046875,508.1116027832031,788
2026-04-10 17:57:00+00:00,507.739990234375,508.1900024414063,507.739990234375,508.1900024414063,3074
2026-04-10 17:58:00+00:00,507.8699951171875,507.875,507.5499877929688,507.5499877929688,3073
2026-04-10 17:59:00+00:00,507.80999755859375,507.80999755859375,507.7749938964844,507.7749938964844,3692
2026-04-10 18:00:00+00:00,508.0400085449219,508.4999084472656,507.9599914550781,508.4999084472656,2544
2026-04-10 18:01:00+00:00,507.9800109863281,507.9800109863281,507.1000061035156,507.1000061035156,3863
2026-04-10 18:02:00+00:00,507.114990234375,507.4400024414063,507.05999755859375,507.05999755859375,3176
2026-04-10 18:03:00+00:00,506.8900146484375,506.8900146484375,506.6099853515625,506.6400146484375,4194
2026-04-10 18:04:00+00:00,506.635009765625,506.635009765625,506.635009765625,506.635009765625,1764
2026-04-10 18:05:00+00:00,506.3900146484375,506.3900146484375,506.010009765625,506.010009765625,5536
2026-04-10 18:06:00+00:00,506.0849914550781,506.4500122070313,506.0799865722656,506.0799865722656,3496
2026-04-10 18:07:00+00:00,506.1000061035156,506.1000061035156,505.8800048828125,505.8800048828125,1573
2026-04-10 18:08:00+00:00,505.7500915527344,506.1900024414063,505.7500915527344,505.9400024414063,6089
2026-04-10 18:09:00+00:00,506.1449890136719,506.1449890136719,505.8465881347656,506.1449890136719,1114
2026-04-10 18:10:00+00:00,505.8648986816406,506.1449890136719,505.8648986816406,506.1449890136719,1538
2026-04-10 18:11:00+00:00,505.9133911132813,506.489990234375,505.9133911132813,506.489990234375,7135
2026-04-10 18:12:00+00:00,506.5799865722656,506.5799865722656,506.2799987792969,506.2799987792969,2016
2026-04-10 18:13:00+00:00,506.2799987792969,506.4100036621094,506.1799926757813,506.3349914550781,7611
2026-04-10 18:14:00+00:00,506.3450012207031,506.364990234375,506.3450012207031,506.364990234375,1039
2026-04-10 18:15:00+00:00,506.364990234375,507.0899963378906,506.364990234375,506.989990234375,6431
2026-04-10 18:16:00+00:00,506.9200134277344,507.1799926757813,506.9200134277344,507.0,2106
2026-04-10 18:17:00+00:00,507.1900024414063,507.5,506.9400024414063,507.4049987792969,4736
2026-04-10 18:18:00+00:00,507.4249877929688,507.739990234375,506.9400024414063,506.9400024414063,4539
2026-04-10 18:19:00+00:00,507.239990234375,508.0,507.239990234375,507.8599853515625,3447
2026-04-10 18:20:00+00:00,508.0,509.385009765625,507.8800048828125,509.3800048828125,55307
2026-04-10 18:21:00+00:00,509.4999084472656,509.4999084472656,507.6900024414063,507.6900024414063,11433
2026-04-10 18:22:00+00:00,507.739990234375,507.739990234375,507.4299926757813,507.4299926757813,2198
2026-04-10 18:23:00+00:00,507.3999938964844,507.6799926757813,507.3999938964844,507.5350036621094,3693
2026-04-10 18:24:00+00:00,507.25,507.3599853515625,506.80999755859375,506.80999755859375,3004
2026-04-10 18:25:00+00:00,506.739990234375,507.239013671875,506.739990234375,507.239013671875,2131
2026-04-10 18:26:00+00:00,506.8500061035156,507.4377136230469,506.80999755859375,506.9700012207031,2952
2026-04-10 18:27:00+00:00,507.1199951171875,507.1900024414063,506.75,507.1900024414063,1872
2026-04-10 18:28:00+00:00,507.125,507.4800109863281,506.6499938964844,506.9599914550781,6267
2026-04-10 18:29:00+00:00,506.9700012207031,506.9700012207031,506.6300048828125,506.6300048828125,3218
2026-04-10 18:30:00+00:00,506.260009765625,506.7000122070313,506.0199890136719,506.375,4275
2026-04-10 18:31:00+00:00,506.3049926757813,506.3049926757813,506.3049926757813,506.3049926757813,498
2026-04-10 18:32:00+00:00,506.3049926757813,506.3049926757813,506.2749938964844,506.2749938964844,1955
2026-04-10 18:33:00+00:00,506.5799865722656,506.7699890136719,506.5799865722656,506.7699890136719,1679
2026-04-10 18:34:00+00:00,506.9700012207031,506.9700012207031,506.739990234375,506.760009765625,2748
2026-04-10 18:35:00+00:00,507.0199890136719,507.0199890136719,506.7699890136719,506.7699890136719,1626
2026-04-10 18:36:00+00:00,506.5501098632813,507.0400085449219,506.5501098632813,506.7000122070313,1911
2026-04-10 18:37:00+00:00,506.7900085449219,506.9700012207031,506.7699890136719,506.7699890136719,2513
2026-04-10 18:38:00+00:00,506.7699890136719,506.989990234375,506.5700073242188,506.989990234375,1810
2026-04-10 18:39:00+00:00,506.6799926757813,506.6799926757813,506.4949951171875,506.4949951171875,1517
2026-04-10 18:40:00+00:00,506.4249877929688,506.6199951171875,506.4249877929688,506.614990234375,7631
2026-04-10 18:41:00+00:00,506.4100036621094,506.4400024414063,506.239990234375,506.2799987792969,3442
2026-04-10 18:42:00+00:00,506.3399963378906,506.3399963378906,506.3399963378906,506.3399963378906,868
2026-04-10 18:43:00+00:00,506.2500915527344,506.7898864746094,506.2500915527344,506.5199890136719,1805
2026-04-10 18:44:00+00:00,506.5199890136719,506.760009765625,506.5199890136719,506.5400085449219,1071
2026-04-10 18:45:00+00:00,506.2900085449219,506.2900085449219,506.0501098632813,506.2000122070313,6994
2026-04-10 18:46:00+00:00,506.18499755859375,506.18499755859375,505.8250122070313,505.9599914550781,2414
2026-04-10 18:47:00+00:00,505.9599914550781,506.2499084472656,505.9599914550781,505.9800109863281,7991
2026-04-10 18:48:00+00:00,506.0499877929688,506.2200012207031,506.0499877929688,506.0799865722656,813
2026-04-10 18:49:00+00:00,506.0799865722656,506.0799865722656,505.6300048828125,505.75,3339
2026-04-10 18:50:00+00:00,505.8599853515625,506.0,505.8599853515625,506.0,1587
2026-04-10 18:51:00+00:00,505.9599914550781,506.0700073242188,505.9599914550781,506.0700073242188,2561
2026-04-10 18:52:00+00:00,506.0350036621094,506.2200012207031,506.0350036621094,506.0700073242188,3062
2026-04-10 18:53:00+00:00,505.9840087890625,506.25,505.9800109863281,505.9800109863281,5524
2026-04-10 18:54:00+00:00,506.0,506.114990234375,505.5169067382813,505.6099853515625,7975
2026-04-10 18:55:00+00:00,505.7799987792969,505.7799987792969,505.3699951171875,505.3699951171875,2856
2026-04-10 18:56:00+00:00,505.6199951171875,505.6199951171875,505.2799987792969,505.2799987792969,2847
2026-04-10 18:57:00+00:00,505.3999938964844,505.4100036621094,505.2099914550781,505.4100036621094,2032
2026-04-10 18:58:00+00:00,505.4100036621094,505.739990234375,505.4100036621094,505.739990234375,3684
2026-04-10 18:59:00+00:00,505.4599914550781,505.864990234375,505.4599914550781,505.864990234375,2529
2026-04-10 19:00:00+00:00,506.0,506.2950134277344,505.9700012207031,506.2000122070313,2458
2026-04-10 19:01:00+00:00,506.1400146484375,506.2200012207031,506.0700073242188,506.2200012207031,2810
2026-04-10 19:02:00+00:00,506.5499877929688,506.5499877929688,506.1499938964844,506.4599914550781,6663
2026-04-10 19:03:00+00:00,506.25,506.2699890136719,505.8200073242188,506.2099914550781,11585
2026-04-10 19:04:00+00:00,506.2000122070313,506.2250061035156,506.2000122070313,506.2250061035156,1262
2026-04-10 19:05:00+00:00,505.8399963378906,506.010009765625,505.80999755859375,505.80999755859375,922
2026-04-10 19:06:00+00:00,506.1900024414063,506.489990234375,505.9901123046875,506.0000915527344,10967
2026-04-10 19:07:00+00:00,506.0,506.0,505.239990234375,505.4100036621094,4663
2026-04-10 19:08:00+00:00,505.5199890136719,505.5199890136719,505.5199890136719,505.5199890136719,200
2026-04-10 19:09:00+00:00,505.5249938964844,505.9800109863281,505.3699951171875,505.8049926757813,5459
2026-04-10 19:10:00+00:00,505.989990234375,506.2099914550781,505.9800109863281,506.2099914550781,2875
2026-04-10 19:11:00+00:00,506.2099914550781,506.4500122070313,506.2099914550781,506.25,1727
2026-04-10 19:12:00+00:00,506.25,506.260009765625,505.5899963378906,505.9150085449219,7117
2026-04-10 19:13:00+00:00,505.9150085449219,506.05999755859375,505.5499877929688,505.7999877929688,5270
2026-04-10 19:14:00+00:00,505.8349914550781,505.8349914550781,505.2149963378906,505.3550109863281,6469
2026-04-10 19:15:00+00:00,505.3949890136719,505.3999938964844,505.1099853515625,505.3999938964844,1389
2026-04-10 19:16:00+00:00,505.3900146484375,505.3900146484375,504.7319946289063,505.0499877929688,9041
2026-04-10 19:17:00+00:00,505.0400085449219,505.2000122070313,504.93499755859375,505.1400146484375,4127
2026-04-10 19:18:00+00:00,505.2200012207031,506.0,505.2200012207031,506.0,6531
2026-04-10 19:19:00+00:00,505.9750061035156,506.2200012207031,505.9150085449219,506.1099853515625,3129
2026-04-10 19:20:00+00:00,505.93499755859375,505.9599914550781,505.7000122070313,505.7000122070313,4167
2026-04-10 19:21:00+00:00,505.4700012207031,505.760009765625,505.4700012207031,505.760009765625,974
2026-04-10 19:22:00+00:00,505.7449951171875,505.8200073242188,505.4100036621094,505.760009765625,11431
2026-04-10 19:23:00+00:00,505.7749938964844,506.0350036621094,505.7749938964844,506.0299987792969,2873
2026-04-10 19:24:00+00:00,506.0199890136719,506.0499877929688,505.7999877929688,505.8599853515625,8967
2026-04-10 19:25:00+00:00,505.8399963378906,506.0899963378906,505.7000122070313,505.8299865722656,17120
2026-04-10 19:26:00+00:00,505.6900024414063,505.989990234375,505.5899963378906,505.989990234375,7561
2026-04-10 19:27:00+00:00,506.05999755859375,506.1400146484375,505.5899963378906,506.1400146484375,6023
2026-04-10 19:28:00+00:00,505.8399963378906,505.989990234375,505.3500061035156,505.5350036621094,6432
2026-04-10 19:29:00+00:00,505.5199890136719,505.6900024414063,505.3299865722656,505.6050109863281,2266
2026-04-10 19:30:00+00:00,505.3699951171875,505.3699951171875,504.66009521484375,504.80999755859375,13396
2026-04-10 19:31:00+00:00,504.9100036621094,505.2200012207031,504.3500061035156,504.3500061035156,8424
2026-04-10 19:32:00+00:00,504.1300964355469,504.9649963378906,504.1300964355469,504.9649963378906,10921
2026-04-10 19:33:00+00:00,504.9400024414063,505.1600036621094,504.9400024414063,505.010009765625,5597
2026-04-10 19:34:00+00:00,505.125,505.1300048828125,504.9400024414063,504.9400024414063,14781
2026-04-10 19:35:00+00:00,505.0199890136719,505.0700073242188,504.9299926757813,504.9599914550781,7672
2026-04-10 19:36:00+00:00,504.9599914550781,505.2000122070313,504.8001098632813,504.9700012207031,10084
2026-04-10 19:37:00+00:00,505.0299987792969,505.0494995117188,504.4400024414063,504.4400024414063,7642
2026-04-10 19:38:00+00:00,504.7900085449219,504.9500122070313,504.4200134277344,504.7000122070313,7511
2026-04-10 19:39:00+00:00,504.4200134277344,504.4400024414063,503.6000061035156,504.2099914550781,20669
2026-04-10 19:40:00+00:00,504.2349853515625,504.2349853515625,503.6449890136719,503.6449890136719,7838
2026-04-10 19:41:00+00:00,503.5849914550781,503.7049865722656,503.4599914550781,503.510009765625,14637
2026-04-10 19:42:00+00:00,503.7099914550781,503.7099914550781,503.0899963378906,503.0899963378906,9947
2026-04-10 19:43:00+00:00,502.8399963378906,503.0799865722656,502.75,503.0799865722656,11063
2026-04-10 19:44:00+00:00,503.1344909667969,503.1344909667969,502.7799987792969,502.7799987792969,4340
2026-04-10 19:45:00+00:00,503.2300109863281,503.239990234375,502.4700012207031,502.7699890136719,12644
2026-04-10 19:46:00+00:00,502.7099914550781,502.7099914550781,502.4400024414063,502.5350036621094,8884
2026-04-10 19:47:00+00:00,502.7999877929688,502.8550109863281,502.6300048828125,502.6300048828125,6599
2026-04-10 19:48:00+00:00,502.5899963378906,502.9750061035156,502.4599914550781,502.9750061035156,13361
2026-04-10 19:49:00+00:00,502.9800109863281,503.1216125488281,502.8699951171875,503.1216125488281,9701
2026-04-10 19:50:00+00:00,503.239990234375,503.375,502.760009765625,503.2999877929688,18874
2026-04-10 19:51:00+00:00,503.1099853515625,503.1099853515625,502.6099853515625,502.9599914550781,9927
2026-04-10 19:52:00+00:00,502.8200073242188,503.0400085449219,502.5199890136719,503.0400085449219,23312
2026-04-10 19:53:00+00:00,503.239990234375,503.4299926757813,503.1000061035156,503.1000061035156,10344
2026-04-10 19:54:00+00:00,503.1199951171875,503.4700012207031,502.9200134277344,502.9200134277344,12474
2026-04-10 19:55:00+00:00,502.9649963378906,503.4100036621094,502.5611877441406,503.2799987792969,39550
2026-04-10 19:56:00+00:00,503.3599853515625,503.4299926757813,502.7650146484375,503.1300048828125,20491
2026-04-10 19:57:00+00:00,503.0499877929688,503.3550109863281,502.875,502.9100036621094,35510
2026-04-10 19:58:00+00:00,502.8500061035156,503.1199951171875,502.7099914550781,503.0400085449219,27602
2026-04-10 19:59:00+00:00,502.9249877929688,503.5,501.989990234375,503.3200073242188,73565
2026-04-13 13:30:00+00:00,500.0799865722656,503.1300048828125,498.010009765625,499.0199890136719,98113
2026-04-13 13:31:00+00:00,499.0199890136719,500.2049865722656,498.4849853515625,498.4849853515625,14397
2026-04-13 13:32:00+00:00,498.510009765625,500.7999877929688,497.4700012207031,500.7999877929688,20233
2026-04-13 13:33:00+00:00,499.989990234375,500.0,497.8550109863281,498.75,15359
2026-04-13 13:34:00+00:00,499.0899963378906,500.260009765625,498.239990234375,499.489990234375,16377
2026-04-13 13:35:00+00:00,499.4949951171875,501.0,498.3550109863281,501.0,19907
2026-04-13 13:36:00+00:00,501.9031982421875,501.9400024414063,498.7000122070313,498.7000122070313,12620
2026-04-13 13:37:00+00:00,499.5122985839844,501.489990234375,498.8049926757813,500.2550048828125,12985
2026-04-13 13:38:00+00:00,500.9750061035156,501.0,499.80999755859375,499.80999755859375,6977
2026-04-13 13:39:00+00:00,499.6000061035156,500.0899963378906,499.2999877929688,499.6799926757813,3508
2026-04-13 13:40:00+00:00,499.1889953613281,500.0499877929688,499.0,500.0499877929688,8706
2026-04-13 13:41:00+00:00,499.625,499.7000122070313,498.6499938964844,499.0498962402344,16323
2026-04-13 13:42:00+00:00,498.6300964355469,501.7799987792969,498.6300964355469,501.7349853515625,19154
2026-04-13 13:43:00+00:00,502.3299865722656,503.6998901367188,502.1300048828125,503.2650146484375,10988
2026-04-13 13:44:00+00:00,503.2650146484375,503.2650146484375,501.30999755859375,501.5750122070313,6682
2026-04-13 13:45:00+00:00,502.7699890136719,502.7699890136719,498.0,498.3550109863281,19061
2026-04-13 13:46:00+00:00,498.0299987792969,498.302001953125,496.010009765625,496.3450012207031,16302
2026-04-13 13:47:00+00:00,496.3399963378906,497.2000122070313,495.6500854492188,495.8700866699219,12187
2026-04-13 13:48:00+00:00,496.4249877929688,497.2000122070313,496.1000061035156,497.1749877929688,6901
2026-04-13 13:49:00+00:00,499.1499938964844,501.0509033203125,499.1499938964844,500.7950134277344,14757
2026-04-13 13:50:00+00:00,500.25,500.260009765625,499.1499938964844,500.0499877929688,8715
2026-04-13 13:51:00+00:00,499.9750061035156,499.9750061035156,498.4100036621094,499.4700012207031,14415
2026-04-13 13:52:00+00:00,500.0899963378906,500.0899963378906,500.0,500.0,5905
2026-04-13 13:53:00+00:00,500.1400146484375,500.7999877929688,499.4700012207031,500.7999877929688,6013
2026-04-13 13:54:00+00:00,500.7999877929688,503.0,499.9291076660156,503.0,13100
2026-04-13 13:55:00+00:00,502.9100036621094,502.9100036621094,501.2200012207031,501.7300109863281,8626
2026-04-13 13:56:00+00:00,501.4834899902344,503.1000061035156,501.0950012207031,503.1000061035156,4317
2026-04-13 13:57:00+00:00,502.885009765625,502.885009765625,502.1575012207031,502.1575012207031,4196
2026-04-13 13:58:00+00:00,502.2900085449219,502.2900085449219,501.510009765625,501.55999755859375,3302
2026-04-13 13:59:00+00:00,501.8500061035156,502.6799926757813,501.010009765625,502.6799926757813,4853
2026-04-13 14:00:00+00:00,502.0849914550781,504.2999877929688,502.0849914550781,504.2999877929688,12845
2026-04-13 14:01:00+00:00,504.1050109863281,504.5353088378906,503.3450012207031,503.3450012207031,6863
2026-04-13 14:02:00+00:00,503.125,503.4299926757813,502.3200073242188,502.7749938964844,9022
2026-04-13 14:03:00+00:00,502.3299865722656,502.7749938964844,502.1499938964844,502.2099914550781,5811
2026-04-13 14:04:00+00:00,502.1499938964844,502.6000061035156,501.7200012207031,501.7200012207031,6410
2026-04-13 14:05:00+00:00,501.7200012207031,502.8944091796875,500.5400085449219,501.2999877929688,10271
2026-04-13 14:06:00+00:00,500.3299865722656,500.3299865722656,498.10009765625,499.2300109863281,13795
2026-04-13 14:07:00+00:00,499.2300109863281,500.1799926757813,499.2300109863281,499.9599914550781,4488
2026-04-13 14:08:00+00:00,499.4299926757813,500.4400024414063,498.9631958007813,500.4400024414063,8922
2026-04-13 14:09:00+00:00,500.7099914550781,500.7099914550781,499.93499755859375,500.010009765625,3392
2026-04-13 14:10:00+00:00,500.010009765625,500.010009765625,497.1823120117188,497.1823120117188,4091
2026-04-13 14:11:00+00:00,497.6499938964844,498.2799987792969,497.6499938964844,497.8599853515625,3274
2026-04-13 14:12:00+00:00,498.1400146484375,498.1400146484375,497.9619140625,498.1400146484375,2451
2026-04-13 14:13:00+00:00,498.6799926757813,499.0,498.25,498.2550048828125,3272
2026-04-13 14:14:00+00:00,498.375,499.1950073242188,497.760009765625,499.1950073242188,3523
2026-04-13 14:15:00+00:00,499.0,499.7000122070313,498.75,499.7000122070313,2313
2026-04-13 14:16:00+00:00,499.7900085449219,500.4549865722656,499.7900085449219,499.9500122070313,3648
2026-04-13 14:17:00+00:00,500.0050048828125,500.0050048828125,499.5350036621094,499.5350036621094,3893
2026-04-13 14:18:00+00:00,499.5299987792969,499.5299987792969,499.5299987792969,499.5299987792969,1605
2026-04-13 14:19:00+00:00,499.8500061035156,500.614990234375,499.8500061035156,500.614990234375,6982
2026-04-13 14:20:00+00:00,500.6000061035156,502.5050048828125,500.6000061035156,502.5050048828125,7900
2026-04-13 14:21:00+00:00,502.6700134277344,503.3699951171875,502.6700134277344,503.010009765625,5753
2026-04-13 14:22:00+00:00,503.010009765625,503.010009765625,502.5,502.5,2536
2026-04-13 14:23:00+00:00,502.5,502.5,501.5,501.6499938964844,11417
2026-04-13 14:24:00+00:00,501.9800109863281,502.4599914550781,501.9400024414063,502.4599914550781,945
2026-04-13 14:25:00+00:00,502.4049987792969,502.4100036621094,501.6749877929688,502.4100036621094,3576
2026-04-13 14:26:00+00:00,500.8999938964844,500.8999938964844,500.364990234375,500.364990234375,796
2026-04-13 14:27:00+00:00,500.7099914550781,500.7099914550781,500.0,500.0,4234
2026-04-13 14:28:00+00:00,500.385009765625,500.385009765625,499.9757080078125,499.9757080078125,1869
2026-04-13 14:29:00+00:00,500.1799926757813,500.510009765625,500.1499938964844,500.1499938964844,2113
2026-04-13 14:30:00+00:00,500.0700073242188,500.3829040527344,499.5656127929688,499.5656127929688,2811
2026-04-13 14:31:00+00:00,499.6449890136719,500.010009765625,499.6449890136719,500.010009765625,2656
2026-04-13 14:32:00+00:00,499.9500122070313,500.8800048828125,499.4500122070313,500.8800048828125,5029
2026-04-13 14:33:00+00:00,500.989990234375,501.68499755859375,500.3999938964844,501.68499755859375,5232
2026-04-13 14:34:00+00:00,502.0,502.0,502.0,502.0,1409
2026-04-13 14:35:00+00:00,503.0,503.3900146484375,502.9849853515625,502.989990234375,3622
2026-04-13 14:36:00+00:00,503.18499755859375,503.6960144042969,502.760009765625,503.2000122070313,6638
2026-04-13 14:37:00+00:00,503.3999938964844,503.639892578125,502.5350036621094,502.5350036621094,4509
2026-04-13 14:38:00+00:00,502.3200073242188,502.8200073242188,502.0,502.0000915527344,5129
2026-04-13 14:39:00+00:00,503.125,503.2000122070313,502.6199951171875,502.6199951171875,1863
2026-04-13 14:40:00+00:00,502.5,503.114990234375,502.5,502.7000122070313,3530
2026-04-13 14:41:00+00:00,502.6549987792969,502.9599914550781,502.6549987792969,502.6600036621094,2093
2026-04-13 14:42:00+00:00,502.8200073242188,503.25,502.8200073242188,503.25,3790
2026-04-13 14:43:00+00:00,502.8800048828125,503.3999938964844,502.6672058105469,503.3999938964844,5170
2026-04-13 14:44:00+00:00,503.0299987792969,503.9500122070313,503.0299987792969,503.8599853515625,15119
2026-04-13 14:45:00+00:00,504.510009765625,505.0,504.2200012207031,504.5700073242188,8492
2026-04-13 14:46:00+00:00,504.1300048828125,504.1300048828125,503.0,503.5650024414063,3507
2026-04-13 14:47:00+00:00,503.1000061035156,503.875,503.0,503.1449890136719,6601
2026-04-13 14:48:00+00:00,503.1449890136719,503.1449890136719,502.0,502.0,2007
2026-04-13 14:49:00+00:00,502.5299072265625,503.6499938964844,502.2650146484375,503.6499938964844,15518
2026-04-13 14:50:00+00:00,503.3500061035156,503.6300048828125,503.1700134277344,503.1700134277344,3304
2026-04-13 14:51:00+00:00,503.1499938964844,503.1700134277344,502.5700073242188,502.5700073242188,2907
2026-04-13 14:52:00+00:00,502.5849914550781,503.1950073242188,502.5849914550781,503.1950073242188,2378
2026-04-13 14:53:00+00:00,503.2000122070313,504.7998962402344,503.2000122070313,504.7998962402344,4509
2026-04-13 14:54:00+00:00,504.4200134277344,504.7998962402344,503.6600036621094,503.7099914550781,2716
2026-04-13 14:55:00+00:00,504.4200134277344,504.4200134277344,503.010009765625,503.2699890136719,2632
2026-04-13 14:56:00+00:00,503.260009765625,503.95989990234375,503.260009765625,503.4849853515625,3068
2026-04-13 14:57:00+00:00,503.4800109863281,504.2099914550781,503.4800109863281,504.2099914550781,2526
2026-04-13 14:58:00+00:00,504.2200012207031,504.5698852539063,503.6600036621094,504.5698852539063,3690
2026-04-13 14:59:00+00:00,504.1099853515625,504.1099853515625,503.55999755859375,503.5700073242188,2954
2026-04-13 15:00:00+00:00,503.3399963378906,503.3999938964844,501.9150085449219,501.9150085449219,6949
2026-04-13 15:01:00+00:00,501.9150085449219,502.8349914550781,501.9150085449219,502.8349914550781,3124
2026-04-13 15:02:00+00:00,503.7319946289063,503.7319946289063,503.0450134277344,503.0450134277344,1130
2026-04-13 15:03:00+00:00,502.5499877929688,503.0549926757813,502.2300109863281,503.0549926757813,2254
2026-04-13 15:04:00+00:00,503.4942932128906,503.4942932128906,503.4942932128906,503.4942932128906,1298
2026-04-13 15:05:00+00:00,502.239990234375,503.8699951171875,502.239990234375,503.2999877929688,3023
2026-04-13 15:06:00+00:00,503.2149963378906,503.8395080566406,502.8800964355469,503.30999755859375,2624
2026-04-13 15:07:00+00:00,503.7099914550781,504.1900024414063,503.7099914550781,504.0400085449219,3232
2026-04-13 15:08:00+00:00,504.0350036621094,504.489990234375,503.5499877929688,503.6499938964844,2514
2026-04-13 15:09:00+00:00,504.1900024414063,504.5899963378906,503.6099853515625,503.6099853515625,9872
2026-04-13 15:10:00+00:00,504.1499938964844,504.1499938964844,504.0450134277344,504.0450134277344,1506
2026-04-13 15:11:00+00:00,504.0499877929688,504.1700134277344,503.6099853515625,504.0262145996094,8060
2026-04-13 15:12:00+00:00,504.5,505.1300048828125,504.5,504.7000122070313,5490
2026-04-13 15:13:00+00:00,504.9700012207031,505.2999877929688,504.9700012207031,505.2999877929688,10120
2026-04-13 15:14:00+00:00,505.0899963378906,505.9999084472656,504.5849914550781,504.5849914550781,7440
2026-04-13 15:15:00+00:00,503.6300048828125,504.9999084472656,503.6099853515625,504.9999084472656,1535
2026-04-13 15:16:00+00:00,504.2850036621094,504.2850036621094,504.1400146484375,504.1400146484375,1812
2026-04-13 15:17:00+00:00,504.25,504.25,504.2300109863281,504.2300109863281,1233
2026-04-13 15:18:00+00:00,504.3349914550781,504.9399108886719,504.3349914550781,504.9399108886719,2087
2026-04-13 15:19:00+00:00,504.30999755859375,504.8299865722656,504.30999755859375,504.5799865722656,1753
2026-04-13 15:20:00+00:00,504.3699951171875,505.6499938964844,504.3699951171875,505.6499938964844,10993
2026-04-13 15:21:00+00:00,505.4800109863281,505.8030090332031,505.3999938964844,505.635009765625,3276
2026-04-13 15:22:00+00:00,505.5650024414063,505.5650024414063,505.2925109863281,505.2925109863281,3050
2026-04-13 15:23:00+00:00,505.1499938964844,505.7200012207031,505.05999755859375,505.7200012207031,2840
2026-04-13 15:24:00+00:00,505.4599914550781,505.8999938964844,505.2674865722656,505.2674865722656,3599
2026-04-13 15:25:00+00:00,504.97509765625,505.3038024902344,504.97509765625,505.3038024902344,2278
2026-04-13 15:26:00+00:00,505.5299987792969,505.5299987792969,505.5,505.5,1357
2026-04-13 15:27:00+00:00,505.5000915527344,505.5000915527344,505.5,505.5,3461
2026-04-13 15:28:00+00:00,505.89990234375,505.89990234375,505.4949951171875,505.4949951171875,3145
2026-04-13 15:29:00+00:00,505.4150085449219,505.5799865722656,504.9450988769531,504.9450988769531,4022
2026-04-13 15:30:00+00:00,504.7300109863281,504.7300109863281,504.2099914550781,504.7149963378906,4584
2026-04-13 15:31:00+00:00,504.7149963378906,504.7200012207031,503.0700073242188,503.4601135253906,12577
2026-04-13 15:32:00+00:00,504.0899963378906,504.2550048828125,503.4500122070313,503.7900085449219,4380
2026-04-13 15:33:00+00:00,503.6400146484375,503.6400146484375,503.3200988769531,503.3200988769531,1397
2026-04-13 15:34:00+00:00,503.5450134277344,503.6650085449219,503.0700073242188,503.6400146484375,4046
2026-04-13 15:35:00+00:00,503.5249938964844,503.5249938964844,503.4700012207031,503.4700012207031,922
2026-04-13 15:36:00+00:00,503.010009765625,503.4209899902344,502.6900024414063,503.2250061035156,2551
2026-04-13 15:37:00+00:00,503.2149963378906,503.2149963378906,503.2149963378906,503.2149963378906,755
2026-04-13 15:38:00+00:00,503.5899963378906,504.659912109375,503.510009765625,504.659912109375,6241
2026-04-13 15:40:00+00:00,504.9100036621094,504.9100036621094,504.9100036621094,504.9100036621094,901
2026-04-13 15:41:00+00:00,504.9400024414063,505.0,504.9400024414063,505.0,1746
2026-04-13 15:42:00+00:00,505.0,505.0,504.364990234375,504.364990234375,6972
2026-04-13 15:43:00+00:00,504.364990234375,504.9400024414063,503.7200927734375,504.739990234375,2462
2026-04-13 15:44:00+00:00,504.739990234375,504.739990234375,503.989990234375,504.739990234375,4162
2026-04-13 15:45:00+00:00,504.739990234375,504.739990234375,503.9100036621094,504.5,3061
2026-04-13 15:46:00+00:00,504.5899963378906,505.1000061035156,504.5899963378906,505.0400085449219,3875
2026-04-13 15:47:00+00:00,504.1950073242188,504.3399963378906,504.1950073242188,504.3399963378906,849
2026-04-13 15:48:00+00:00,504.3399963378906,504.3399963378906,504.3399963378906,504.3399963378906,1871
2026-04-13 15:49:00+00:00,503.9234008789063,503.9234008789063,503.9234008789063,503.9234008789063,464
2026-04-13 15:50:00+00:00,503.80999755859375,503.9240112304688,503.189208984375,503.75,4644
2026-04-13 15:51:00+00:00,503.75,503.75,503.75,503.75,1310
2026-04-13 15:52:00+00:00,503.6199951171875,504.0899963378906,503.5499877929688,504.0899963378906,2431
2026-04-13 15:53:00+00:00,503.5964050292969,504.30999755859375,503.5964050292969,504.30999755859375,2310
2026-04-13 15:54:00+00:00,504.1549987792969,504.4599914550781,503.8299865722656,504.4599914550781,2108
2026-04-13 15:55:00+00:00,503.6799926757813,503.6799926757813,503.6799926757813,503.6799926757813,1406
2026-04-13 15:56:00+00:00,504.1600036621094,504.1600036621094,504.1600036621094,504.1600036621094,1698
2026-04-13 15:58:00+00:00,503.9049987792969,503.9049987792969,503.8299865722656,503.8299865722656,1632
2026-04-13 15:59:00+00:00,503.5899963378906,504.1899108886719,503.5899963378906,504.1899108886719,1576
2026-04-13 16:00:00+00:00,504.1300048828125,504.1900024414063,503.010009765625,503.010009765625,5274
2026-04-13 16:01:00+00:00,503.010009765625,503.0400085449219,501.7601013183594,502.1400146484375,6958
2026-04-13 16:02:00+00:00,502.0,502.0799865722656,501.3699951171875,501.6250915527344,8315
2026-04-13 16:03:00+00:00,501.25,501.2999877929688,500.8599853515625,501.2650146484375,5661
2026-04-13 16:04:00+00:00,501.0299987792969,501.0849914550781,500.75,500.75,2136
2026-04-13 16:05:00+00:00,500.7200012207031,500.7200012207031,500.7200012207031,500.7200012207031,1366
2026-04-13 16:06:00+00:00,500.6650085449219,502.1000061035156,500.4400024414063,502.1000061035156,12983
2026-04-13 16:07:00+00:00,501.6199951171875,502.0,501.5801086425781,501.6000061035156,2551
2026-04-13 16:08:00+00:00,502.3949890136719,502.6700134277344,502.2449951171875,502.6700134277344,2295
2026-04-13 16:09:00+00:00,502.8500061035156,502.8500061035156,502.8500061035156,502.8500061035156,250
2026-04-13 16:10:00+00:00,502.8800048828125,502.9800109863281,502.3299865722656,502.822509765625,2855
2026-04-13 16:11:00+00:00,502.2799987792969,502.2799987792969,502.2799987792969,502.2799987792969,1020
2026-04-13 16:12:00+00:00,502.5799865722656,503.2777099609375,502.5799865722656,503.2777099609375,610
2026-04-13 16:13:00+00:00,502.6600036621094,502.6600036621094,502.4949951171875,502.4949951171875,1378
2026-04-13 16:14:00+00:00,502.4949951171875,502.4949951171875,502.1600036621094,502.1600036621094,1364
2026-04-13 16:15:00+00:00,501.80999755859375,501.80999755859375,501.7099914550781,501.7099914550781,1711
2026-04-13 16:16:00+00:00,501.3299865722656,501.3299865722656,501.3299865722656,501.3299865722656,267
2026-04-13 16:17:00+00:00,501.0700073242188,501.2300109863281,500.8252868652344,501.2300109863281,2925
2026-04-13 16:18:00+00:00,500.9801025390625,501.4949951171875,500.9800109863281,501.4949951171875,3590
2026-04-13 16:19:00+00:00,501.0700073242188,501.4450073242188,501.0700073242188,501.4400024414063,1708
2026-04-13 16:20:00+00:00,501.489990234375,501.9798889160156,500.6600036621094,501.3200073242188,3800
2026-04-13 16:21:00+00:00,500.7640075683594,501.6998901367188,500.66009521484375,501.6499938964844,4422
2026-04-13 16:22:00+00:00,502.0,502.0,501.7950134277344,501.7950134277344,1347
2026-04-13 16:23:00+00:00,501.8049926757813,502.8200073242188,501.8049926757813,502.5700073242188,1703
2026-04-13 16:24:00+00:00,502.625,502.8200073242188,502.625,502.635009765625,1194
2026-04-13 16:25:00+00:00,502.8200073242188,503.0899963378906,502.8200073242188,503.0249938964844,1301
2026-04-13 16:26:00+00:00,503.5,503.5,503.0199890136719,503.0299987792969,1495
2026-04-13 16:27:00+00:00,502.9700012207031,502.9700012207031,502.9700012207031,502.9700012207031,745
2026-04-13 16:28:00+00:00,503.0499877929688,503.3049926757813,503.0499877929688,503.3049926757813,482
2026-04-13 16:29:00+00:00,503.385009765625,504.0075073242188,503.3800048828125,503.5,4529
2026-04-13 16:30:00+00:00,503.90380859375,503.90380859375,503.7999877929688,503.7999877929688,1663
2026-04-13 16:31:00+00:00,503.9299926757813,503.9299926757813,503.7000122070313,503.7000122070313,5152
2026-04-13 16:32:00+00:00,503.3699951171875,503.3699951171875,503.3699951171875,503.3699951171875,1546
2026-04-13 16:33:00+00:00,502.864990234375,503.4599914550781,502.864990234375,503.1950073242188,3099
2026-04-13 16:34:00+00:00,502.6600036621094,503.0,502.3699951171875,503.0,2447
2026-04-13 16:35:00+00:00,502.7950134277344,503.3399963378906,502.7950134277344,503.3399963378906,2113
2026-04-13 16:36:00+00:00,503.4599914550781,503.8200073242188,503.3299865722656,503.3299865722656,3229
2026-04-13 16:37:00+00:00,503.302490234375,503.302490234375,503.302490234375,503.302490234375,1842
2026-04-13 16:38:00+00:00,503.0,503.2099914550781,503.0,503.2099914550781,550
2026-04-13 16:39:00+00:00,503.1400146484375,503.4599914550781,503.1400146484375,503.4599914550781,1081
2026-04-13 16:40:00+00:00,503.2300109863281,503.489990234375,503.0000915527344,503.489990234375,1696
2026-04-13 16:41:00+00:00,503.489990234375,503.614990234375,502.1300048828125,503.0224914550781,10213
2026-04-13 16:42:00+00:00,503.05999755859375,503.05999755859375,502.6300048828125,502.6300048828125,1688
2026-04-13 16:43:00+00:00,503.3299865722656,504.4200134277344,503.3299865722656,504.4200134277344,1634
2026-04-13 16:44:00+00:00,504.5,504.5,503.614990234375,504.1899108886719,3646
2026-04-13 16:45:00+00:00,503.5350036621094,503.5350036621094,503.5350036621094,503.5350036621094,792
2026-04-13 16:46:00+00:00,504.0199890136719,504.0199890136719,503.6449890136719,503.6549987792969,1255
2026-04-13 16:47:00+00:00,504.2000122070313,504.9100036621094,504.2000122070313,504.9100036621094,2881
2026-04-13 16:48:00+00:00,504.7099914550781,504.7099914550781,504.5199890136719,504.5199890136719,1486
2026-04-13 16:49:00+00:00,504.8399963378906,505.0799865722656,504.6900024414063,504.8851013183594,8914
2026-04-13 16:50:00+00:00,504.8900146484375,504.8900146484375,504.7000122070313,504.7699890136719,3521
2026-04-13 16:51:00+00:00,504.7699890136719,504.7799987792969,504.7200012207031,504.7200012207031,1550
2026-04-13 16:52:00+00:00,504.5849914550781,504.5849914550781,503.6600036621094,503.6600036621094,3528
2026-04-13 16:53:00+00:00,503.489990234375,503.625,503.2900085449219,503.2900085449219,1237
2026-04-13 16:54:00+00:00,503.9999084472656,503.9999084472656,503.3500061035156,503.5400085449219,2481
2026-04-13 16:55:00+00:00,503.6449890136719,503.6449890136719,503.5450134277344,503.5450134277344,1543
2026-04-13 16:56:00+00:00,503.6000061035156,504.1700134277344,503.6000061035156,504.1700134277344,3332
2026-04-13 16:57:00+00:00,503.8999938964844,503.8999938964844,503.7999877929688,503.8150024414063,2114
2026-04-13 16:58:00+00:00,503.8299865722656,504.1000061035156,503.8299865722656,504.0400085449219,1699
2026-04-13 16:59:00+00:00,504.1950073242188,504.1950073242188,504.1950073242188,504.1950073242188,1509
2026-04-13 17:01:00+00:00,504.3800048828125,504.5,504.3800048828125,504.43499755859375,1890
2026-04-13 17:02:00+00:00,504.3500061035156,504.3500061035156,504.0199890136719,504.0199890136719,1048
2026-04-13 17:03:00+00:00,504.2250061035156,504.2250061035156,504.2250061035156,504.2250061035156,1572
2026-04-13 17:04:00+00:00,503.5,503.5,503.5,503.5,240
2026-04-13 17:05:00+00:00,503.2001037597656,503.5375061035156,503.2001037597656,503.5375061035156,2545
2026-04-13 17:06:00+00:00,503.4725036621094,503.8799133300781,503.4725036621094,503.8799133300781,1395
2026-04-13 17:07:00+00:00,503.5824890136719,503.614990234375,503.5824890136719,503.614990234375,812
2026-04-13 17:08:00+00:00,503.3500061035156,503.3500061035156,503.0,503.0,3004
2026-04-13 17:09:00+00:00,502.7099914550781,502.8500061035156,502.7099914550781,502.8500061035156,3945
2026-04-13 17:10:00+00:00,502.9989929199219,503.0899963378906,502.7000122070313,502.7000122070313,2628
2026-04-13 17:11:00+00:00,502.7099914550781,502.7699890136719,502.7000122070313,502.7699890136719,1382
2026-04-13 17:12:00+00:00,502.510009765625,502.510009765625,502.510009765625,502.510009765625,692
2026-04-13 17:13:00+00:00,503.0,503.3200073242188,503.0,503.3200073242188,4175
2026-04-13 17:14:00+00:00,502.5823974609375,502.9100036621094,502.5823974609375,502.9100036621094,1041
2026-04-13 17:15:00+00:00,503.30999755859375,503.6199951171875,503.30999755859375,503.6199951171875,3170
2026-04-13 17:16:00+00:00,503.8800048828125,504.0549926757813,503.8800048828125,504.0549926757813,1296
2026-04-13 17:17:00+00:00,504.0650024414063,504.0650024414063,504.0650024414063,504.0650024414063,513
2026-04-13 17:18:00+00:00,504.25,504.6549987792969,504.25,504.6549987792969,1469
2026-04-13 17:19:00+00:00,504.6600036621094,504.6600036621094,504.4375,504.4375,1361
2026-04-13 17:20:00+00:00,504.3500061035156,504.3500061035156,503.91009521484375,503.9200134277344,2056
2026-04-13 17:21:00+00:00,504.4150085449219,504.4150085449219,503.9700012207031,504.2950134277344,2329
2026-04-13 17:22:00+00:00,504.2999877929688,504.2999877929688,504.1600036621094,504.1600036621094,929
2026-04-13 17:24:00+00:00,503.7300109863281,504.1400146484375,503.7300109863281,504.1400146484375,1048
2026-04-13 17:25:00+00:00,503.8500061035156,503.8500061035156,503.7099914550781,503.7099914550781,1512
2026-04-13 17:26:00+00:00,503.5700073242188,504.0,503.4200134277344,504.0,5893
2026-04-13 17:27:00+00:00,504.25,504.4898986816406,504.0,504.4765930175781,1837
2026-04-13 17:28:00+00:00,504.2449951171875,504.489990234375,504.2449951171875,504.2449951171875,957
2026-04-13 17:29:00+00:00,504.2449951171875,504.489990234375,504.0,504.0,8649
2026-04-13 17:30:00+00:00,504.0199890136719,504.0199890136719,504.010009765625,504.010009765625,1006
2026-04-13 17:31:00+00:00,504.4500122070313,504.4500122070313,503.6449890136719,503.6449890136719,2027
2026-04-13 17:32:00+00:00,503.8999938964844,504.2300109863281,503.8999938964844,504.2300109863281,5272
2026-04-13 17:33:00+00:00,504.25,504.25,504.25,504.25,694
2026-04-13 17:34:00+00:00,504.5,504.5499877929688,504.1650085449219,504.1650085449219,3222
2026-04-13 17:35:00+00:00,504.5456848144531,504.5456848144531,504.1375122070313,504.1375122070313,1049
2026-04-13 17:36:00+00:00,503.9700012207031,503.9700012207031,503.75,503.75,1982
2026-04-13 17:37:00+00:00,504.0414123535156,504.05999755859375,504.0350036621094,504.0350036621094,28369
2026-04-13 17:38:00+00:00,504.0400085449219,504.5899963378906,504.0400085449219,504.1199951171875,18766
2026-04-13 17:39:00+00:00,504.114990234375,504.114990234375,504.114990234375,504.114990234375,467
2026-04-13 17:40:00+00:00,504.114990234375,504.9200134277344,504.010009765625,504.0799865722656,11432
2026-04-13 17:41:00+00:00,504.3599853515625,504.9024963378906,504.2000122070313,504.3150024414063,8339
2026-04-13 17:42:00+00:00,504.3450012207031,505.2427978515625,504.3450012207031,505.1449890136719,4758
2026-04-13 17:43:00+00:00,505.156494140625,506.010009765625,505.1300048828125,505.9700012207031,10114
2026-04-13 17:44:00+00:00,506.0,506.25,505.75,505.75,3353
2026-04-13 17:45:00+00:00,505.8200073242188,506.1600036621094,505.3599853515625,505.9798889160156,7282
2026-04-13 17:46:00+00:00,505.0,505.9800109863281,505.0,505.5700073242188,1817
2026-04-13 17:47:00+00:00,505.5700073242188,505.5799865722656,505.1900024414063,505.5549926757813,2007
2026-04-13 17:48:00+00:00,505.55999755859375,506.1400146484375,505.55999755859375,506.139892578125,11366
2026-04-13 17:49:00+00:00,506.1499938964844,506.635009765625,506.1499938964844,506.5299987792969,7243
2026-04-13 17:50:00+00:00,506.739990234375,506.739990234375,505.8800048828125,505.8800048828125,4419
2026-04-13 17:51:00+00:00,505.8399963378906,505.8399963378906,505.8399963378906,505.8399963378906,611
2026-04-13 17:52:00+00:00,505.489990234375,505.7200012207031,505.489990234375,505.7200012207031,1845
2026-04-13 17:53:00+00:00,506.16900634765625,506.1700134277344,506.16900634765625,506.1700134277344,3228
2026-04-13 17:54:00+00:00,505.7601013183594,506.2449951171875,505.7601013183594,506.2449951171875,1228
2026-04-13 17:55:00+00:00,506.25,506.25,505.9200134277344,506.0899963378906,1877
2026-04-13 17:56:00+00:00,505.7699890136719,506.1944885253906,505.75,506.1944885253906,2055
2026-04-13 17:57:00+00:00,505.5501098632813,505.5501098632813,505.5499877929688,505.5499877929688,870
2026-04-13 17:58:00+00:00,505.7799987792969,505.7799987792969,505.1600036621094,505.70989990234375,3336
2026-04-13 17:59:00+00:00,505.5350036621094,505.5350036621094,505.4299926757813,505.4299926757813,1965
2026-04-13 18:00:00+00:00,505.4450073242188,505.4450073242188,505.4450073242188,505.4450073242188,290
2026-04-13 18:01:00+00:00,505.2000122070313,505.50299072265625,505.2000122070313,505.4400024414063,2545
2026-04-13 18:02:00+00:00,505.1900024414063,505.6799011230469,505.1900024414063,505.6799011230469,1787
2026-04-13 18:03:00+00:00,505.3599853515625,505.3599853515625,505.3599853515625,505.3599853515625,852
2026-04-13 18:04:00+00:00,505.3934020996094,505.5400085449219,504.7000122070313,504.9700012207031,3251
2026-04-13 18:05:00+00:00,505.239990234375,505.4299926757813,505.2300109863281,505.385009765625,7898
2026-04-13 18:06:00+00:00,505.4049987792969,505.4049987792969,505.260009765625,505.3299865722656,1952
2026-04-13 18:07:00+00:00,505.260009765625,505.260009765625,505.260009765625,505.260009765625,676
2026-04-13 18:08:00+00:00,505.3349914550781,505.55120849609375,505.3349914550781,505.55120849609375,893
2026-04-13 18:09:00+00:00,505.3150024414063,505.3150024414063,504.9800109863281,505.052490234375,1774
2026-04-13 18:10:00+00:00,504.9599914550781,504.9599914550781,504.9599914550781,504.9599914550781,726
2026-04-13 18:11:00+00:00,504.875,504.8949890136719,504.5201110839844,504.5201110839844,2071
2026-04-13 18:12:00+00:00,504.5201110839844,504.6700134277344,504.1600036621094,504.6700134277344,2612
2026-04-13 18:13:00+00:00,504.6950073242188,504.9800109863281,504.6950073242188,504.9800109863281,2312
2026-04-13 18:14:00+00:00,504.7392883300781,504.9549865722656,504.7392883300781,504.9549865722656,1241
2026-04-13 18:15:00+00:00,505.1050109863281,506.0,504.9299926757813,504.9299926757813,32069
2026-04-13 18:16:00+00:00,505.239990234375,506.0299987792969,504.4700012207031,504.4700012207031,148454
2026-04-13 18:17:00+00:00,504.2999877929688,504.7850036621094,504.2999877929688,504.7850036621094,11156
2026-04-13 18:18:00+00:00,504.552490234375,504.6549987792969,504.2000122070313,504.55999755859375,2492
2026-04-13 18:19:00+00:00,504.2200012207031,504.9450073242188,504.2200012207031,504.8200073242188,4421
2026-04-13 18:20:00+00:00,504.6499938964844,504.6499938964844,503.5499877929688,503.885009765625,3425
2026-04-13 18:21:00+00:00,503.8250122070313,504.552490234375,503.6199951171875,504.5450134277344,9071
2026-04-13 18:22:00+00:00,504.5249938964844,504.5400085449219,503.0,503.2145080566406,3896
2026-04-13 18:23:00+00:00,503.010009765625,503.4249877929688,503.010009765625,503.4249877929688,557
2026-04-13 18:24:00+00:00,503.05999755859375,503.8399963378906,502.7999877929688,502.8599853515625,5819
2026-04-13 18:25:00+00:00,502.8699951171875,503.4200134277344,502.8200073242188,503.1300048828125,2372
2026-04-13 18:26:00+00:00,503.1400146484375,503.25,503.0,503.010009765625,2166
2026-04-13 18:27:00+00:00,503.2200012207031,503.5499877929688,503.0400085449219,503.3399963378906,2893
2026-04-13 18:28:00+00:00,503.3550109863281,503.3699951171875,503.3550109863281,503.3699951171875,473
2026-04-13 18:29:00+00:00,503.3599853515625,504.0700073242188,503.3599853515625,504.0700073242188,6350
2026-04-13 18:30:00+00:00,504.385009765625,505.4500122070313,504.010009765625,505.4500122070313,9373
2026-04-13 18:31:00+00:00,505.6499938964844,506.8999938964844,505.6449890136719,506.8299865722656,4378
2026-04-13 18:32:00+00:00,506.7950134277344,507.0899963378906,506.7950134277344,506.8200073242188,1556
2026-04-13 18:33:00+00:00,506.8970031738281,507.6700134277344,506.8970031738281,507.6700134277344,4619
2026-04-13 18:34:00+00:00,507.6600036621094,507.9450073242188,507.5849914550781,507.9450073242188,2916
2026-04-13 18:35:00+00:00,507.7601013183594,508.5899963378906,506.4450073242188,506.8775024414063,16384
2026-04-13 18:36:00+00:00,507.0,507.0,506.2900085449219,506.2900085449219,2464
2026-04-13 18:37:00+00:00,506.93499755859375,507.5,506.2799987792969,506.7349853515625,10407
2026-04-13 18:38:00+00:00,507.1998901367188,507.1998901367188,506.6499938964844,507.0299987792969,7582
2026-04-13 18:39:00+00:00,507.0750122070313,507.489990234375,507.0750122070313,507.4800109863281,969
2026-04-13 18:40:00+00:00,507.1000061035156,508.010009765625,507.1000061035156,507.5499877929688,8954
2026-04-13 18:41:00+00:00,507.5499877929688,507.5499877929688,507.1000061035156,507.1000061035156,10809
2026-04-13 18:42:00+00:00,507.5,507.5,507.4049987792969,507.4049987792969,1631
2026-04-13 18:43:00+00:00,507.4049987792969,507.885009765625,507.2601013183594,507.885009765625,8973
2026-04-13 18:44:00+00:00,507.8900146484375,508.5,507.2799987792969,507.8299865722656,5027
2026-04-13 18:45:00+00:00,508.5,508.9800109863281,508.5,508.9800109863281,8909
2026-04-13 18:46:00+00:00,509.0491943359375,510.7999877929688,509.0491943359375,510.7699890136719,24268
2026-04-13 18:47:00+00:00,510.4200134277344,510.7799072265625,510.0600891113281,510.7799072265625,3839
2026-04-13 18:48:00+00:00,510.1050109863281,510.7799987792969,510.0700073242188,510.3949890136719,5614
2026-04-13 18:49:00+00:00,510.05999755859375,510.889892578125,510.05999755859375,510.4750061035156,2160
2026-04-13 18:50:00+00:00,510.1000061035156,510.5,509.8200073242188,509.8200988769531,7167
2026-04-13 18:51:00+00:00,509.8200073242188,510.0400085449219,509.6300048828125,510.0400085449219,7222
2026-04-13 18:52:00+00:00,510.489990234375,510.9599914550781,510.489990234375,510.9599914550781,3814
2026-04-13 18:53:00+00:00,510.9849853515625,511.0,510.8500061035156,510.8550109863281,3063
2026-04-13 18:54:00+00:00,511.0,511.1099853515625,510.9649963378906,510.9700012207031,3766
2026-04-13 18:55:00+00:00,510.9800109863281,511.2300109863281,510.9800109863281,511.1199951171875,3408
2026-04-13 18:56:00+00:00,510.7401123046875,511.4999084472656,510.7401123046875,511.125,3126
2026-04-13 18:57:00+00:00,511.1199951171875,511.1199951171875,511.1199951171875,511.1199951171875,1990
2026-04-13 18:58:00+00:00,511.3049926757813,511.3049926757813,511.3049926757813,511.3049926757813,1006
2026-04-13 18:59:00+00:00,511.3049926757813,512.0399780273438,511.3049926757813,512.0,6910
2026-04-13 19:00:00+00:00,512.0999755859375,512.5700073242188,511.9599914550781,512.2000122070312,3796
2026-04-13 19:01:00+00:00,512.280029296875,512.739990234375,511.9200134277344,511.989990234375,9237
2026-04-13 19:02:00+00:00,512.2899780273438,512.2899780273438,511.8200073242188,512.0250244140625,2168
2026-04-13 19:03:00+00:00,512.1550903320312,512.3200073242188,511.68499755859375,511.68499755859375,5684
2026-04-13 19:04:00+00:00,511.68499755859375,512.0,511.68499755859375,511.8900146484375,5424
2026-04-13 19:05:00+00:00,512.0798950195312,512.1599731445312,511.7000122070313,512.1599731445312,3311
2026-04-13 19:06:00+00:00,512.0250244140625,512.5650024414062,512.02001953125,512.5650024414062,6855
2026-04-13 19:07:00+00:00,512.2999877929688,512.405029296875,511.3200073242188,511.5274963378906,9594
2026-04-13 19:08:00+00:00,511.5849914550781,511.7074890136719,511.5799865722656,511.7074890136719,1579
2026-04-13 19:09:00+00:00,512.0,512.5303955078125,512.0,512.489990234375,5853
2026-04-13 19:10:00+00:00,512.489990234375,512.77001953125,512.489990234375,512.5850219726562,2441
2026-04-13 19:11:00+00:00,512.5850219726562,512.5850219726562,512.25,512.25,3633
2026-04-13 19:12:00+00:00,512.3499755859375,512.5399780273438,512.3499755859375,512.385009765625,2106
2026-04-13 19:13:00+00:00,512.3599853515625,512.4249877929688,512.2100219726562,512.220703125,2228
2026-04-13 19:14:00+00:00,512.4550170898438,512.989990234375,512.4550170898438,512.989990234375,23034
2026-04-13 19:15:00+00:00,513.16748046875,513.539794921875,513.0300903320312,513.539794921875,9846
2026-04-13 19:16:00+00:00,513.3049926757812,513.8939819335938,513.2310180664062,513.6699829101562,4749
2026-04-13 19:17:00+00:00,513.8099975585938,514.0499877929688,513.7449951171875,514.0,8116
2026-04-13 19:18:00+00:00,514.2899780273438,514.3300170898438,513.75,514.3200073242188,3657
2026-04-13 19:19:00+00:00,514.52001953125,514.75,513.760009765625,514.010009765625,11503
2026-04-13 19:20:00+00:00,513.7999877929688,513.9349975585938,513.219970703125,513.22998046875,5849
2026-04-13 19:21:00+00:00,513.4149780273438,513.4149780273438,513.27001953125,513.2899780273438,3599
2026-04-13 19:22:00+00:00,513.2374877929688,513.614990234375,513.2349853515625,513.5850219726562,3588
2026-04-13 19:23:00+00:00,513.5800170898438,513.8400268554688,513.5750122070312,513.5750122070312,2485
2026-04-13 19:24:00+00:00,513.739990234375,513.8699951171875,513.6300048828125,513.8624877929688,6965
2026-04-13 19:25:00+00:00,513.6300048828125,513.6599731445312,513.280029296875,513.4600219726562,8368
2026-04-13 19:26:00+00:00,513.6799926757812,513.739990234375,513.4299926757812,513.739990234375,2163
2026-04-13 19:27:00+00:00,513.6099853515625,513.614990234375,512.969970703125,513.0850219726562,5879
2026-04-13 19:28:00+00:00,513.092529296875,513.909912109375,512.9816284179688,513.5349731445312,4578
2026-04-13 19:29:00+00:00,513.5349731445312,513.9899291992188,513.0800170898438,513.4749755859375,6847
2026-04-13 19:30:00+00:00,512.8599853515625,512.8599853515625,512.4199829101562,512.4199829101562,5399
2026-04-13 19:31:00+00:00,512.614990234375,513.135009765625,512.60498046875,513.135009765625,5422
2026-04-13 19:32:00+00:00,513.2100219726562,513.2100219726562,513.2100219726562,513.2100219726562,2259
2026-04-13 19:33:00+00:00,513.5,513.5,512.5,512.5,32852
2026-04-13 19:34:00+00:00,512.25,512.6099853515625,511.7742004394531,512.280029296875,8335
2026-04-13 19:35:00+00:00,512.0650024414062,512.0650024414062,511.7349853515625,512.0275268554688,6951
2026-04-13 19:36:00+00:00,512.0349731445312,512.4998779296875,512.0349731445312,512.25,3773
2026-04-13 19:37:00+00:00,512.1300048828125,512.7899780273438,510.9377136230469,510.9442138671875,70881
2026-04-13 19:38:00+00:00,511.3900146484375,511.635009765625,511.3800048828125,511.6300048828125,1831
2026-04-13 19:39:00+00:00,511.260009765625,511.260009765625,510.1799926757813,510.1799926757813,5484
2026-04-13 19:40:00+00:00,510.2850036621094,510.4800109863281,510.0000915527344,510.4454956054688,7809
2026-04-13 19:41:00+00:00,510.2699890136719,510.5899963378906,510.2300109863281,510.4150085449219,5873
2026-04-13 19:42:00+00:00,510.4750061035156,510.4750061035156,510.0400085449219,510.0400085449219,2518
2026-04-13 19:43:00+00:00,510.239990234375,510.9252014160156,510.239990234375,510.6600036621094,83868
2026-04-13 19:44:00+00:00,510.6499938964844,510.6600036621094,510.0,510.2699890136719,16394
2026-04-13 19:45:00+00:00,510.1300048828125,510.5199890136719,510.1000061035156,510.3599853515625,4792
2026-04-13 19:46:00+00:00,510.260009765625,510.322509765625,510.239990234375,510.260009765625,3211
2026-04-13 19:47:00+00:00,510.1199951171875,510.5299987792969,509.6000061035156,509.7200012207031,13458
2026-04-13 19:48:00+00:00,509.6600036621094,510.1400146484375,509.5501098632813,510.1400146484375,3320
2026-04-13 19:49:00+00:00,509.6600036621094,510.39990234375,509.6099853515625,509.9700012207031,17145
2026-04-13 19:50:00+00:00,510.3900146484375,511.4649963378906,510.3900146484375,511.4500122070313,20291
2026-04-13 19:51:00+00:00,511.864990234375,512.7100219726562,511.7500915527344,512.22998046875,5800
2026-04-13 19:52:00+00:00,512.5712280273438,512.7999877929688,512.4500122070312,512.6099853515625,11768
2026-04-13 19:53:00+00:00,512.52001953125,512.8699951171875,512.3499755859375,512.47998046875,6683
2026-04-13 19:54:00+00:00,512.3499755859375,512.4299926757812,510.3200988769531,510.7950134277344,41167
2026-04-13 19:55:00+00:00,511.2699890136719,512.22998046875,511.2699890136719,511.6700134277344,14527
2026-04-13 19:56:00+00:00,511.6900024414063,512.0999755859375,511.6900024414063,512.0399780273438,12048
2026-04-13 19:57:00+00:00,511.9100036621094,512.2100219726562,511.80999755859375,512.1199951171875,40761
2026-04-13 19:58:00+00:00,512.1199951171875,512.9400024414062,511.9700012207031,512.6500244140625,59018
2026-04-13 19:59:00+00:00,512.822509765625,513.4500122070312,512.5499877929688,512.8800048828125,89226
2026-04-14 13:30:00+00:00,520.0,522.7999877929688,513.2899780273438,517.5250244140625,155244
2026-04-14 13:31:00+00:00,517.5250244140625,517.8400268554688,515.1900024414062,515.5900268554688,12531
2026-04-14 13:32:00+00:00,512.1500244140625,514.4349975585938,507.4500122070313,508.010009765625,24768
2026-04-14 13:33:00+00:00,508.0,509.1199951171875,505.010009765625,509.1000061035156,10689
2026-04-14 13:34:00+00:00,506.8699951171875,509.5499877929688,505.1990051269531,508.2749938964844,12681
2026-04-14 13:35:00+00:00,508.2900085449219,509.4599914550781,506.2000122070313,507.0,24478
2026-04-14 13:36:00+00:00,506.25,508.3399963378906,504.5199890136719,505.2999877929688,17884
2026-04-14 13:37:00+00:00,504.5527038574219,508.5,504.2699890136719,508.2999877929688,7591
2026-04-14 13:38:00+00:00,508.6099853515625,509.2000122070313,507.7000122070313,508.05999755859375,10772
2026-04-14 13:39:00+00:00,507.739990234375,508.05999755859375,501.4500122070313,502.9500122070313,23607
2026-04-14 13:40:00+00:00,501.9500122070313,504.4599914550781,501.5,502.3049926757813,13574
2026-04-14 13:41:00+00:00,503.4599914550781,506.0299987792969,501.9800109863281,506.0299987792969,14893
2026-04-14 13:42:00+00:00,505.3299865722656,508.0,505.2650146484375,507.364990234375,14805
2026-04-14 13:43:00+00:00,507.6900024414063,508.2999877929688,506.739990234375,508.0999145507813,16942
2026-04-14 13:44:00+00:00,507.739990234375,509.2099914550781,507.43011474609375,509.1300048828125,14543
2026-04-14 13:45:00+00:00,508.8699951171875,509.8500061035156,508.0000915527344,508.8699951171875,36498
2026-04-14 13:46:00+00:00,508.3399963378906,508.3399963378906,506.0000915527344,507.5899963378906,15741
2026-04-14 13:47:00+00:00,507.6000061035156,507.6000061035156,503.52099609375,503.52099609375,41934
2026-04-14 13:48:00+00:00,504.5650024414063,505.2998962402344,503.4800109863281,503.510009765625,9040
2026-04-14 13:49:00+00:00,503.0,504.9500122070313,502.25,504.1749877929688,25737
2026-04-14 13:50:00+00:00,503.1300048828125,504.5199890136719,503.0299987792969,503.9950866699219,5869
2026-04-14 13:51:00+00:00,504.1174926757813,505.5700073242188,503.4200134277344,505.5700073242188,20101
2026-04-14 13:52:00+00:00,505.5700988769531,505.8699951171875,504.5549926757813,504.9400024414063,11291
2026-04-14 13:53:00+00:00,505.8699035644531,506.1199951171875,505.0199890136719,505.6499938964844,17187
2026-04-14 13:54:00+00:00,505.7300109863281,506.3255004882813,505.1000061035156,505.55999755859375,7558
2026-04-14 13:55:00+00:00,505.9100036621094,507.25,505.0,506.4299926757813,25526
2026-04-14 13:56:00+00:00,506.9599914550781,507.3299865722656,506.5805969238281,506.6700134277344,5682
2026-04-14 13:57:00+00:00,506.4100036621094,506.6000061035156,505.30999755859375,505.30999755859375,18592
2026-04-14 13:58:00+00:00,505.260009765625,505.9800109863281,504.5799865722656,505.9700012207031,14598
2026-04-14 13:59:00+00:00,505.8250122070313,506.9649963378906,505.8250122070313,506.9649963378906,5579
2026-04-14 14:00:00+00:00,506.9649963378906,508.0,506.760009765625,507.4200134277344,11433
2026-04-14 14:01:00+00:00,506.0,506.0,505.3399963378906,505.5050048828125,5128
2026-04-14 14:02:00+00:00,505.25,505.4549865722656,504.9649963378906,505.010009765625,5268
2026-04-14 14:03:00+00:00,505.16510009765625,505.6199951171875,504.3299865722656,505.3999938964844,16612
2026-04-14 14:04:00+00:00,505.1000061035156,505.1400146484375,503.9400024414063,504.0,4611
2026-04-14 14:05:00+00:00,504.5499877929688,506.125,504.5450134277344,506.125,6621
2026-04-14 14:06:00+00:00,505.7300109863281,507.1000061035156,505.28900146484375,507.1000061035156,7904
2026-04-14 14:07:00+00:00,507.489990234375,507.97021484375,507.1199951171875,507.97021484375,3392
2026-04-14 14:08:00+00:00,507.4949951171875,508.260009765625,507.0899963378906,508.0799865722656,8762
2026-04-14 14:09:00+00:00,508.0899963378906,508.9150085449219,507.68798828125,508.9150085449219,22403
2026-04-14 14:10:00+00:00,509.2590942382813,509.8999938964844,508.489990234375,509.7699890136719,19884
2026-04-14 14:11:00+00:00,509.3399963378906,511.489990234375,509.3399963378906,511.489990234375,9587
2026-04-14 14:12:00+00:00,511.8900146484375,512.0,510.7900085449219,510.7900085449219,10574
2026-04-14 14:13:00+00:00,510.60650634765625,511.8999938964844,510.41009521484375,511.6000061035156,28397
2026-04-14 14:14:00+00:00,512.1099853515625,512.989990234375,511.9500122070313,512.4600219726562,24322
2026-04-14 14:15:00+00:00,512.510009765625,512.72998046875,512.0499877929688,512.6300048828125,7846
2026-04-14 14:16:00+00:00,512.510009765625,513.280029296875,512.2000122070312,513.280029296875,16871
2026-04-14 14:17:00+00:00,512.6320190429688,513.489990234375,512.344970703125,513.489990234375,13427
2026-04-14 14:18:00+00:00,513.5499877929688,513.635009765625,512.2999877929688,512.6599731445312,16689
2026-04-14 14:19:00+00:00,512.8300170898438,513.6400146484375,512.1649780273438,513.5850219726562,19773
2026-04-14 14:20:00+00:00,513.6900024414062,513.760009765625,512.6599731445312,513.1500244140625,31144
2026-04-14 14:21:00+00:00,513.4149780273438,513.9500122070312,513.4149780273438,513.8200073242188,14420
2026-04-14 14:22:00+00:00,513.8099975585938,514.1400146484375,513.5850219726562,513.885009765625,22538
2026-04-14 14:23:00+00:00,513.6199951171875,514.8400268554688,513.1699829101562,514.5399780273438,18463
2026-04-14 14:24:00+00:00,514.364990234375,515.0,514.14501953125,514.9494018554688,20617
2026-04-14 14:25:00+00:00,515.010009765625,515.1199951171875,513.3701171875,513.3701171875,14628
2026-04-14 14:26:00+00:00,513.3699951171875,513.989990234375,513.0499877929688,513.989990234375,13072
2026-04-14 14:27:00+00:00,513.7000122070312,514.3250122070312,513.4099731445312,513.4550170898438,8344
2026-04-14 14:28:00+00:00,512.989990234375,514.239990234375,512.6300048828125,514.135009765625,4000
2026-04-14 14:29:00+00:00,514.22998046875,515.5999755859375,513.52001953125,515.5999755859375,10829
2026-04-14 14:30:00+00:00,515.2999877929688,515.2999877929688,514.3400268554688,514.9199829101562,3433
2026-04-14 14:31:00+00:00,515.010009765625,515.1649780273438,515.010009765625,515.02001953125,6986
2026-04-14 14:32:00+00:00,514.8200073242188,514.8200073242188,513.0499877929688,513.3300170898438,7032
2026-04-14 14:33:00+00:00,512.97998046875,513.3250122070312,512.0001220703125,512.739990234375,14745
2026-04-14 14:34:00+00:00,511.6799926757813,512.64501953125,511.6799926757813,512.2000122070312,8970
2026-04-14 14:35:00+00:00,512.3049926757812,512.3049926757812,511.7699890136719,511.7699890136719,1886
2026-04-14 14:36:00+00:00,511.7701110839844,512.0449829101562,511.760009765625,512.0449829101562,10428
2026-04-14 14:37:00+00:00,511.8999938964844,512.9998779296875,511.8999938964844,512.4500122070312,2657
2026-04-14 14:38:00+00:00,511.7300109863281,511.7300109863281,510.4000854492188,511.0,3815
2026-04-14 14:39:00+00:00,511.2900085449219,511.3800048828125,511.1700134277344,511.3800048828125,984
2026-04-14 14:40:00+00:00,511.4649963378906,512.059326171875,511.3200073242188,511.3800048828125,5530
2026-04-14 14:41:00+00:00,511.2250061035156,512.1300048828125,511.1875,511.7149963378906,21590
2026-04-14 14:42:00+00:00,512.1599731445312,512.1599731445312,511.7099914550781,511.7099914550781,2041
2026-04-14 14:43:00+00:00,511.4949951171875,511.4949951171875,510.55999755859375,510.5700073242188,4124
2026-04-14 14:44:00+00:00,510.1099853515625,510.4849853515625,509.58599853515625,510.0499877929688,6886
2026-04-14 14:45:00+00:00,510.489990234375,510.9599914550781,509.6000061035156,510.9599914550781,15692
2026-04-14 14:46:00+00:00,510.1700134277344,510.2850036621094,510.1700134277344,510.2850036621094,2688
2026-04-14 14:47:00+00:00,510.3200073242188,511.1799926757813,510.3200073242188,511.010009765625,2327
2026-04-14 14:48:00+00:00,510.9700012207031,511.9050903320313,510.7999877929688,511.9050903320313,3571
2026-04-14 14:49:00+00:00,512.2598876953125,512.2598876953125,511.2900085449219,512.2598876953125,1743
2026-04-14 14:50:00+00:00,511.3800964355469,511.3800964355469,511.3800964355469,511.3800964355469,762
2026-04-14 14:51:00+00:00,510.5,510.5,510.2999877929688,510.2999877929688,2335
2026-04-14 14:52:00+00:00,510.9200134277344,511.5400085449219,510.9200134277344,511.5299987792969,4668
2026-04-14 14:53:00+00:00,511.5549926757813,512.0,511.5549926757813,511.55999755859375,2085
2026-04-14 14:54:00+00:00,511.8450012207031,512.0900268554688,511.4800109863281,511.9049987792969,4703
2026-04-14 14:55:00+00:00,511.9049987792969,513.0050048828125,511.9049987792969,512.510009765625,16935
2026-04-14 14:56:00+00:00,512.510009765625,512.60498046875,512.27001953125,512.27001953125,4815
2026-04-14 14:57:00+00:00,512.219970703125,512.6116943359375,511.6900024414063,512.0,4881
2026-04-14 14:58:00+00:00,511.9299926757813,511.9299926757813,511.3049926757813,511.3049926757813,4668
2026-04-14 14:59:00+00:00,511.30999755859375,511.6300048828125,511.30999755859375,511.4100036621094,4473
2026-04-14 15:00:00+00:00,511.5,511.7699890136719,511.0700073242188,511.7699890136719,3369
2026-04-14 15:01:00+00:00,511.4249877929688,511.4249877929688,510.8200073242188,511.1300048828125,5770
2026-04-14 15:02:00+00:00,511.239990234375,511.4450073242188,511.239990234375,511.4450073242188,2898
2026-04-14 15:03:00+00:00,511.2799072265625,511.4200134277344,510.7401123046875,511.3399963378906,4390
2026-04-14 15:04:00+00:00,511.3399963378906,511.3399963378906,509.4200134277344,509.4200134277344,5076
2026-04-14 15:05:00+00:00,509.1900024414063,509.6499938964844,508.8900146484375,509.1600036621094,6604
2026-04-14 15:06:00+00:00,509.1499938964844,509.1900024414063,507.7699890136719,508.0950012207031,7958
2026-04-14 15:07:00+00:00,508.5750122070313,509.1499938964844,508.5750122070313,509.1499938964844,8594
2026-04-14 15:09:00+00:00,509.1600036621094,509.1600036621094,508.0199890136719,508.4700012207031,6925
2026-04-14 15:10:00+00:00,508.6600036621094,509.1600036621094,508.3399963378906,509.1499938964844,4436
2026-04-14 15:11:00+00:00,509.5249938964844,510.4400024414063,508.989990234375,509.7900085449219,27798
2026-04-14 15:12:00+00:00,509.989990234375,510.8298950195313,509.3800048828125,510.80511474609375,15899
2026-04-14 15:13:00+00:00,510.5299987792969,511.0,510.1300048828125,510.7300109863281,12217
2026-04-14 15:14:00+00:00,510.5249938964844,510.5249938964844,508.9700012207031,509.1300048828125,3785
2026-04-14 15:15:00+00:00,509.260009765625,509.6300048828125,509.260009765625,509.6300048828125,3100
2026-04-14 15:16:00+00:00,510.2999877929688,510.2999877929688,510.2999877929688,510.2999877929688,1624
2026-04-14 15:17:00+00:00,510.8800048828125,510.8800048828125,510.8800048828125,510.8800048828125,159
2026-04-14 15:18:00+00:00,510.3200073242188,510.552490234375,509.82720947265625,510.552490234375,1597
2026-04-14 15:19:00+00:00,510.0899963378906,511.3999938964844,510.0,510.8699951171875,33196
2026-04-14 15:20:00+00:00,511.2099914550781,511.2300109863281,510.1700134277344,510.7749938964844,15645
2026-04-14 15:21:00+00:00,511.0299987792969,511.2449951171875,510.5400085449219,510.760009765625,13710
2026-04-14 15:22:00+00:00,511.3599853515625,511.3599853515625,510.1400146484375,510.739990234375,1623
2026-04-14 15:23:00+00:00,510.1600036621094,511.3699951171875,510.1600036621094,510.6099853515625,18324
2026-04-14 15:24:00+00:00,511.6700134277344,511.6700134277344,510.25,511.1600036621094,1140
2026-04-14 15:25:00+00:00,511.1650085449219,511.8999938964844,510.3599853515625,510.8500061035156,25498
2026-04-14 15:26:00+00:00,510.8399963378906,512.719970703125,510.5400085449219,512.344970703125,14500
2026-04-14 15:27:00+00:00,512.0900268554688,512.2949829101562,512.0399780273438,512.0399780273438,2986
2026-04-14 15:28:00+00:00,511.7200012207031,512.2100219726562,511.7200012207031,512.2100219726562,3081
2026-04-14 15:29:00+00:00,512.5399780273438,512.5399780273438,512.030029296875,512.030029296875,2751
2026-04-14 15:30:00+00:00,512.0300903320312,513.22998046875,512.0300903320312,512.844970703125,5459
2026-04-14 15:31:00+00:00,512.8499755859375,513.239990234375,512.4299926757812,512.6799926757812,7990
2026-04-14 15:32:00+00:00,512.7550048828125,513.2899780273438,512.6849975585938,512.6849975585938,6887
2026-04-14 15:33:00+00:00,512.3499755859375,512.719970703125,512.3499755859375,512.719970703125,1531
2026-04-14 15:34:00+00:00,512.719970703125,512.8800048828125,512.719970703125,512.8800048828125,1151
2026-04-14 15:35:00+00:00,512.3499755859375,513.1500244140625,512.3499755859375,513.1500244140625,2063
2026-04-14 15:36:00+00:00,513.2449951171875,513.5349731445312,513.2349853515625,513.2349853515625,1363
2026-04-14 15:37:00+00:00,513.5349731445312,514.489990234375,513.5349731445312,514.4199829101562,5856
2026-04-14 15:38:00+00:00,514.4500122070312,514.97998046875,513.280029296875,513.405029296875,5345
2026-04-14 15:39:00+00:00,513.5,513.5,512.4000854492188,512.5850219726562,4055
2026-04-14 15:40:00+00:00,512.5900268554688,512.5900268554688,511.7401123046875,512.1599731445312,4873
2026-04-14 15:41:00+00:00,512.1599731445312,512.1599731445312,511.5199890136719,511.5199890136719,2267
2026-04-14 15:42:00+00:00,511.3800048828125,511.3800048828125,510.9800109863281,511.2300109863281,2754
2026-04-14 15:43:00+00:00,511.2000122070313,511.2000122070313,510.7349853515625,510.75,2473
2026-04-14 15:44:00+00:00,510.8200073242188,511.8450012207031,510.8200073242188,511.4599914550781,3772
2026-04-14 15:45:00+00:00,511.6400146484375,514.5800170898438,511.5700073242188,514.3350219726562,13873
2026-04-14 15:46:00+00:00,514.3400268554688,515.0,514.3400268554688,514.9500122070312,12174
2026-04-14 15:47:00+00:00,515.14501953125,515.4301147460938,514.1130981445312,515.4301147460938,2933
2026-04-14 15:48:00+00:00,514.9199829101562,516.2888793945312,514.7000122070312,516.1400146484375,3351
2026-04-14 15:49:00+00:00,516.3599853515625,517.0446166992188,516.3099975585938,516.739990234375,9948
2026-04-14 15:50:00+00:00,516.739990234375,516.739990234375,515.4650268554688,515.9299926757812,3231
2026-04-14 15:51:00+00:00,516.5800170898438,516.5800170898438,515.6300048828125,515.9249877929688,2923
2026-04-14 15:52:00+00:00,516.5900268554688,516.5900268554688,516.1710205078125,516.1710205078125,1807
2026-04-14 15:53:00+00:00,516.3099975585938,516.3099975585938,516.3099975585938,516.3099975585938,1359
2026-04-14 15:54:00+00:00,516.7750244140625,517.0,516.5499877929688,516.989990234375,2322
2026-04-14 15:55:00+00:00,516.8800048828125,517.77001953125,516.5499877929688,517.3900146484375,4681
2026-04-14 15:56:00+00:00,517.5700073242188,517.8499755859375,516.5250244140625,517.239990234375,7646
2026-04-14 15:57:00+00:00,516.719970703125,516.719970703125,516.6300048828125,516.6300048828125,1013
2026-04-14 15:58:00+00:00,516.6099853515625,516.9600219726562,516.25,516.3200073242188,4213
2026-04-14 15:59:00+00:00,516.469970703125,516.469970703125,515.260009765625,516.0399780273438,11560
2026-04-14 16:00:00+00:00,515.8200073242188,516.2949829101562,515.8027954101562,515.8027954101562,1367
2026-04-14 16:01:00+00:00,515.8900146484375,516.010009765625,515.6599731445312,515.77001953125,9502
2026-04-14 16:02:00+00:00,516.1900024414062,516.1900024414062,515.9000244140625,516.1900024414062,2327
2026-04-14 16:04:00+00:00,517.239990234375,518.0698852539062,517.2100219726562,517.5,4360
2026-04-14 16:05:00+00:00,517.3200073242188,517.3250122070312,516.7999877929688,516.7999877929688,3535
2026-04-14 16:06:00+00:00,517.3250122070312,517.3250122070312,517.3250122070312,517.3250122070312,532
2026-04-14 16:07:00+00:00,517.643310546875,518.7899169921875,517.643310546875,518.0549926757812,4518
2026-04-14 16:08:00+00:00,518.0499877929688,518.4151000976562,517.7899780273438,517.7899780273438,6757
2026-04-14 16:09:00+00:00,517.719970703125,517.719970703125,517.719970703125,517.719970703125,599
2026-04-14 16:10:00+00:00,517.6599731445312,517.8900146484375,517.6599731445312,517.8900146484375,1131
2026-04-14 16:11:00+00:00,518.0250244140625,518.5,517.280029296875,518.1849975585938,2211
2026-04-14 16:12:00+00:00,518.0999755859375,518.5,517.880126953125,518.4401245117188,3082
2026-04-14 16:13:00+00:00,517.880126953125,518.6732788085938,517.880126953125,518.4400024414062,3201
2026-04-14 16:14:00+00:00,518.3900146484375,518.3900146484375,518.3900146484375,518.3900146484375,445
2026-04-14 16:15:00+00:00,518.8599853515625,519.9749755859375,518.8599853515625,519.6649780273438,4584
2026-04-14 16:16:00+00:00,519.726318359375,519.9395141601562,519.3300170898438,519.5549926757812,6019
2026-04-14 16:17:00+00:00,519.5599975585938,519.8099975585938,519.510009765625,519.8099975585938,977
2026-04-14 16:18:00+00:00,519.8699951171875,520.6599731445312,519.6599731445312,520.6599731445312,9776
2026-04-14 16:19:00+00:00,520.4000244140625,520.9799194335938,520.280029296875,520.35498046875,3229
2026-04-14 16:20:00+00:00,520.5499267578125,521.4949951171875,520.1400146484375,521.1099853515625,5889
2026-04-14 16:21:00+00:00,521.489990234375,521.4949951171875,520.8099975585938,521.030029296875,7134
2026-04-14 16:22:00+00:00,520.7899780273438,521.22998046875,520.5999755859375,520.7899780273438,4861
2026-04-14 16:23:00+00:00,520.905029296875,521.3150024414062,520.905029296875,521.3150024414062,1941
2026-04-14 16:24:00+00:00,521.35498046875,521.35498046875,521.0900268554688,521.0900268554688,2002
2026-04-14 16:25:00+00:00,521.5,521.5,521.5,521.5,972
2026-04-14 16:26:00+00:00,521.25,521.25,521.25,521.25,1053
2026-04-14 16:27:00+00:00,521.5836181640625,521.5836181640625,521.1900024414062,521.3099975585938,4441
2026-04-14 16:28:00+00:00,521.0,521.219970703125,521.0,521.010009765625,4484
2026-04-14 16:29:00+00:00,521.0800170898438,521.0800170898438,520.5599975585938,521.0650024414062,9214
2026-04-14 16:30:00+00:00,521.0650024414062,522.489990234375,521.0650024414062,522.4299926757812,7644
2026-04-14 16:31:00+00:00,522.489990234375,522.4998779296875,521.8499755859375,521.8499755859375,5457
2026-04-14 16:32:00+00:00,521.364990234375,521.9849853515625,521.364990234375,521.9600219726562,2505
2026-04-14 16:33:00+00:00,521.510009765625,521.8300170898438,521.510009765625,521.8300170898438,3498
2026-04-14 16:34:00+00:00,521.989990234375,522.1599731445312,521.8400268554688,522.1599731445312,3821
2026-04-14 16:35:00+00:00,522.39501953125,522.39501953125,521.5349731445312,521.5349731445312,3140
2026-04-14 16:36:00+00:00,521.489990234375,521.489990234375,521.0,521.4400024414062,4883
2026-04-14 16:37:00+00:00,522.0599975585938,522.4199829101562,522.0,522.2949829101562,2325
2026-04-14 16:38:00+00:00,522.2899780273438,522.2899780273438,521.9000244140625,522.0549926757812,2523
2026-04-14 16:39:00+00:00,522.0499877929688,522.0499877929688,521.9600219726562,521.9600219726562,6010
2026-04-14 16:40:00+00:00,522.5,522.5,522.5,522.5,2263
2026-04-14 16:41:00+00:00,522.469970703125,522.5050048828125,522.260009765625,522.260009765625,6316
2026-04-14 16:42:00+00:00,522.375,524.0,522.2899780273438,523.9600219726562,31763
2026-04-14 16:43:00+00:00,524.0599975585938,525.5,524.02001953125,525.0750122070312,15502
2026-04-14 16:44:00+00:00,525.4500122070312,525.989990234375,525.1699829101562,525.1699829101562,7837
2026-04-14 16:45:00+00:00,525.5,525.739990234375,524.9801025390625,524.9801025390625,8929
2026-04-14 16:46:00+00:00,525.0001220703125,525.469970703125,525.0001220703125,525.3699951171875,3051
2026-04-14 16:47:00+00:00,525.364990234375,525.7050170898438,525.22998046875,525.4249877929688,3539
2026-04-14 16:48:00+00:00,525.1500244140625,525.6898803710938,525.1500244140625,525.3300170898438,4059
2026-04-14 16:49:00+00:00,525.3699951171875,525.6599731445312,524.3499755859375,524.3499755859375,12400
2026-04-14 16:50:00+00:00,524.5900268554688,524.7949829101562,524.3499755859375,524.6699829101562,6961
2026-04-14 16:51:00+00:00,524.3599853515625,524.6749877929688,524.3599853515625,524.5150146484375,1885
2026-04-14 16:52:00+00:00,524.3499755859375,524.3499755859375,523.610107421875,523.610107421875,5086
2026-04-14 16:53:00+00:00,523.6500244140625,523.919677734375,523.52001953125,523.52001953125,4327
2026-04-14 16:54:00+00:00,523.52001953125,523.52001953125,523.0599975585938,523.5150146484375,3713
2026-04-14 16:55:00+00:00,523.489990234375,523.489990234375,523.0399780273438,523.3599853515625,2130
2026-04-14 16:56:00+00:00,523.4650268554688,523.4650268554688,522.8800048828125,522.8800048828125,3600
2026-04-14 16:57:00+00:00,522.9099731445312,523.385009765625,522.5200805664062,523.0999755859375,5709
2026-04-14 16:58:00+00:00,522.9600219726562,522.9600219726562,521.97998046875,521.97998046875,2960
2026-04-14 16:59:00+00:00,521.9600219726562,522.3499755859375,521.9600219726562,522.1699829101562,2017
2026-04-14 17:00:00+00:00,522.5800170898438,523.2199096679688,522.4149780273438,522.7999877929688,4618
2026-04-14 17:01:00+00:00,523.1699829101562,524.52001953125,523.1699829101562,523.9249877929688,7452
2026-04-14 17:02:00+00:00,523.9000244140625,523.9000244140625,523.9000244140625,523.9000244140625,580
2026-04-14 17:03:00+00:00,523.8900146484375,524.3699951171875,523.489990234375,524.3699951171875,4165
2026-04-14 17:04:00+00:00,524.7150268554688,525.8499145507812,524.7100219726562,525.239990234375,7518
2026-04-14 17:05:00+00:00,525.0250244140625,525.9600219726562,525.0250244140625,525.5,4179
2026-04-14 17:06:00+00:00,525.4949951171875,525.7999877929688,525.094970703125,525.7999877929688,3092
2026-04-14 17:07:00+00:00,525.839111328125,526.2100219726562,525.839111328125,525.9650268554688,5965
2026-04-14 17:08:00+00:00,526.1950073242188,526.8400268554688,525.85498046875,525.9600219726562,9045
2026-04-14 17:09:00+00:00,526.0900268554688,526.3798828125,526.0089721679688,526.1900024414062,2251
2026-04-14 17:10:00+00:00,526.27001953125,526.3150024414062,525.530029296875,525.6500244140625,9894
2026-04-14 17:11:00+00:00,525.530029296875,525.844970703125,525.4550170898438,525.5599975585938,4988
2026-04-14 17:12:00+00:00,525.9299926757812,526.1599731445312,525.9299926757812,526.1599731445312,1033
2026-04-14 17:13:00+00:00,525.9912719726562,526.7999267578125,525.9912719726562,526.3499755859375,2978
2026-04-14 17:14:00+00:00,526.2000122070312,526.2000122070312,526.2000122070312,526.2000122070312,2231
2026-04-14 17:15:00+00:00,527.0,527.4450073242188,527.0,527.4450073242188,2509
2026-04-14 17:16:00+00:00,527.3499755859375,527.5549926757812,527.1199951171875,527.2999877929688,3046
2026-04-14 17:17:00+00:00,527.5499877929688,528.6199951171875,527.5499877929688,528.5050048828125,13328
2026-04-14 17:18:00+00:00,528.5650024414062,529.0,528.5650024414062,529.0,1914
2026-04-14 17:19:00+00:00,528.989990234375,529.0899047851562,528.7050170898438,529.0,2836
2026-04-14 17:20:00+00:00,528.9000244140625,529.2098999023438,528.7999877929688,529.2098999023438,3527
2026-04-14 17:21:00+00:00,529.0999755859375,529.0999755859375,528.3499755859375,528.9149780273438,8023
2026-04-14 17:22:00+00:00,528.8049926757812,530.47998046875,528.8049926757812,530.0399780273438,19447
2026-04-14 17:23:00+00:00,529.7999877929688,529.7999877929688,529.1300048828125,529.5399780273438,4476
2026-04-14 17:24:00+00:00,529.5399780273438,529.6500244140625,528.3099975585938,529.6500244140625,6152
2026-04-14 17:25:00+00:00,529.0399780273438,529.385009765625,529.0399780273438,529.2100219726562,1975
2026-04-14 17:26:00+00:00,529.72998046875,529.72998046875,528.5999755859375,528.5999755859375,6458
2026-04-14 17:27:00+00:00,528.6799926757812,529.0899047851562,527.989990234375,528.489990234375,6354
2026-04-14 17:28:00+00:00,527.97998046875,528.6199951171875,527.97998046875,528.5676879882812,2930
2026-04-14 17:29:00+00:00,528.52001953125,528.6300048828125,528.2349853515625,528.6300048828125,4952
2026-04-14 17:30:00+00:00,528.489990234375,528.6300048828125,527.9299926757812,528.3599853515625,5930
2026-04-14 17:31:00+00:00,528.5499877929688,528.8599853515625,528.3099975585938,528.5599975585938,3700
2026-04-14 17:32:00+00:00,528.9199829101562,529.5800170898438,528.9199829101562,529.5800170898438,7374
2026-04-14 17:33:00+00:00,529.4400024414062,529.9000244140625,529.3049926757812,529.9000244140625,7669
2026-04-14 17:34:00+00:00,529.9000244140625,529.9000244140625,529.5999755859375,529.5999755859375,6738
2026-04-14 17:35:00+00:00,529.5750122070312,530.010009765625,529.5750122070312,529.989990234375,9348
2026-04-14 17:36:00+00:00,529.2849731445312,529.2849731445312,528.9199829101562,529.0499877929688,2278
2026-04-14 17:37:00+00:00,528.82177734375,529.0999755859375,528.82177734375,528.989990234375,2832
2026-04-14 17:38:00+00:00,529.0549926757812,529.3499755859375,528.8049926757812,528.8049926757812,3371
2026-04-14 17:39:00+00:00,528.9600219726562,529.0800170898438,528.760009765625,529.0750122070312,2943
2026-04-14 17:40:00+00:00,529.0750122070312,529.4295043945312,528.5800170898438,528.5800170898438,9909
2026-04-14 17:41:00+00:00,528.3900146484375,528.5999755859375,528.3099975585938,528.5,5295
2026-04-14 17:42:00+00:00,528.39501953125,528.7799072265625,528.3900146484375,528.719970703125,3331
2026-04-14 17:43:00+00:00,528.375,528.7299194335938,528.22998046875,528.7299194335938,3598
2026-04-14 17:44:00+00:00,528.0,528.0,528.0,528.0,859
2026-04-14 17:45:00+00:00,528.0399780273438,528.2100219726562,527.614990234375,527.8499755859375,10851
2026-04-14 17:46:00+00:00,528.0150146484375,528.280029296875,528.0150146484375,528.280029296875,2211
2026-04-14 17:47:00+00:00,528.280029296875,528.280029296875,528.280029296875,528.280029296875,1097
2026-04-14 17:48:00+00:00,528.073974609375,528.2698974609375,527.8099975585938,527.8099975585938,1435
2026-04-14 17:49:00+00:00,528.0250244140625,528.260009765625,528.010009765625,528.219970703125,5759
2026-04-14 17:50:00+00:00,528.3699951171875,528.52001953125,528.3699951171875,528.52001953125,2245
2026-04-14 17:51:00+00:00,528.5731811523438,528.6300048828125,528.2999877929688,528.2999877929688,3163
2026-04-14 17:52:00+00:00,528.489990234375,528.8200073242188,528.4849853515625,528.4849853515625,2021
2026-04-14 17:53:00+00:00,528.0700073242188,528.7310180664062,528.0700073242188,528.4400024414062,2026
2026-04-14 17:54:00+00:00,528.4299926757812,528.4299926757812,528.4299926757812,528.4299926757812,1334
2026-04-14 17:55:00+00:00,528.75,529.1950073242188,528.6425170898438,529.114990234375,2594
2026-04-14 17:56:00+00:00,528.969970703125,529.2000122070312,528.9600219726562,529.2000122070312,616
2026-04-14 17:57:00+00:00,529.1500244140625,529.1500244140625,528.6699829101562,528.77001953125,4198
2026-04-14 17:58:00+00:00,528.969970703125,529.1699829101562,528.969970703125,529.1699829101562,1302
2026-04-14 17:59:00+00:00,529.22998046875,529.4299926757812,529.22998046875,529.22998046875,2027
2026-04-14 18:00:00+00:00,529.239990234375,529.6900024414062,528.9199829101562,529.3049926757812,4913
2026-04-14 18:01:00+00:00,529.4650268554688,529.5700073242188,529.3150024414062,529.5,3138
2026-04-14 18:02:00+00:00,529.1599731445312,529.6900024414062,529.1599731445312,529.6900024414062,1837
2026-04-14 18:03:00+00:00,529.7299194335938,529.8612060546875,529.6799926757812,529.6849975585938,4365
2026-04-14 18:04:00+00:00,529.8599853515625,530.2000122070312,529.8099975585938,530.2000122070312,9237
2026-04-14 18:05:00+00:00,530.489990234375,530.6950073242188,530.3099975585938,530.60498046875,1794
2026-04-14 18:06:00+00:00,530.60498046875,530.635009765625,530.3201293945312,530.625,2440
2026-04-14 18:07:00+00:00,530.9199829101562,530.9199829101562,530.280029296875,530.280029296875,4763
2026-04-14 18:08:00+00:00,530.5999755859375,530.5999755859375,530.5999755859375,530.5999755859375,1603
2026-04-14 18:09:00+00:00,530.5650024414062,530.6799926757812,530.5650024414062,530.6799926757812,1043
2026-04-14 18:10:00+00:00,530.6799926757812,530.6799926757812,529.9450073242188,529.9450073242188,4239
2026-04-14 18:11:00+00:00,529.8300170898438,530.1099853515625,529.739990234375,530.1099853515625,2750
2026-04-14 18:12:00+00:00,530.094970703125,530.1300048828125,529.9099731445312,529.9099731445312,2570
2026-04-14 18:13:00+00:00,529.9099731445312,529.9299926757812,529.6599731445312,529.6599731445312,4824
2026-04-14 18:14:00+00:00,529.8250122070312,529.8250122070312,529.3800048828125,529.6749877929688,5848
2026-04-14 18:15:00+00:00,529.97998046875,529.97998046875,528.9349975585938,528.9349975585938,2598
2026-04-14 18:16:00+00:00,528.9199829101562,529.4400024414062,528.5800170898438,529.010009765625,9170
2026-04-14 18:17:00+00:00,529.1099243164062,529.1099243164062,528.52001953125,528.6699829101562,2670
2026-04-14 18:18:00+00:00,528.6749877929688,528.989990234375,527.875,528.4749755859375,13241
2026-04-14 18:19:00+00:00,528.4749755859375,528.4749755859375,527.5900268554688,527.5900268554688,5994
2026-04-14 18:20:00+00:00,527.64501953125,528.0800170898438,527.64501953125,527.8499755859375,4108
2026-04-14 18:21:00+00:00,527.6400146484375,527.6400146484375,527.0,527.0,7337
2026-04-14 18:22:00+00:00,527.2800903320312,527.8499755859375,527.2800903320312,527.8499755859375,1465
2026-04-14 18:23:00+00:00,527.280029296875,527.280029296875,526.9199829101562,526.9199829101562,3975
2026-04-14 18:24:00+00:00,527.5499267578125,527.5499267578125,526.9600219726562,527.0399780273438,6483
2026-04-14 18:25:00+00:00,526.6699829101562,527.6475219726562,526.3599853515625,527.6475219726562,9068
2026-04-14 18:26:00+00:00,527.6599731445312,528.0850219726562,527.4349975585938,527.7490234375,6120
2026-04-14 18:27:00+00:00,527.219970703125,527.9500122070312,527.1699829101562,527.780029296875,3304
2026-04-14 18:28:00+00:00,527.9450073242188,528.5399169921875,527.9450073242188,528.0650024414062,2863
2026-04-14 18:29:00+00:00,527.7100219726562,528.2098999023438,527.5001220703125,527.9749755859375,6736
2026-04-14 18:30:00+00:00,528.6400146484375,528.6400146484375,528.614990234375,528.614990234375,903
2026-04-14 18:31:00+00:00,528.4724731445312,528.4724731445312,528.4724731445312,528.4724731445312,633
2026-04-14 18:32:00+00:00,528.530029296875,528.9899291992188,528.530029296875,528.9899291992188,2419
2026-04-14 18:33:00+00:00,528.7849731445312,528.8670043945312,528.71630859375,528.71630859375,806
2026-04-14 18:34:00+00:00,528.7849731445312,528.989990234375,528.5250244140625,528.719970703125,6577
2026-04-14 18:35:00+00:00,528.9299926757812,528.9299926757812,528.0599975585938,528.375,3035
2026-04-14 18:36:00+00:00,528.375,528.5399780273438,528.0701293945312,528.3800048828125,2632
2026-04-14 18:37:00+00:00,528.3800048828125,528.7100219726562,528.35498046875,528.7100219726562,2908
2026-04-14 18:38:00+00:00,528.9099731445312,528.9099731445312,528.6599731445312,528.6599731445312,1683
2026-04-14 18:39:00+00:00,528.5750122070312,528.8400268554688,528.5250244140625,528.5250244140625,2726
2026-04-14 18:40:00+00:00,528.8200073242188,528.8200073242188,528.5999755859375,528.5999755859375,990
2026-04-14 18:41:00+00:00,528.60498046875,528.60498046875,528.3699951171875,528.405029296875,1939
2026-04-14 18:42:00+00:00,528.552978515625,528.552978515625,527.6900024414062,527.6900024414062,4056
2026-04-14 18:43:00+00:00,527.7100219726562,527.7100219726562,527.47998046875,527.52001953125,2316
2026-04-14 18:44:00+00:00,527.3300170898438,527.8599853515625,527.3200073242188,527.8599853515625,4501
2026-04-14 18:45:00+00:00,528.0499877929688,528.1300048828125,527.69287109375,528.0599975585938,4571
2026-04-14 18:46:00+00:00,528.0599975585938,528.0599975585938,527.7000122070312,528.0499877929688,1355
2026-04-14 18:47:00+00:00,528.0800170898438,528.0800170898438,528.0800170898438,528.0800170898438,581
2026-04-14 18:48:00+00:00,528.39990234375,528.39990234375,528.0,528.0599975585938,3056
2026-04-14 18:49:00+00:00,528.3800048828125,529.1099243164062,528.3800048828125,529.1099243164062,4224
2026-04-14 18:50:00+00:00,528.6199951171875,528.6199951171875,528.6199951171875,528.6199951171875,397
2026-04-14 18:51:00+00:00,528.6199951171875,529.1998901367188,528.6199951171875,529.1998901367188,3444
2026-04-14 18:52:00+00:00,529.1199951171875,529.1199951171875,528.8800048828125,528.8800048828125,618
2026-04-14 18:53:00+00:00,529.2606201171875,529.739990234375,529.1500244140625,529.5449829101562,6815
2026-04-14 18:54:00+00:00,529.385009765625,529.75,529.0200805664062,529.385009765625,3722
2026-04-14 18:55:00+00:00,529.385009765625,529.385009765625,528.6201171875,528.6201171875,5912
2026-04-14 18:56:00+00:00,528.6300048828125,528.8699951171875,528.6201171875,528.8699951171875,1084
2026-04-14 18:57:00+00:00,528.8699951171875,528.8699951171875,528.6690063476562,528.739990234375,2530
2026-04-14 18:58:00+00:00,528.5,528.5,528.3400268554688,528.5,3660
2026-04-14 18:59:00+00:00,528.6099853515625,528.6099853515625,528.4600219726562,528.4600219726562,1225
2026-04-14 19:00:00+00:00,529.010009765625,529.2000122070312,528.75,529.2000122070312,3834
2026-04-14 19:01:00+00:00,529.0700073242188,529.2734985351562,528.5599975585938,528.9299926757812,4230
2026-04-14 19:02:00+00:00,528.3900146484375,528.6799926757812,528.3900146484375,528.5449829101562,6716
2026-04-14 19:03:00+00:00,528.8400268554688,528.8400268554688,528.8400268554688,528.8400268554688,611
2026-04-14 19:04:00+00:00,528.8300170898438,529.0499267578125,528.8300170898438,529.0499267578125,5255
2026-04-14 19:05:00+00:00,529.2445068359375,529.6199951171875,528.7849731445312,529.0,3713
2026-04-14 19:06:00+00:00,528.9149780273438,529.2899169921875,528.9149780273438,529.2899169921875,72410
2026-04-14 19:07:00+00:00,529.0499877929688,529.1599731445312,529.010009765625,529.1599731445312,2309
2026-04-14 19:08:00+00:00,529.2899780273438,529.6300048828125,529.2899780273438,529.6199951171875,3005
2026-04-14 19:09:00+00:00,529.4500122070312,529.4500122070312,529.0549926757812,529.1541748046875,6315
2026-04-14 19:11:00+00:00,529.3699951171875,529.7000122070312,529.3699951171875,529.4199829101562,1600
2026-04-14 19:12:00+00:00,529.655029296875,529.655029296875,529.3599853515625,529.4099731445312,3348
2026-04-14 19:13:00+00:00,529.1400146484375,529.2100219726562,528.8300170898438,529.0900268554688,4791
2026-04-14 19:14:00+00:00,529.369873046875,529.369873046875,528.8499755859375,528.969970703125,2037
2026-04-14 19:15:00+00:00,528.77001953125,528.969970703125,528.760009765625,528.760009765625,3851
2026-04-14 19:16:00+00:00,528.9199829101562,529.0700073242188,528.4840087890625,528.4840087890625,9037
2026-04-14 19:17:00+00:00,528.5700073242188,528.5999755859375,528.5549926757812,528.5999755859375,1427
2026-04-14 19:18:00+00:00,528.8200073242188,529.125,528.6699829101562,529.125,6541
2026-04-14 19:19:00+00:00,528.9400024414062,529.0399780273438,528.9349975585938,528.9400024414062,2162
2026-04-14 19:20:00+00:00,529.530029296875,529.530029296875,529.4650268554688,529.530029296875,1475
2026-04-14 19:21:00+00:00,529.75,530.2092895507812,529.75,530.2092895507812,5907
2026-04-14 19:22:00+00:00,530.0150146484375,530.3200073242188,529.7000122070312,529.7000122070312,4409
2026-04-14 19:23:00+00:00,529.530029296875,529.530029296875,529.4600219726562,529.4600219726562,3566
2026-04-14 19:24:00+00:00,529.6699829101562,529.6799926757812,529.6300048828125,529.6699829101562,1637
2026-04-14 19:25:00+00:00,529.5549926757812,529.989990234375,529.3099975585938,529.9000244140625,6570
2026-04-14 19:26:00+00:00,529.760009765625,530.0,529.5100708007812,529.5100708007812,1096
2026-04-14 19:27:00+00:00,530.0900268554688,530.0999755859375,530.0900268554688,530.0900268554688,3450
2026-04-14 19:28:00+00:00,530.0900268554688,530.385009765625,530.0900268554688,530.385009765625,2991
2026-04-14 19:29:00+00:00,530.2150268554688,530.2150268554688,530.0399780273438,530.2100219726562,2877
2026-04-14 19:30:00+00:00,529.989990234375,530.125,529.760009765625,529.8200073242188,9710
2026-04-14 19:31:00+00:00,529.9500122070312,529.97998046875,529.6500244140625,529.9400024414062,7513
2026-04-14 19:32:00+00:00,530.0700073242188,530.5900268554688,530.02001953125,530.02001953125,3971
2026-04-14 19:33:00+00:00,530.4099731445312,530.4099731445312,529.6699829101562,529.8800048828125,5614
2026-04-14 19:34:00+00:00,529.8599853515625,529.8599853515625,529.3900146484375,529.4199829101562,5218
2026-04-14 19:35:00+00:00,529.4310302734375,529.6599731445312,529.1900024414062,529.1900024414062,6060
2026-04-14 19:36:00+00:00,529.2349853515625,529.5,529.1699829101562,529.3599853515625,3177
2026-04-14 19:37:00+00:00,529.2999877929688,529.35498046875,528.9099731445312,528.9099731445312,4730
2026-04-14 19:38:00+00:00,529.1900024414062,529.2000122070312,529.1900024414062,529.1900024414062,2588
2026-04-14 19:39:00+00:00,529.3300170898438,529.4500122070312,528.97998046875,529.3599853515625,9141
2026-04-14 19:40:00+00:00,529.4299926757812,529.6300048828125,528.7899780273438,528.8900146484375,12751
2026-04-14 19:41:00+00:00,528.8200073242188,529.125,528.6400146484375,528.7949829101562,9094
2026-04-14 19:42:00+00:00,528.739990234375,528.8200073242188,528.739990234375,528.7899780273438,2560
2026-04-14 19:43:00+00:00,528.6950073242188,528.8800048828125,528.3900146484375,528.780029296875,9629
2026-04-14 19:44:00+00:00,528.8150024414062,528.9000244140625,528.8150024414062,528.9000244140625,2496
2026-04-14 19:45:00+00:00,529.135009765625,529.3200073242188,528.6300048828125,529.0449829101562,5270
2026-04-14 19:46:00+00:00,529.3900146484375,529.4400024414062,529.02001953125,529.02001953125,3596
2026-04-14 19:47:00+00:00,529.1699829101562,529.5499877929688,529.1699829101562,529.5399780273438,4776
2026-04-14 19:48:00+00:00,529.5399780273438,529.6300048828125,529.3800048828125,529.3900146484375,2798
2026-04-14 19:49:00+00:00,529.3900146484375,529.3900146484375,529.1900024414062,529.219970703125,2696
2026-04-14 19:50:00+00:00,529.6199951171875,531.9600219726562,529.6199951171875,531.0900268554688,32845
2026-04-14 19:51:00+00:00,531.4500122070312,531.47998046875,531.0999755859375,531.469970703125,16336
2026-04-14 19:52:00+00:00,531.3200073242188,531.4699096679688,530.8200073242188,531.2799072265625,12257
2026-04-14 19:53:00+00:00,531.0,531.2999877929688,530.5650024414062,530.5650024414062,20401
2026-04-14 19:54:00+00:00,530.6099853515625,531.0,530.25,530.3300170898438,19930
2026-04-14 19:55:00+00:00,530.6400146484375,531.7899780273438,530.6400146484375,531.4550170898438,25439
2026-04-14 19:56:00+00:00,531.344970703125,531.780029296875,531.1099853515625,531.14501953125,21944
2026-04-14 19:57:00+00:00,531.219970703125,532.3400268554688,531.1199951171875,532.1699829101562,33707
2026-04-14 19:58:00+00:00,532.27001953125,532.8699951171875,532.239990234375,532.8599853515625,48248
2026-04-14 19:59:00+00:00,532.8699951171875,534.22998046875,532.489990234375,533.219970703125,153963
2026-04-15 13:30:00+00:00,520.6799926757812,526.0,513.0,515.7150268554688,155462
2026-04-15 13:31:00+00:00,515.9400024414062,519.1900024414062,515.4199829101562,519.0,15819
2026-04-15 13:32:00+00:00,518.002685546875,522.989990234375,518.002685546875,522.989990234375,17633
2026-04-15 13:33:00+00:00,523.8900146484375,524.6298828125,522.8400268554688,523.0549926757812,11143
2026-04-15 13:34:00+00:00,523.2750244140625,523.2750244140625,515.8400268554688,515.9500122070312,44026
2026-04-15 13:35:00+00:00,515.5999755859375,516.4600219726562,514.719970703125,515.9600219726562,29254
2026-04-15 13:36:00+00:00,516.4500122070312,518.4550170898438,516.4500122070312,517.6900024414062,10070
2026-04-15 13:37:00+00:00,517.6849975585938,517.780029296875,515.0111083984375,515.3699951171875,15544
2026-04-15 13:38:00+00:00,515.469970703125,517.9478759765625,514.0800170898438,515.860107421875,10794
2026-04-15 13:39:00+00:00,516.4617919921875,516.6699829101562,514.3200073242188,516.0999755859375,14021
2026-04-15 13:40:00+00:00,517.010009765625,517.010009765625,512.0,512.6599731445312,17594
2026-04-15 13:41:00+00:00,514.4199829101562,514.4199829101562,511.1903991699219,513.4849853515625,29904
2026-04-15 13:42:00+00:00,513.5,513.5,508.2699890136719,510.4100036621094,39489
2026-04-15 13:43:00+00:00,510.5799865722656,510.6600036621094,508.0107116699219,509.1700134277344,22002
2026-04-15 13:44:00+00:00,509.239990234375,512.476318359375,509.239990234375,510.0,32154
2026-04-15 13:45:00+00:00,509.1700134277344,511.6900024414063,509.1700134277344,511.1400146484375,22137
2026-04-15 13:46:00+00:00,510.30999755859375,511.5499877929688,510.30999755859375,510.510009765625,34630
2026-04-15 13:47:00+00:00,510.5050048828125,511.5979919433594,509.8699951171875,511.0199890136719,16918
2026-04-15 13:48:00+00:00,511.010009765625,512.155029296875,510.8200073242188,511.3999938964844,14592
2026-04-15 13:49:00+00:00,511.0,511.0,507.1600036621094,507.9150085449219,12554
2026-04-15 13:50:00+00:00,507.9200134277344,509.0299987792969,507.2650146484375,508.64990234375,26861
2026-04-15 13:51:00+00:00,508.0700073242188,508.6300048828125,505.5299987792969,505.5299987792969,19547
2026-04-15 13:52:00+00:00,505.9150085449219,506.3680114746094,505.0,505.9599914550781,15328
2026-04-15 13:53:00+00:00,506.510009765625,507.989990234375,506.4400024414063,507.010009765625,8412
2026-04-15 13:54:00+00:00,507.6600036621094,510.5400085449219,507.2000122070313,509.6499938964844,16493
2026-04-15 13:55:00+00:00,509.8049926757813,510.989990234375,509.8049926757813,510.0,28175
2026-04-15 13:56:00+00:00,510.5,510.5,509.010009765625,510.0400085449219,9223
2026-04-15 13:57:00+00:00,510.4150085449219,510.5150146484375,509.7999877929688,509.9800109863281,8456
2026-04-15 13:58:00+00:00,510.4400024414063,510.4400024414063,508.8599853515625,509.2099914550781,10438
2026-04-15 13:59:00+00:00,508.9299926757813,509.6950073242188,507.7300109863281,508.6050109863281,13031
2026-04-15 14:00:00+00:00,508.3699951171875,508.4500122070313,506.0299987792969,506.0400085449219,17168
2026-04-15 14:01:00+00:00,505.8999938964844,507.0198974609375,504.6199951171875,505.0,18254
2026-04-15 14:02:00+00:00,505.5549926757813,506.7611999511719,505.0,506.0350036621094,10407
2026-04-15 14:03:00+00:00,506.5650024414063,506.5650024414063,505.2200012207031,505.6640930175781,7767
2026-04-15 14:04:00+00:00,505.8699951171875,508.4299926757813,505.3299865722656,508.4299926757813,18548
2026-04-15 14:05:00+00:00,508.4299926757813,508.4299926757813,505.6199951171875,505.6300048828125,50113
2026-04-15 14:06:00+00:00,505.6099853515625,506.30999755859375,505.2000122070313,506.1701049804688,9051
2026-04-15 14:07:00+00:00,506.5750122070313,506.5750122070313,504.5499877929688,505.239990234375,12695
2026-04-15 14:08:00+00:00,505.489990234375,505.9798889160156,504.1499938964844,504.4400024414063,9913
2026-04-15 14:09:00+00:00,505.0750122070313,505.0750122070313,503.4800109863281,504.7499084472656,15272
2026-04-15 14:10:00+00:00,504.3800048828125,505.4100036621094,503.7200012207031,505.1700134277344,9189
2026-04-15 14:11:00+00:00,504.6400146484375,505.30999755859375,503.6099853515625,504.4128112792969,16160
2026-04-15 14:12:00+00:00,504.4150085449219,505.5,504.2200012207031,504.8299865722656,23326
2026-04-15 14:13:00+00:00,504.8299865722656,505.0499877929688,504.5150146484375,504.8800048828125,10329
2026-04-15 14:14:00+00:00,505.0299987792969,505.8999938964844,503.5715026855469,504.8699951171875,16618
2026-04-15 14:15:00+00:00,504.05999755859375,504.9100036621094,503.8200073242188,504.2799987792969,9348
2026-04-15 14:16:00+00:00,503.9200134277344,504.4949951171875,503.7999877929688,504.489990234375,10135
2026-04-15 14:17:00+00:00,504.6449890136719,505.0799865722656,503.4400024414063,503.9049987792969,5194
2026-04-15 14:18:00+00:00,503.4299926757813,503.8049926757813,503.1099853515625,503.5600891113281,5491
2026-04-15 14:19:00+00:00,503.8299865722656,504.7200012207031,503.8200073242188,504.2000122070313,5132
2026-04-15 14:20:00+00:00,503.5899963378906,506.9400024414063,503.5899963378906,506.3999938964844,9467
2026-04-15 14:21:00+00:00,506.5799865722656,507.5799865722656,506.5799865722656,507.05999755859375,7402
2026-04-15 14:22:00+00:00,507.2000122070313,509.5296936035156,507.2000122070313,508.6300048828125,13557
2026-04-15 14:23:00+00:00,508.55999755859375,509.1499938964844,508.3800048828125,508.7925109863281,8478
2026-04-15 14:24:00+00:00,508.8999938964844,509.8900146484375,508.8999938964844,509.5700073242188,8505
2026-04-15 14:25:00+00:00,509.8699951171875,510.5,509.2099914550781,510.0299987792969,15655
2026-04-15 14:26:00+00:00,509.8550109863281,510.8799133300781,509.2401123046875,509.2401123046875,16087
2026-04-15 14:27:00+00:00,509.3500061035156,509.7699890136719,508.3250122070313,508.3250122070313,8849
2026-04-15 14:28:00+00:00,508.0499877929688,509.3799133300781,507.9100036621094,508.9500122070313,8404
2026-04-15 14:29:00+00:00,508.9700012207031,509.5750122070313,508.9700012207031,509.5750122070313,4738
2026-04-15 14:30:00+00:00,509.49798583984375,509.8800048828125,508.9825134277344,509.4549865722656,8268
2026-04-15 14:31:00+00:00,509.6199951171875,510.1000061035156,509.614990234375,509.7349853515625,6238
2026-04-15 14:32:00+00:00,509.8399963378906,509.8399963378906,509.5799865722656,509.739990234375,3906
2026-04-15 14:33:00+00:00,510.1199951171875,510.1199951171875,509.4700012207031,509.4700012207031,5810
2026-04-15 14:34:00+00:00,509.4700012207031,509.6600036621094,509.1000061035156,509.6499938964844,5794
2026-04-15 14:35:00+00:00,510.0700073242188,510.7699890136719,509.489990234375,510.5799865722656,14371
2026-04-15 14:36:00+00:00,510.8355102539063,511.3500061035156,510.80999755859375,511.1700134277344,14635
2026-04-15 14:37:00+00:00,511.1700134277344,511.5889892578125,511.0,511.0,7816
2026-04-15 14:38:00+00:00,510.6000061035156,510.7349853515625,510.3500061035156,510.7349853515625,5229
2026-04-15 14:39:00+00:00,510.6499938964844,511.1745910644531,510.4800109863281,510.7900085449219,4108
2026-04-15 14:40:00+00:00,510.5299987792969,512.8400268554688,510.5299987792969,512.5599975585938,8669
2026-04-15 14:41:00+00:00,513.0,515.0,513.0,513.989990234375,9811
2026-04-15 14:42:00+00:00,514.4199829101562,514.9899291992188,513.5999755859375,514.2800903320312,6649
2026-04-15 14:43:00+00:00,514.2850952148438,515.8599853515625,514.2850952148438,515.52001953125,9563
2026-04-15 14:44:00+00:00,515.5250244140625,515.5250244140625,514.590087890625,514.590087890625,7535
2026-04-15 14:45:00+00:00,514.9299926757812,514.989990234375,513.739990234375,514.6849975585938,9990
2026-04-15 14:46:00+00:00,514.7366943359375,514.7366943359375,514.0999755859375,514.2949829101562,5305
2026-04-15 14:47:00+00:00,514.5,514.6611938476562,514.010009765625,514.02001953125,7240
2026-04-15 14:48:00+00:00,513.8800048828125,514.1599731445312,513.8800048828125,514.1599731445312,1735
2026-04-15 14:49:00+00:00,514.1649780273438,514.3699951171875,513.8200073242188,513.8200073242188,4186
2026-04-15 14:50:00+00:00,514.6699829101562,515.7498779296875,514.4199829101562,515.0399780273438,7094
2026-04-15 14:51:00+00:00,514.8099975585938,515.1099853515625,514.530029296875,514.530029296875,4089
2026-04-15 14:52:00+00:00,515.0,515.0,513.885009765625,514.5150146484375,6308
2026-04-15 14:53:00+00:00,514.5250244140625,514.5250244140625,513.4299926757812,513.4299926757812,7052
2026-04-15 14:54:00+00:00,514.114990234375,514.114990234375,513.97998046875,513.97998046875,1571
2026-04-15 14:55:00+00:00,513.2550048828125,513.969970703125,512.5599975585938,513.969970703125,4967
2026-04-15 14:56:00+00:00,513.7650146484375,514.2899780273438,513.5,513.5,4317
2026-04-15 14:57:00+00:00,513.25,513.8098754882812,512.9199829101562,513.8098754882812,7953
2026-04-15 14:58:00+00:00,513.7999877929688,513.7999877929688,512.52001953125,512.52001953125,3902
2026-04-15 14:59:00+00:00,512.7100219726562,512.9299926757812,511.4200134277344,511.5799865722656,7153
2026-04-15 15:00:00+00:00,511.5799865722656,511.8299865722656,510.2999877929688,510.2999877929688,8549
2026-04-15 15:01:00+00:00,510.30999755859375,511.0,510.125,511.0,5901
2026-04-15 15:02:00+00:00,510.4700012207031,510.5499877929688,509.2962036132813,509.885009765625,13269
2026-04-15 15:03:00+00:00,510.1400146484375,510.1650085449219,509.1400146484375,509.6900024414063,7138
2026-04-15 15:04:00+00:00,510.0799865722656,511.2749938964844,510.0799865722656,511.2749938964844,4283
2026-04-15 15:05:00+00:00,511.2799987792969,511.4700012207031,510.6199951171875,511.010009765625,4731
2026-04-15 15:06:00+00:00,510.8699951171875,510.8699951171875,509.6650085449219,509.6900024414063,8854
2026-04-15 15:07:00+00:00,509.5700073242188,509.9949951171875,509.489990234375,509.989990234375,2632
2026-04-15 15:08:00+00:00,509.5300903320313,511.05999755859375,509.5300903320313,511.05999755859375,5182
2026-04-15 15:09:00+00:00,511.4400024414063,511.4400024414063,510.4800109863281,510.93499755859375,4531
2026-04-15 15:10:00+00:00,510.5799865722656,510.93499755859375,510.43499755859375,510.4849853515625,5048
2026-04-15 15:11:00+00:00,510.4100036621094,510.9450073242188,510.4100036621094,510.8900146484375,4191
2026-04-15 15:12:00+00:00,510.9549865722656,512.0,510.80999755859375,511.9400024414063,7747
2026-04-15 15:13:00+00:00,512.2650146484375,512.4099731445312,512.2650146484375,512.4099731445312,1741
2026-04-15 15:14:00+00:00,512.22998046875,512.9393920898438,512.1900024414062,512.9299926757812,4845
2026-04-15 15:15:00+00:00,513.2349853515625,513.2349853515625,511.989990234375,512.2800903320312,5589
2026-04-15 15:16:00+00:00,511.5700988769531,512.344970703125,511.5700988769531,512.2780151367188,2239
2026-04-15 15:17:00+00:00,511.4599914550781,512.3900146484375,511.4599914550781,512.0900268554688,5706
2026-04-15 15:18:00+00:00,512.3800048828125,512.3800048828125,512.3800048828125,512.3800048828125,980
2026-04-15 15:19:00+00:00,512.6950073242188,513.0,512.3900756835938,512.7849731445312,14669
2026-04-15 15:20:00+00:00,512.3900146484375,512.3900146484375,511.3299865722656,511.3299865722656,4490
2026-04-15 15:21:00+00:00,511.4800109863281,512.7100219726562,511.4800109863281,512.1400146484375,6605
2026-04-15 15:22:00+00:00,512.125,512.4949951171875,512.125,512.4949951171875,2746
2026-04-15 15:23:00+00:00,512.0,512.0,511.0299987792969,511.0799865722656,5714
2026-04-15 15:24:00+00:00,511.0199890136719,511.4400024414063,510.8699951171875,511.4400024414063,6528
2026-04-15 15:25:00+00:00,510.55999755859375,510.9400024414063,510.1700134277344,510.3800048828125,6098
2026-04-15 15:26:00+00:00,510.260009765625,510.2749938964844,509.6799926757813,509.6799926757813,5353
2026-04-15 15:27:00+00:00,509.6099853515625,509.6099853515625,509.0199890136719,509.2999877929688,6970
2026-04-15 15:28:00+00:00,509.2000122070313,509.3999938964844,509.0,509.0,2857
2026-04-15 15:29:00+00:00,509.2699890136719,509.7998962402344,508.4450073242188,508.4500122070313,8017
2026-04-15 15:30:00+00:00,508.4500122070313,508.8999938964844,508.2099914550781,508.5650024414063,5792
2026-04-15 15:31:00+00:00,508.30999755859375,509.3399963378906,508.30999755859375,508.7799987792969,12881
2026-04-15 15:32:00+00:00,508.6099853515625,508.6099853515625,507.25,507.635009765625,8319
2026-04-15 15:33:00+00:00,507.5,508.0299987792969,507.5,508.0299987792969,4392
2026-04-15 15:34:00+00:00,507.7650146484375,507.7650146484375,506.8699951171875,506.8699951171875,8593
2026-04-15 15:35:00+00:00,507.18499755859375,507.18499755859375,506.4500122070313,507.0,7163
2026-04-15 15:36:00+00:00,507.2300109863281,507.510009765625,506.010009765625,506.0798950195313,4845
2026-04-15 15:37:00+00:00,506.3399963378906,506.6099853515625,505.9100036621094,505.9500122070313,5427
2026-04-15 15:38:00+00:00,506.55999755859375,507.1651916503906,506.3599853515625,506.3699951171875,5461
2026-04-15 15:39:00+00:00,506.3299865722656,506.3550109863281,505.5,505.7850036621094,4380
2026-04-15 15:40:00+00:00,505.9364013671875,506.7200012207031,505.8200073242188,506.7200012207031,9137
2026-04-15 15:41:00+00:00,507.010009765625,507.5450134277344,507.010009765625,507.5450134277344,1887
2026-04-15 15:42:00+00:00,507.3500061035156,507.6700134277344,507.3500061035156,507.3599853515625,2668
2026-04-15 15:43:00+00:00,507.6799926757813,508.4200134277344,507.6799926757813,508.0700073242188,7721
2026-04-15 15:44:00+00:00,508.260009765625,508.4800109863281,508.260009765625,508.4800109863281,1457
2026-04-15 15:45:00+00:00,508.1099853515625,509.2699890136719,508.1099853515625,509.260009765625,9421
2026-04-15 15:46:00+00:00,509.1700134277344,509.1700134277344,508.3399963378906,508.6199951171875,4874
2026-04-15 15:47:00+00:00,508.6749877929688,509.4599914550781,508.6749877929688,509.3699951171875,2063
2026-04-15 15:48:00+00:00,509.1099853515625,509.4299926757813,508.7900085449219,509.1099853515625,7108
2026-04-15 15:49:00+00:00,509.4498901367188,509.4498901367188,508.3299865722656,508.3299865722656,3347
2026-04-15 15:50:00+00:00,508.3699951171875,508.3699951171875,507.05999755859375,507.05999755859375,5638
2026-04-15 15:51:00+00:00,507.239990234375,507.6950073242188,507.2300109863281,507.5,3021
2026-04-15 15:52:00+00:00,508.139892578125,508.139892578125,507.30999755859375,507.9299926757813,3315
2026-04-15 15:53:00+00:00,507.8150024414063,507.8150024414063,507.3900146484375,507.7099914550781,1593
2026-04-15 15:54:00+00:00,507.7099914550781,507.7900085449219,507.3450012207031,507.3450012207031,2224
2026-04-15 15:55:00+00:00,507.2099914550781,507.5700073242188,507.0584106445313,507.2049865722656,5947
2026-04-15 15:56:00+00:00,507.1600036621094,507.6900024414063,506.5199890136719,507.6900024414063,11535
2026-04-15 15:57:00+00:00,507.30999755859375,507.8599853515625,507.30999755859375,507.5199890136719,2280
2026-04-15 15:58:00+00:00,507.1700134277344,510.3500061035156,507.0072021484375,510.3500061035156,12367
2026-04-15 15:59:00+00:00,510.5450134277344,511.0,510.1300048828125,510.6300048828125,6017
2026-04-15 16:00:00+00:00,510.9399108886719,512.1400146484375,510.2900085449219,512.1400146484375,8101
2026-04-15 16:01:00+00:00,511.4450988769531,511.4450988769531,510.7699890136719,510.7699890136719,2018
2026-04-15 16:02:00+00:00,510.6650085449219,511.1600036621094,510.1099853515625,510.1099853515625,4324
2026-04-15 16:03:00+00:00,510.4700012207031,511.2699890136719,510.4599914550781,510.8500061035156,5959
2026-04-15 16:04:00+00:00,511.6099853515625,511.6099853515625,510.5700073242188,510.5700073242188,4933
2026-04-15 16:05:00+00:00,510.3500061035156,510.5700073242188,510.3500061035156,510.5700073242188,1594
2026-04-15 16:06:00+00:00,510.6000061035156,511.2999877929688,510.6000061035156,510.8699951171875,3816
2026-04-15 16:07:00+00:00,511.0700073242188,511.0700073242188,508.2699890136719,508.2699890136719,20569
2026-04-15 16:08:00+00:00,508.6099853515625,508.9500122070313,508.6099853515625,508.6950073242188,1938
2026-04-15 16:09:00+00:00,508.6950073242188,509.1950073242188,508.6950073242188,509.1950073242188,2400
2026-04-15 16:10:00+00:00,509.0150146484375,509.2000122070313,508.7799987792969,508.7799987792969,1903
2026-04-15 16:11:00+00:00,509.2149963378906,509.9999084472656,509.2149963378906,509.7000122070313,3218
2026-04-15 16:12:00+00:00,510.0,510.0050048828125,509.5899963378906,510.0,3575
2026-04-15 16:13:00+00:00,510.0,510.5199890136719,509.8550109863281,510.5199890136719,28553
2026-04-15 16:14:00+00:00,510.2900085449219,510.5199890136719,510.2900085449219,510.2900085449219,1187
2026-04-15 16:15:00+00:00,510.7099914550781,511.1979064941406,510.5499877929688,510.5499877929688,4450
2026-04-15 16:16:00+00:00,510.93499755859375,511.2999877929688,510.9299926757813,511.2999877929688,929
2026-04-15 16:17:00+00:00,511.6300048828125,511.8399963378906,511.6199951171875,511.6199951171875,1765
2026-04-15 16:18:00+00:00,511.3500061035156,511.3500061035156,510.0,510.8599853515625,15746
2026-04-15 16:19:00+00:00,510.4400939941406,510.4400939941406,510.4299926757813,510.4299926757813,1575
2026-04-15 16:20:00+00:00,510.5799865722656,511.1600036621094,510.5799865722656,511.1600036621094,20834
2026-04-15 16:21:00+00:00,511.3399963378906,511.3399963378906,510.4750061035156,510.4750061035156,2918
2026-04-15 16:22:00+00:00,510.9400024414063,510.9400024414063,510.6600036621094,510.7000122070313,3637
2026-04-15 16:23:00+00:00,510.7099914550781,510.7099914550781,510.7099914550781,510.7099914550781,988
2026-04-15 16:24:00+00:00,510.7000122070313,511.0400085449219,510.7000122070313,511.0400085449219,1328
2026-04-15 16:25:00+00:00,511.135009765625,511.135009765625,510.3399963378906,510.5990905761719,3882
2026-04-15 16:26:00+00:00,510.4299926757813,510.4299926757813,510.4200134277344,510.4200134277344,578
2026-04-15 16:27:00+00:00,510.7200012207031,510.7200012207031,510.0000915527344,510.0000915527344,3757
2026-04-15 16:28:00+00:00,510.25,510.2900085449219,510.2300109863281,510.2900085449219,1600
2026-04-15 16:29:00+00:00,510.1600036621094,510.1600036621094,509.7799987792969,509.9949951171875,3615
2026-04-15 16:30:00+00:00,510.1799926757813,510.1799926757813,510.125,510.1799926757813,1324
2026-04-15 16:31:00+00:00,510.1449890136719,511.010009765625,509.5400085449219,509.7200012207031,8089
2026-04-15 16:32:00+00:00,509.7300109863281,509.7300109863281,509.3299865722656,509.6650085449219,1215
2026-04-15 16:33:00+00:00,509.4700012207031,509.4700012207031,509.2099914550781,509.3399963378906,2642
2026-04-15 16:34:00+00:00,509.3399963378906,509.3699951171875,509.2300109863281,509.2300109863281,1743
2026-04-15 16:35:00+00:00,509.7699890136719,509.7900085449219,509.1795043945313,509.6000061035156,1705
2026-04-15 16:36:00+00:00,509.9599914550781,509.9599914550781,509.2413940429688,509.2413940429688,2813
2026-04-15 16:37:00+00:00,509.6650085449219,509.8450012207031,509.5,509.6799926757813,6967
2026-04-15 16:38:00+00:00,508.9045104980469,509.1799926757813,508.7799987792969,508.7799987792969,2718
2026-04-15 16:39:00+00:00,509.1946105957031,509.1946105957031,509.1946105957031,509.1946105957031,595
2026-04-15 16:40:00+00:00,508.80999755859375,508.80999755859375,508.0,508.1199951171875,5328
2026-04-15 16:41:00+00:00,507.9500122070313,507.9500122070313,507.0299987792969,507.2099914550781,6364
2026-04-15 16:42:00+00:00,507.4100036621094,508.2500915527344,507.4100036621094,508.2500915527344,3295
2026-04-15 16:43:00+00:00,508.2099914550781,508.2300109863281,507.7900085449219,507.7900085449219,2550
2026-04-15 16:44:00+00:00,507.2349853515625,507.2349853515625,506.29010009765625,506.29010009765625,3016
2026-04-15 16:45:00+00:00,507.2099914550781,507.3200073242188,506.9100036621094,507.3200073242188,4624
2026-04-15 16:46:00+00:00,507.30999755859375,507.30999755859375,506.5799865722656,506.7432861328125,7628
2026-04-15 16:47:00+00:00,506.6000061035156,506.6700134277344,506.1700134277344,506.5,3746
2026-04-15 16:48:00+00:00,506.3280944824219,507.3952941894531,506.1799926757813,507.3952941894531,5889
2026-04-15 16:49:00+00:00,507.1799926757813,507.2349853515625,507.0350036621094,507.2349853515625,2546
2026-04-15 16:50:00+00:00,507.6799926757813,507.8349914550781,507.1099853515625,507.8349914550781,2044
2026-04-15 16:51:00+00:00,507.7250061035156,507.7250061035156,507.0,507.0,4777
2026-04-15 16:52:00+00:00,506.55999755859375,506.6749877929688,505.9649963378906,505.9649963378906,5872
2026-04-15 16:53:00+00:00,506.135009765625,507.1650085449219,505.8580017089844,507.1650085449219,6894
2026-04-15 16:54:00+00:00,507.6499938964844,507.6499938964844,506.68499755859375,506.7349853515625,3680
2026-04-15 16:55:00+00:00,506.1799926757813,507.1900024414063,505.5700988769531,507.1900024414063,5510
2026-04-15 16:56:00+00:00,507.0,507.3800048828125,506.1199951171875,507.3800048828125,4404
2026-04-15 16:57:00+00:00,508.0086059570313,508.1050109863281,507.6700134277344,507.6700134277344,2195
2026-04-15 16:58:00+00:00,508.3299865722656,508.6900024414063,508.1050109863281,508.1050109863281,4928
2026-04-15 16:59:00+00:00,508.0,508.2250061035156,507.6549987792969,507.7699890136719,3669
2026-04-15 17:00:00+00:00,507.6900024414063,508.3200073242188,507.3500061035156,508.30999755859375,7992
2026-04-15 17:01:00+00:00,508.30999755859375,508.30999755859375,507.3999938964844,507.3999938964844,3279
2026-04-15 17:02:00+00:00,507.5199890136719,507.7699890136719,507.2799987792969,507.5950012207031,5964
2026-04-15 17:03:00+00:00,507.7999877929688,508.8799133300781,507.7999877929688,508.4450073242188,5237
2026-04-15 17:04:00+00:00,508.8599853515625,509.3219909667969,508.6600036621094,509.0,3043
2026-04-15 17:05:00+00:00,509.0,509.5950012207031,509.0,509.4299926757813,3622
2026-04-15 17:06:00+00:00,509.2000122070313,509.2200012207031,509.0,509.2099914550781,2862
2026-04-15 17:07:00+00:00,509.2099914550781,509.7799987792969,509.2099914550781,509.7000122070313,2790
2026-04-15 17:08:00+00:00,509.8500061035156,509.9100036621094,509.2174987792969,509.4100036621094,6542
2026-04-15 17:09:00+00:00,509.239990234375,509.70989990234375,509.239990234375,509.4750061035156,1452
2026-04-15 17:10:00+00:00,509.6000061035156,509.7099914550781,509.4599914550781,509.4599914550781,1790
2026-04-15 17:11:00+00:00,509.4549865722656,509.9200134277344,509.3299865722656,509.9200134277344,4470
2026-04-15 17:12:00+00:00,509.8200073242188,509.8200073242188,509.0799865722656,509.1400146484375,3694
2026-04-15 17:13:00+00:00,509.239990234375,509.7000122070313,509.239990234375,509.6900024414063,1824
2026-04-15 17:14:00+00:00,509.6900024414063,509.8500061035156,509.6900024414063,509.8500061035156,1514
2026-04-15 17:15:00+00:00,509.8500061035156,510.3599853515625,509.8500061035156,510.0499877929688,2762
2026-04-15 17:16:00+00:00,510.1300048828125,510.4100036621094,509.7200012207031,509.9100036621094,6188
2026-04-15 17:17:00+00:00,509.8999938964844,510.30999755859375,509.7200012207031,510.30999755859375,3188
2026-04-15 17:18:00+00:00,510.4125061035156,510.5899963378906,510.4125061035156,510.5899963378906,3080
2026-04-15 17:19:00+00:00,510.5450134277344,510.5450134277344,510.5450134277344,510.5450134277344,462
2026-04-15 17:20:00+00:00,510.4750061035156,510.4750061035156,510.1600036621094,510.4249877929688,2984
2026-04-15 17:21:00+00:00,510.0899963378906,510.1499938964844,509.9049987792969,509.9150085449219,3401
2026-04-15 17:22:00+00:00,509.80999755859375,509.9400024414063,509.510009765625,509.6549987792969,7000
2026-04-15 17:24:00+00:00,510.2449951171875,510.4700012207031,510.2449951171875,510.4700012207031,1220
2026-04-15 17:25:00+00:00,510.4599914550781,510.739990234375,510.1900024414063,510.7049865722656,6780
2026-04-15 17:26:00+00:00,510.510009765625,510.7200012207031,510.2799987792969,510.7200012207031,2289
2026-04-15 17:27:00+00:00,510.7999877929688,510.8450012207031,510.5499877929688,510.6749877929688,3967
2026-04-15 17:28:00+00:00,510.4599914550781,510.4599914550781,509.8500061035156,510.2000122070313,3861
2026-04-15 17:29:00+00:00,510.3999938964844,510.3999938964844,509.9700012207031,509.9700012207031,1871
2026-04-15 17:30:00+00:00,509.5799865722656,510.2398986816406,509.5799865722656,509.8900146484375,2005
2026-04-15 17:31:00+00:00,509.8800048828125,510.2000122070313,509.8399963378906,510.0700073242188,2743
2026-04-15 17:32:00+00:00,510.1650085449219,510.2699890136719,510.1650085449219,510.1749877929688,1801
2026-04-15 17:33:00+00:00,510.3900146484375,510.989990234375,510.3900146484375,510.989990234375,2243
2026-04-15 17:34:00+00:00,510.7449951171875,511.2850036621094,510.7449951171875,511.2850036621094,3566
2026-04-15 17:35:00+00:00,511.30999755859375,512.5800170898438,511.1600036621094,512.2750244140625,8968
2026-04-15 17:36:00+00:00,512.3699951171875,512.3699951171875,512.0001220703125,512.2999877929688,3784
2026-04-15 17:37:00+00:00,512.1849975585938,512.1849975585938,511.9599914550781,512.0,3082
2026-04-15 17:38:00+00:00,512.2650146484375,512.4450073242188,511.9601135253906,512.4450073242188,870
2026-04-15 17:39:00+00:00,512.2999877929688,512.344970703125,512.2999877929688,512.344970703125,2301
2026-04-15 17:40:00+00:00,512.1651000976562,512.1651000976562,511.8699951171875,511.8699951171875,1515
2026-04-15 17:41:00+00:00,511.8900146484375,511.8900146484375,511.1499938964844,511.2200012207031,7572
2026-04-15 17:42:00+00:00,511.1700134277344,511.1700134277344,511.010009765625,511.1000061035156,3334
2026-04-15 17:43:00+00:00,511.25,511.25,511.25,511.25,587
2026-04-15 17:44:00+00:00,511.2699890136719,511.2749938964844,510.9599914550781,511.2749938964844,2272
2026-04-15 17:45:00+00:00,511.2099914550781,511.5299987792969,511.0199890136719,511.2300109863281,5520
2026-04-15 17:46:00+00:00,511.2349853515625,511.2449951171875,510.739990234375,510.739990234375,3272
2026-04-15 17:47:00+00:00,510.9750061035156,511.5700073242188,510.9750061035156,511.55999755859375,4095
2026-04-15 17:48:00+00:00,511.6000061035156,511.6000061035156,511.52099609375,511.6000061035156,4050
2026-04-15 17:49:00+00:00,511.875,512.2100219726562,511.875,512.2100219726562,3306
2026-04-15 17:50:00+00:00,512.2349853515625,512.3200073242188,512.0499877929688,512.0499877929688,5377
2026-04-15 17:51:00+00:00,512.0999755859375,512.780029296875,512.0,512.77880859375,20047
2026-04-15 17:52:00+00:00,512.780029296875,512.780029296875,512.4550170898438,512.4650268554688,746
2026-04-15 17:53:00+00:00,512.4450073242188,512.7899780273438,511.4200134277344,512.4299926757812,7591
2026-04-15 17:54:00+00:00,512.1099853515625,512.4600219726562,512.1099853515625,512.3250122070312,3454
2026-04-15 17:55:00+00:00,512.3400268554688,512.3599853515625,512.3400268554688,512.3599853515625,2123
2026-04-15 17:56:00+00:00,512.6400146484375,512.6400146484375,512.469970703125,512.6199951171875,1448
2026-04-15 17:57:00+00:00,512.4550170898438,512.4550170898438,512.4249877929688,512.4249877929688,1684
2026-04-15 17:58:00+00:00,512.5899047851562,512.5899047851562,511.9299926757813,512.1400146484375,7530
2026-04-15 17:59:00+00:00,512.3200073242188,512.989990234375,512.3200073242188,512.989990234375,13124
2026-04-15 18:00:00+00:00,512.6099853515625,513.0399780273438,512.6099853515625,513.030029296875,4181
2026-04-15 18:01:00+00:00,513.030029296875,514.0650024414062,512.780029296875,513.7750244140625,11674
2026-04-15 18:02:00+00:00,513.77001953125,515.280029296875,513.77001953125,514.9000244140625,11607
2026-04-15 18:03:00+00:00,514.875,514.8900146484375,514.875,514.8900146484375,3141
2026-04-15 18:04:00+00:00,514.5700073242188,514.6300048828125,513.5499877929688,513.9000244140625,7560
2026-04-15 18:05:00+00:00,513.780029296875,514.2899169921875,513.6199951171875,514.1300048828125,6272
2026-04-15 18:06:00+00:00,515.1898803710938,515.1898803710938,514.2901000976562,514.9749755859375,6898
2026-04-15 18:07:00+00:00,514.969970703125,514.969970703125,514.010009765625,514.010009765625,4716
2026-04-15 18:08:00+00:00,514.0050048828125,514.655029296875,514.0050048828125,514.6500244140625,5359
2026-04-15 18:09:00+00:00,514.7249755859375,514.7249755859375,514.1300048828125,514.655029296875,7904
2026-04-15 18:10:00+00:00,515.0,515.0,514.5599975585938,514.5599975585938,4663
2026-04-15 18:11:00+00:00,514.7000122070312,515.0349731445312,514.625,515.0,3312
2026-04-15 18:12:00+00:00,515.1749877929688,515.5,514.8900146484375,515.4749755859375,5831
2026-04-15 18:13:00+00:00,515.3599853515625,515.4000244140625,515.3599853515625,515.4000244140625,3535
2026-04-15 18:14:00+00:00,515.2000122070312,515.2000122070312,515.155029296875,515.155029296875,3483
2026-04-15 18:15:00+00:00,515.3099975585938,515.719970703125,515.0900268554688,515.719970703125,5755
2026-04-15 18:16:00+00:00,515.8099975585938,516.0900268554688,515.7750244140625,516.0900268554688,6545
2026-04-15 18:17:00+00:00,516.3900146484375,516.3900146484375,515.7899780273438,515.9749755859375,3844
2026-04-15 18:18:00+00:00,515.3900146484375,515.3900146484375,515.1701049804688,515.1701049804688,1961
2026-04-15 18:19:00+00:00,515.1500244140625,515.3682250976562,515.1500244140625,515.3682250976562,2277
2026-04-15 18:20:00+00:00,515.3900146484375,516.0599975585938,515.3900146484375,516.0599975585938,5732
2026-04-15 18:21:00+00:00,515.97998046875,517.219970703125,515.97998046875,516.4600830078125,4572
2026-04-15 18:22:00+00:00,516.8300170898438,516.8300170898438,516.6799926757812,516.6799926757812,2427
2026-04-15 18:23:00+00:00,516.5,516.760009765625,516.4299926757812,516.5,5435
2026-04-15 18:24:00+00:00,516.4849853515625,516.7000122070312,516.4849853515625,516.7000122070312,3936
2026-04-15 18:25:00+00:00,516.8350219726562,516.8350219726562,516.5999755859375,516.5999755859375,1643
2026-04-15 18:26:00+00:00,516.469970703125,516.469970703125,516.2750244140625,516.4450073242188,2232
2026-04-15 18:27:00+00:00,516.4400024414062,516.4400024414062,516.4400024414062,516.4400024414062,1186
2026-04-15 18:28:00+00:00,516.4349975585938,516.4349975585938,516.0,516.0,2315
2026-04-15 18:29:00+00:00,515.9000244140625,516.0750122070312,515.9000244140625,516.0750122070312,2202
2026-04-15 18:30:00+00:00,515.7949829101562,516.1199951171875,515.7899780273438,516.1199951171875,4523
2026-04-15 18:31:00+00:00,516.02001953125,516.4099731445312,516.02001953125,516.3499755859375,2761
2026-04-15 18:32:00+00:00,516.4450073242188,516.5800170898438,516.4249877929688,516.4249877929688,1390
2026-04-15 18:33:00+00:00,516.4249877929688,516.5999755859375,516.2418212890625,516.5999755859375,3278
2026-04-15 18:34:00+00:00,516.7000122070312,516.7000122070312,516.1400146484375,516.3200073242188,2037
2026-04-15 18:35:00+00:00,516.364990234375,516.5800170898438,516.1500244140625,516.4400024414062,4013
2026-04-15 18:36:00+00:00,516.6500244140625,516.7750244140625,516.5999755859375,516.7750244140625,5640
2026-04-15 18:37:00+00:00,516.97998046875,517.0850219726562,516.97998046875,517.0850219726562,1269
2026-04-15 18:38:00+00:00,516.7899780273438,516.9400024414062,516.719970703125,516.75,3672
2026-04-15 18:39:00+00:00,516.5700073242188,516.5700073242188,516.4199829101562,516.4949951171875,4529
2026-04-15 18:40:00+00:00,516.4949951171875,516.5,516.10009765625,516.364990234375,2308
2026-04-15 18:41:00+00:00,516.1699829101562,516.8300170898438,516.1699829101562,516.3699951171875,3419
2026-04-15 18:42:00+00:00,516.4650268554688,516.5599975585938,516.3300170898438,516.3599853515625,3546
2026-04-15 18:43:00+00:00,516.3300170898438,516.4400024414062,516.3049926757812,516.4349975585938,7661
2026-04-15 18:44:00+00:00,516.2000122070312,516.4199829101562,516.0700073242188,516.4199829101562,6439
2026-04-15 18:45:00+00:00,516.6199951171875,516.655029296875,516.6199951171875,516.655029296875,1320
2026-04-15 18:46:00+00:00,516.6900024414062,516.6900024414062,516.5900268554688,516.5900268554688,2530
2026-04-15 18:47:00+00:00,516.28662109375,516.489990234375,516.280029296875,516.4099731445312,2259
2026-04-15 18:48:00+00:00,516.239990234375,516.4349975585938,516.239990234375,516.4349975585938,1242
2026-04-15 18:49:00+00:00,516.4000244140625,516.75,516.280029296875,516.75,5522
2026-04-15 18:50:00+00:00,517.0499877929688,517.375,516.989990234375,517.2899780273438,2512
2026-04-15 18:51:00+00:00,517.39501953125,517.4500122070312,517.39501953125,517.4500122070312,2943
2026-04-15 18:52:00+00:00,517.364990234375,517.6392211914062,517.219970703125,517.6392211914062,5051
2026-04-15 18:53:00+00:00,517.739990234375,517.739990234375,517.5999755859375,517.5999755859375,2895
2026-04-15 18:54:00+00:00,517.7100219726562,517.8800048828125,517.7100219726562,517.739990234375,1523
2026-04-15 18:55:00+00:00,517.5999755859375,517.8699951171875,517.5399780273438,517.8200073242188,6111
2026-04-15 18:56:00+00:00,517.6500244140625,517.6500244140625,517.5700073242188,517.5700073242188,2470
2026-04-15 18:57:00+00:00,517.7050170898438,517.8599853515625,517.7050170898438,517.8599853515625,1524
2026-04-15 18:58:00+00:00,518.0,518.1950073242188,517.9105224609375,517.9105224609375,2326
2026-04-15 18:59:00+00:00,518.239990234375,518.469970703125,518.0399780273438,518.239990234375,3403
2026-04-15 19:00:00+00:00,518.4583740234375,519.2249755859375,518.2100219726562,518.72998046875,9515
2026-04-15 19:01:00+00:00,518.8400268554688,518.8699951171875,518.330322265625,518.330322265625,3024
2026-04-15 19:02:00+00:00,518.5999755859375,518.8699951171875,518.27001953125,518.5,2007
2026-04-15 19:03:00+00:00,518.3099975585938,519.4199829101562,518.3099975585938,519.0599975585938,6407
2026-04-15 19:04:00+00:00,518.8800048828125,519.0650024414062,518.7301025390625,518.7301025390625,2466
2026-04-15 19:05:00+00:00,519.27001953125,519.27001953125,519.0399780273438,519.1751098632812,2233
2026-04-15 19:06:00+00:00,519.0,519.6649780273438,519.0,519.6599731445312,4705
2026-04-15 19:07:00+00:00,519.6599731445312,520.0,519.6599731445312,519.9500122070312,9889
2026-04-15 19:08:00+00:00,519.9550170898438,520.0549926757812,519.5599975585938,519.5599975585938,7534
2026-04-15 19:09:00+00:00,519.8599853515625,519.8599853515625,519.3001098632812,519.4199829101562,6101
2026-04-15 19:10:00+00:00,519.330078125,519.6300048828125,519.330078125,519.60498046875,2830
2026-04-15 19:11:00+00:00,519.655029296875,520.0999755859375,518.8900146484375,519.27001953125,5621
2026-04-15 19:12:00+00:00,519.5750122070312,519.801025390625,519.340087890625,519.340087890625,2370
2026-04-15 19:13:00+00:00,519.739990234375,520.030029296875,519.739990234375,519.905029296875,3484
2026-04-15 19:14:00+00:00,519.9000244140625,519.989990234375,519.340087890625,519.7899780273438,8784
2026-04-15 19:15:00+00:00,519.5809936523438,520.0900268554688,519.4099731445312,519.6649780273438,54424
2026-04-15 19:16:00+00:00,519.239990234375,519.4099731445312,519.0700073242188,519.1224975585938,2498
2026-04-15 19:17:00+00:00,519.1500244140625,519.6699829101562,518.97998046875,519.27001953125,5504
2026-04-15 19:18:00+00:00,519.27001953125,519.5800170898438,519.02001953125,519.3001098632812,5401
2026-04-15 19:19:00+00:00,519.5599975585938,519.5798950195312,519.3099975585938,519.5798950195312,5518
2026-04-15 19:20:00+00:00,519.405029296875,519.405029296875,519.1400146484375,519.1400146484375,3495
2026-04-15 19:21:00+00:00,519.219970703125,519.219970703125,518.4000244140625,518.5275268554688,12996
2026-04-15 19:22:00+00:00,518.5499877929688,518.9611206054688,518.5499877929688,518.8150024414062,6816
2026-04-15 19:23:00+00:00,518.8099975585938,519.1699829101562,518.8099975585938,518.97998046875,6963
2026-04-15 19:24:00+00:00,518.780029296875,518.780029296875,518.5449829101562,518.5449829101562,3703
2026-04-15 19:25:00+00:00,518.64501953125,518.6851196289062,518.489990234375,518.5499877929688,3329
2026-04-15 19:26:00+00:00,518.6900024414062,518.9400024414062,518.6900024414062,518.9400024414062,3071
2026-04-15 19:27:00+00:00,518.5,518.8499755859375,518.5,518.8499755859375,3513
2026-04-15 19:28:00+00:00,518.7550048828125,518.7550048828125,518.75,518.75,2121
2026-04-15 19:29:00+00:00,518.6599731445312,518.8300170898438,518.6599731445312,518.8300170898438,3674
2026-04-15 19:30:00+00:00,519.0,519.1099853515625,518.9949951171875,519.1099853515625,3332
2026-04-15 19:31:00+00:00,519.14501953125,519.14501953125,518.7000122070312,518.9450073242188,7905
2026-04-15 19:32:00+00:00,518.8900146484375,519.0700073242188,518.8350219726562,519.052490234375,4545
2026-04-15 19:33:00+00:00,518.8900146484375,518.8925170898438,518.5800170898438,518.5800170898438,6068
2026-04-15 19:34:00+00:00,518.6900024414062,519.2949829101562,518.6900024414062,519.2899780273438,4633
2026-04-15 19:35:00+00:00,519.2750244140625,519.5,519.1300048828125,519.14501953125,11234
2026-04-15 19:36:00+00:00,519.1199951171875,519.7000122070312,519.1199951171875,519.7000122070312,7223
2026-04-15 19:37:00+00:00,519.5650024414062,519.5650024414062,519.4400024414062,519.489990234375,4642
2026-04-15 19:38:00+00:00,519.5349731445312,519.5349731445312,519.030029296875,519.25,6705
2026-04-15 19:39:00+00:00,519.14501953125,519.280029296875,518.8400268554688,519.239990234375,5348
2026-04-15 19:40:00+00:00,519.1799926757812,519.3400268554688,518.9600219726562,519.0349731445312,5732
2026-04-15 19:41:00+00:00,519.0999755859375,519.114990234375,518.25,518.25,9091
2026-04-15 19:42:00+00:00,518.3499755859375,518.4099731445312,518.0601196289062,518.1599731445312,7204
2026-04-15 19:43:00+00:00,518.1699829101562,518.1699829101562,517.8800048828125,517.97998046875,10589
2026-04-15 19:44:00+00:00,518.0399780273438,518.1900024414062,517.75,517.75,7009
2026-04-15 19:45:00+00:00,517.5599975585938,517.77001953125,517.4199829101562,517.77001953125,5394
2026-04-15 19:46:00+00:00,517.8499145507812,518.14501953125,517.780029296875,518.0449829101562,6451
2026-04-15 19:47:00+00:00,518.1699829101562,518.6400146484375,518.1699829101562,518.5900268554688,4151
2026-04-15 19:48:00+00:00,518.635009765625,518.635009765625,518.4500122070312,518.6199951171875,3866
2026-04-15 19:49:00+00:00,518.6500244140625,518.6500244140625,518.27001953125,518.39501953125,5477
2026-04-15 19:50:00+00:00,518.5399780273438,519.0650024414062,518.5399780273438,518.9500122070312,15783
2026-04-15 19:51:00+00:00,519.1099853515625,519.2899780273438,518.9000244140625,519.0399780273438,9097
2026-04-15 19:52:00+00:00,518.9949951171875,519.6799926757812,518.9949951171875,519.0,10471
2026-04-15 19:53:00+00:00,519.155029296875,519.1699829101562,518.7000122070312,518.9500122070312,17283
2026-04-15 19:54:00+00:00,518.9201049804688,519.1199951171875,518.6400146484375,518.9949951171875,20248
2026-04-15 19:55:00+00:00,519.1199951171875,520.0,519.10498046875,519.4299926757812,22907
2026-04-15 19:56:00+00:00,519.4450073242188,519.5700073242188,518.8925170898438,518.8925170898438,22740
2026-04-15 19:57:00+00:00,518.7849731445312,519.4400024414062,518.5900268554688,519.4400024414062,29641
2026-04-15 19:58:00+00:00,519.489990234375,520.0,519.489990234375,520.0,40052
2026-04-15 19:59:00+00:00,520.0,520.0599975585938,519.27001953125,519.280029296875,94162
2026-04-16 13:30:00+00:00,511.760009765625,515.0,510.0,511.3900146484375,103837
2026-04-16 13:31:00+00:00,511.3900146484375,512.7399291992188,507.9400024414063,508.2250061035156,9105
2026-04-16 13:32:00+00:00,508.2250061035156,509.3599853515625,506.0,507.2333068847656,11835
2026-04-16 13:33:00+00:00,508.5549926757813,512.280029296875,507.5101013183594,510.0050048828125,14655
2026-04-16 13:34:00+00:00,510.0499877929688,515.1950073242188,509.8200073242188,514.0,14544
2026-04-16 13:35:00+00:00,514.9400024414062,515.77001953125,513.3499755859375,513.989990234375,16440
2026-04-16 13:36:00+00:00,513.030029296875,513.030029296875,510.8999938964844,511.864990234375,10097
2026-04-16 13:37:00+00:00,511.3200073242188,512.9600219726562,511.3200073242188,512.1199951171875,7272
2026-04-16 13:38:00+00:00,512.760009765625,516.5599975585938,512.760009765625,516.0,7348
2026-04-16 13:39:00+00:00,515.5650024414062,518.0999755859375,515.5650024414062,516.47998046875,12756
2026-04-16 13:40:00+00:00,516.719970703125,522.3800048828125,516.625,522.1699829101562,21346
2026-04-16 13:41:00+00:00,523.0,523.8355712890625,517.780029296875,517.780029296875,23631
2026-04-16 13:42:00+00:00,519.6099853515625,519.7999877929688,518.0399780273438,518.7949829101562,3675
2026-04-16 13:43:00+00:00,518.0999755859375,519.6799926757812,517.6300048828125,519.6799926757812,5382
2026-04-16 13:44:00+00:00,518.0599975585938,520.0800170898438,517.9199829101562,520.0800170898438,10724
2026-04-16 13:45:00+00:00,519.6199951171875,520.4500122070312,518.9912109375,519.72998046875,3944
2026-04-16 13:46:00+00:00,519.72998046875,520.0,518.5,519.364990234375,7181
2026-04-16 13:47:00+00:00,518.8499755859375,519.1799926757812,517.9600219726562,517.9949951171875,2117
2026-04-16 13:48:00+00:00,518.47998046875,520.4041137695312,518.47998046875,520.1099853515625,4141
2026-04-16 13:49:00+00:00,519.6199951171875,519.6900024414062,519.219970703125,519.6900024414062,3572
2026-04-16 13:50:00+00:00,520.1699829101562,520.1699829101562,518.1201171875,518.3099975585938,3709
2026-04-16 13:51:00+00:00,518.7000122070312,519.0,517.27001953125,517.27001953125,18361
2026-04-16 13:52:00+00:00,516.6500244140625,517.2899780273438,515.0,515.5451049804688,9055
2026-04-16 13:53:00+00:00,515.3200073242188,516.2000122070312,513.4849853515625,513.4849853515625,6502
2026-04-16 13:54:00+00:00,514.0900268554688,515.2728271484375,513.280029296875,513.280029296875,4172
2026-04-16 13:55:00+00:00,513.5599975585938,514.47998046875,513.02001953125,514.47998046875,9016
2026-04-16 13:56:00+00:00,515.4000244140625,517.739990234375,515.3400268554688,516.77001953125,5518
2026-04-16 13:57:00+00:00,517.3300170898438,517.6099243164062,516.3200073242188,517.0551147460938,6565
2026-04-16 13:58:00+00:00,517.0549926757812,518.6599731445312,517.0,518.22998046875,8124
2026-04-16 13:59:00+00:00,518.6300048828125,520.7100219726562,518.6300048828125,519.4375,12148
2026-04-16 14:00:00+00:00,520.77001953125,521.635986328125,519.6699829101562,519.6699829101562,6839
2026-04-16 14:01:00+00:00,521.1998901367188,521.4949951171875,520.14501953125,521.4949951171875,17863
2026-04-16 14:02:00+00:00,522.0,522.2999877929688,520.9199829101562,520.9199829101562,4680
2026-04-16 14:03:00+00:00,521.0399780273438,523.7150268554688,521.0399780273438,522.9451293945312,10674
2026-04-16 14:04:00+00:00,522.97998046875,523.489990234375,522.9600219726562,523.489990234375,4584
2026-04-16 14:05:00+00:00,522.510009765625,522.510009765625,521.4400024414062,521.7249755859375,6117
2026-04-16 14:06:00+00:00,521.8200073242188,522.64501953125,521.7449951171875,522.64501953125,6740
2026-04-16 14:07:00+00:00,522.6400146484375,522.6599731445312,520.6699829101562,521.7999877929688,9134
2026-04-16 14:08:00+00:00,521.4500122070312,522.72998046875,520.52001953125,520.8599853515625,3626
2026-04-16 14:09:00+00:00,521.0150146484375,521.0250244140625,520.299072265625,521.02001953125,4503
2026-04-16 14:10:00+00:00,520.6799926757812,521.214599609375,520.6799926757812,520.8250122070312,2238
2026-04-16 14:11:00+00:00,520.9199829101562,520.9199829101562,520.7999877929688,520.9199829101562,4920
2026-04-16 14:12:00+00:00,521.02001953125,521.4298706054688,520.5499877929688,521.4199829101562,10694
2026-04-16 14:13:00+00:00,520.5599975585938,520.9949951171875,520.5499877929688,520.5499877929688,6971
2026-04-16 14:14:00+00:00,520.8489990234375,520.8489990234375,520.3599853515625,520.8400268554688,3095
2026-04-16 14:15:00+00:00,520.5599975585938,520.9400024414062,520.360107421875,520.4400024414062,2299
2026-04-16 14:16:00+00:00,520.3599853515625,521.27001953125,520.1174926757812,520.469970703125,6737
2026-04-16 14:17:00+00:00,520.4099731445312,520.4099731445312,518.9500122070312,518.9500122070312,3742
2026-04-16 14:18:00+00:00,519.280029296875,520.385009765625,518.7949829101562,519.969970703125,4326
2026-04-16 14:19:00+00:00,519.7750244140625,520.2299194335938,518.4829711914062,518.5260009765625,4424
2026-04-16 14:20:00+00:00,518.5499877929688,518.7100219726562,518.10009765625,518.3900146484375,3745
2026-04-16 14:21:00+00:00,518.6799926757812,521.02001953125,518.1199951171875,521.02001953125,4979
2026-04-16 14:22:00+00:00,520.3200073242188,521.1599731445312,520.3200073242188,521.030029296875,4617
2026-04-16 14:23:00+00:00,520.64501953125,520.64501953125,520.0700073242188,520.22998046875,3944
2026-04-16 14:24:00+00:00,520.0700073242188,521.1799926757812,520.0700073242188,521.1699829101562,2816
2026-04-16 14:25:00+00:00,520.6400146484375,520.6400146484375,519.905029296875,520.3250122070312,8386
2026-04-16 14:26:00+00:00,521.0499877929688,521.2000122070312,520.3400268554688,520.8200073242188,6995
2026-04-16 14:27:00+00:00,521.2000122070312,522.0,521.030029296875,521.3300170898438,6167
2026-04-16 14:28:00+00:00,522.219970703125,522.5,522.2000122070312,522.4136962890625,3822
2026-04-16 14:29:00+00:00,521.0599975585938,521.75439453125,520.8499755859375,520.8499755859375,1436
2026-04-16 14:30:00+00:00,520.8699951171875,520.885009765625,520.0599975585938,520.7449951171875,3676
2026-04-16 14:31:00+00:00,520.739990234375,520.739990234375,519.8699951171875,519.8699951171875,2122
2026-04-16 14:32:00+00:00,519.6500244140625,520.030029296875,519.6500244140625,520.030029296875,4874
2026-04-16 14:33:00+00:00,519.9299926757812,520.7899780273438,519.9299926757812,520.7899780273438,1881
2026-04-16 14:34:00+00:00,520.4000244140625,520.4400024414062,519.6300048828125,519.6300048828125,4732
2026-04-16 14:35:00+00:00,519.8200073242188,519.8200073242188,519.635009765625,519.635009765625,2732
2026-04-16 14:36:00+00:00,519.60498046875,520.6821899414062,519.60498046875,520.6821899414062,3064
2026-04-16 14:37:00+00:00,520.0599975585938,521.0,520.0599975585938,521.0,5386
2026-04-16 14:38:00+00:00,520.990478515625,520.990478515625,520.0501098632812,520.5250244140625,2486
2026-04-16 14:39:00+00:00,520.5250244140625,520.5250244140625,520.0800170898438,520.47998046875,3902
2026-04-16 14:40:00+00:00,520.9500122070312,520.9500122070312,520.2899780273438,520.3900146484375,2341
2026-04-16 14:41:00+00:00,520.1099853515625,520.1199951171875,520.1099853515625,520.1199951171875,1522
2026-04-16 14:42:00+00:00,519.5999755859375,519.5999755859375,519.5999755859375,519.5999755859375,1380
2026-04-16 14:43:00+00:00,520.0549926757812,520.8300170898438,520.0549926757812,520.5499877929688,4292
2026-04-16 14:44:00+00:00,520.989990234375,520.989990234375,520.2000122070312,520.4600219726562,8087
2026-04-16 14:45:00+00:00,520.52001953125,521.5499877929688,520.52001953125,521.2750244140625,4863
2026-04-16 14:46:00+00:00,521.3900146484375,521.97998046875,521.3900146484375,521.97998046875,1325
2026-04-16 14:47:00+00:00,521.47998046875,522.239990234375,521.02001953125,522.239990234375,5518
2026-04-16 14:48:00+00:00,521.9550170898438,522.0,521.4299926757812,521.7949829101562,4417
2026-04-16 14:49:00+00:00,522.5798950195312,522.5798950195312,521.7899780273438,521.8200073242188,1264
2026-04-16 14:50:00+00:00,521.72998046875,521.72998046875,520.8300170898438,520.8400268554688,3668
2026-04-16 14:51:00+00:00,521.2999877929688,521.2999877929688,520.6500244140625,520.6500244140625,2241
2026-04-16 14:52:00+00:00,520.7999877929688,521.4498901367188,519.7600708007812,520.4550170898438,4928
2026-04-16 14:53:00+00:00,520.4550170898438,520.4550170898438,520.4550170898438,520.4550170898438,763
2026-04-16 14:54:00+00:00,519.510009765625,520.4600219726562,519.5,520.239990234375,5997
2026-04-16 14:55:00+00:00,520.0499877929688,520.0499877929688,520.0499877929688,520.0499877929688,1995
2026-04-16 14:56:00+00:00,520.0499877929688,520.85498046875,519.8900146484375,520.22998046875,6642
2026-04-16 14:57:00+00:00,520.7650146484375,520.7650146484375,520.7650146484375,520.7650146484375,780
2026-04-16 14:58:00+00:00,520.8599853515625,520.8800048828125,520.719970703125,520.719970703125,4014
2026-04-16 14:59:00+00:00,520.5449829101562,520.5449829101562,520.5449829101562,520.5449829101562,1626
2026-04-16 15:00:00+00:00,520.52001953125,521.0399780273438,520.1599731445312,520.1599731445312,893
2026-04-16 15:01:00+00:00,520.0,520.530029296875,520.0,520.530029296875,3783
2026-04-16 15:02:00+00:00,520.1500244140625,521.5198974609375,520.1500244140625,521.5198974609375,6081
2026-04-16 15:03:00+00:00,521.52001953125,522.5800170898438,521.52001953125,522.2899780273438,4836
2026-04-16 15:04:00+00:00,522.0900268554688,522.4349975585938,522.0900268554688,522.4349975585938,1931
2026-04-16 15:05:00+00:00,521.9299926757812,522.1300048828125,521.614990234375,521.8400268554688,3069
2026-04-16 15:06:00+00:00,522.1799926757812,522.22998046875,521.5499877929688,521.5499877929688,2126
2026-04-16 15:07:00+00:00,521.22998046875,522.7999877929688,521.219970703125,522.7999877929688,4849
2026-04-16 15:08:00+00:00,522.4163208007812,522.4163208007812,521.9099731445312,521.9099731445312,2449
2026-04-16 15:09:00+00:00,521.8300170898438,521.919921875,521.4600219726562,521.4600219726562,9444
2026-04-16 15:10:00+00:00,521.27001953125,521.4149780273438,521.1199951171875,521.1199951171875,5955
2026-04-16 15:11:00+00:00,521.030029296875,521.6699829101562,521.030029296875,521.405029296875,18340
2026-04-16 15:12:00+00:00,521.47900390625,521.47900390625,521.1849975585938,521.1849975585938,820
2026-04-16 15:13:00+00:00,521.25,521.5800170898438,521.0900268554688,521.5399780273438,6283
2026-04-16 15:14:00+00:00,521.0999755859375,521.5349731445312,521.0999755859375,521.2750244140625,4963
2026-04-16 15:15:00+00:00,521.2449951171875,521.6849975585938,521.2449951171875,521.6649780273438,5927
2026-04-16 15:16:00+00:00,521.47998046875,521.5250244140625,521.4749755859375,521.5250244140625,2741
2026-04-16 15:17:00+00:00,521.47998046875,521.5150146484375,520.8499755859375,521.0349731445312,2781
2026-04-16 15:18:00+00:00,520.510009765625,520.5100708007812,519.875,519.875,7026
2026-04-16 15:19:00+00:00,519.5800170898438,519.5800170898438,519.3200073242188,519.4199829101562,3754
2026-04-16 15:20:00+00:00,519.27001953125,519.3099975585938,519.27001953125,519.27001953125,1787
2026-04-16 15:21:00+00:00,519.3200073242188,519.3200073242188,519.02001953125,519.1799926757812,2459
2026-04-16 15:22:00+00:00,518.9400024414062,518.9400024414062,518.1699829101562,518.4749755859375,3264
2026-04-16 15:23:00+00:00,518.47998046875,518.47998046875,517.280029296875,517.6900024414062,5391
2026-04-16 15:24:00+00:00,517.2899780273438,517.9149780273438,517.2899780273438,517.9149780273438,2821
2026-04-16 15:25:00+00:00,518.1799926757812,518.1799926757812,517.6799926757812,517.6799926757812,3442
2026-04-16 15:26:00+00:00,517.280029296875,517.510009765625,517.1950073242188,517.510009765625,6579
2026-04-16 15:27:00+00:00,517.0599975585938,517.0599975585938,515.030029296875,516.760009765625,11168
2026-04-16 15:28:00+00:00,516.885009765625,516.969970703125,516.4199829101562,516.9099731445312,4733
2026-04-16 15:29:00+00:00,517.4000244140625,517.8300170898438,516.7301025390625,516.739990234375,9518
2026-04-16 15:30:00+00:00,516.989990234375,517.114990234375,516.9600219726562,517.114990234375,2884
2026-04-16 15:31:00+00:00,517.2100219726562,517.5850219726562,517.2100219726562,517.3900146484375,1435
2026-04-16 15:32:00+00:00,517.1699829101562,517.5900268554688,517.0800170898438,517.5250244140625,6639
2026-04-16 15:33:00+00:00,517.5349731445312,518.1500244140625,517.5349731445312,518.0050048828125,5316
2026-04-16 15:34:00+00:00,518.219970703125,518.831787109375,517.8200073242188,518.6300048828125,4113
2026-04-16 15:35:00+00:00,518.3200073242188,519.0,518.3200073242188,518.6799926757812,5783
2026-04-16 15:36:00+00:00,518.5,518.77001953125,517.4400024414062,518.1400146484375,5838
2026-04-16 15:37:00+00:00,518.530029296875,519.60498046875,518.530029296875,519.60498046875,2723
2026-04-16 15:38:00+00:00,519.02001953125,519.02001953125,518.0341796875,518.3900146484375,4006
2026-04-16 15:39:00+00:00,517.9299926757812,517.9400024414062,517.85498046875,517.8599853515625,3108
2026-04-16 15:40:00+00:00,518.0349731445312,518.3150024414062,518.0349731445312,518.3150024414062,1683
2026-04-16 15:41:00+00:00,518.780029296875,518.7949829101562,518.0499877929688,518.0499877929688,3816
2026-04-16 15:42:00+00:00,517.739990234375,517.739990234375,516.75,517.135009765625,4022
2026-04-16 15:43:00+00:00,517.2550048828125,517.29248046875,517.2249755859375,517.2249755859375,5863
2026-04-16 15:44:00+00:00,517.2899780273438,518.0700073242188,517.2899780273438,517.6199951171875,6969
2026-04-16 15:45:00+00:00,517.97998046875,517.97998046875,517.6199951171875,517.7999877929688,3391
2026-04-16 15:46:00+00:00,517.97998046875,517.97998046875,516.1400146484375,516.6950073242188,41460
2026-04-16 15:47:00+00:00,516.6950073242188,517.1900024414062,516.6950073242188,517.0549926757812,2702
2026-04-16 15:48:00+00:00,516.9650268554688,516.9650268554688,516.510009765625,516.510009765625,2101
2026-04-16 15:49:00+00:00,516.3599853515625,516.3599853515625,515.780029296875,516.030029296875,3889
2026-04-16 15:50:00+00:00,516.0850219726562,516.0850219726562,515.3499755859375,515.3499755859375,4302
2026-04-16 15:51:00+00:00,516.0599975585938,516.60498046875,515.7100219726562,516.60498046875,3380
2026-04-16 15:52:00+00:00,516.0700073242188,516.2899780273438,516.0700073242188,516.2899780273438,448
2026-04-16 15:53:00+00:00,516.60498046875,517.2000122070312,516.0,517.0599975585938,4888
2026-04-16 15:54:00+00:00,517.0601196289062,517.0601196289062,517.0601196289062,517.0601196289062,1643
2026-04-16 15:55:00+00:00,517.0150146484375,517.4299926757812,516.7100219726562,517.1199951171875,7751
2026-04-16 15:56:00+00:00,517.1199951171875,517.3049926757812,516.9169921875,517.1799926757812,4565
2026-04-16 15:57:00+00:00,517.3350219726562,517.3350219726562,516.9199829101562,517.1099853515625,3158
2026-04-16 15:58:00+00:00,516.8400268554688,517.1950073242188,516.8400268554688,517.1950073242188,2039
2026-04-16 15:59:00+00:00,517.1599731445312,517.3250122070312,516.8800048828125,517.3200073242188,1831
2026-04-16 16:00:00+00:00,517.010009765625,517.6199951171875,517.010009765625,517.52001953125,4506
2026-04-16 16:01:00+00:00,517.739990234375,518.125,517.0700073242188,517.0800170898438,8036
2026-04-16 16:02:00+00:00,517.0900268554688,517.272216796875,516.7650146484375,516.7650146484375,2104
2026-04-16 16:03:00+00:00,516.697021484375,516.697021484375,516.5150146484375,516.5549926757812,1734
2026-04-16 16:04:00+00:00,516.5650024414062,516.5650024414062,516.405029296875,516.405029296875,1322
2026-04-16 16:05:00+00:00,516.3200073242188,516.3200073242188,516.3200073242188,516.3200073242188,532
2026-04-16 16:06:00+00:00,516.3200073242188,516.3200073242188,515.3049926757812,515.3049926757812,19815
2026-04-16 16:07:00+00:00,515.3049926757812,515.677490234375,515.0700073242188,515.4500122070312,4197
2026-04-16 16:08:00+00:00,515.469970703125,515.4849853515625,514.2100219726562,514.2100219726562,4788
2026-04-16 16:09:00+00:00,514.7249755859375,515.239990234375,514.2200927734375,514.969970703125,8854
2026-04-16 16:10:00+00:00,514.739990234375,514.8049926757812,514.7000122070312,514.8049926757812,2022
2026-04-16 16:11:00+00:00,515.0599975585938,515.875,515.0599975585938,515.875,3450
2026-04-16 16:12:00+00:00,515.8800048828125,515.885009765625,515.52001953125,515.885009765625,1286
2026-04-16 16:13:00+00:00,515.4600219726562,515.7750244140625,515.2999877929688,515.7750244140625,3098
2026-04-16 16:14:00+00:00,515.782470703125,515.7849731445312,515.780029296875,515.7849731445312,1433
2026-04-16 16:15:00+00:00,515.7899780273438,516.02001953125,515.7899780273438,516.02001953125,676
2026-04-16 16:16:00+00:00,515.7949829101562,515.8150024414062,515.7949829101562,515.8150024414062,756
2026-04-16 16:17:00+00:00,515.8049926757812,515.875,515.3599853515625,515.8150024414062,818
2026-04-16 16:18:00+00:00,515.8200073242188,516.0900268554688,515.3900756835938,515.3900756835938,2824
2026-04-16 16:19:00+00:00,515.4199829101562,515.4199829101562,514.760009765625,515.2100219726562,2860
2026-04-16 16:20:00+00:00,514.9144897460938,514.9144897460938,514.9144897460938,514.9144897460938,538
2026-04-16 16:21:00+00:00,515.1400146484375,515.1400146484375,514.1400146484375,514.5,5757
2026-04-16 16:22:00+00:00,514.114990234375,514.2550048828125,513.22998046875,513.8925170898438,17520
2026-04-16 16:23:00+00:00,514.0050048828125,514.2000122070312,513.4199829101562,513.4199829101562,4993
2026-04-16 16:24:00+00:00,513.77001953125,513.77001953125,513.2899780273438,513.77001953125,1624
2026-04-16 16:25:00+00:00,513.510009765625,513.89501953125,513.510009765625,513.89501953125,2722
2026-04-16 16:26:00+00:00,513.905029296875,514.3099975585938,513.905029296875,514.125,2273
2026-04-16 16:27:00+00:00,514.135009765625,514.5399780273438,514.135009765625,514.4400024414062,1877
2026-04-16 16:28:00+00:00,514.719970703125,514.719970703125,514.719970703125,514.719970703125,1211
2026-04-16 16:29:00+00:00,514.8925170898438,514.8925170898438,514.1599731445312,514.1599731445312,2925
2026-04-16 16:30:00+00:00,514.4600219726562,514.4600219726562,514.4600219726562,514.4600219726562,756
2026-04-16 16:31:00+00:00,514.0599975585938,514.0599975585938,513.2899780273438,513.7899169921875,7170
2026-04-16 16:32:00+00:00,513.3049926757812,513.3049926757812,513.0,513.0700073242188,3170
2026-04-16 16:33:00+00:00,512.8200073242188,512.8200073242188,510.93499755859375,511.0700073242188,7548
2026-04-16 16:34:00+00:00,511.4800109863281,511.9858093261719,510.8299865722656,511.7000122070313,4824
2026-04-16 16:35:00+00:00,512.239990234375,512.2899780273438,511.5,512.010009765625,10796
2026-04-16 16:36:00+00:00,512.785888671875,512.785888671875,511.364990234375,511.7049865722656,3971
2026-04-16 16:37:00+00:00,511.7200012207031,512.239990234375,511.7200012207031,511.7200012207031,2439
2026-04-16 16:38:00+00:00,511.7250061035156,513.5526733398438,511.7250061035156,513.5526733398438,2817
2026-04-16 16:39:00+00:00,512.260009765625,513.1199951171875,512.260009765625,513.1199951171875,1899
2026-04-16 16:40:00+00:00,513.1599731445312,514.2100219726562,513.1599731445312,513.1699829101562,3787
2026-04-16 16:41:00+00:00,513.1699829101562,513.1900024414062,512.7800903320312,512.7800903320312,1393
2026-04-16 16:42:00+00:00,512.7999877929688,513.489990234375,512.7899780273438,513.10498046875,2844
2026-04-16 16:43:00+00:00,512.7100219726562,512.7100219726562,511.8599853515625,511.989990234375,3470
2026-04-16 16:44:00+00:00,512.260009765625,512.625,512.260009765625,512.625,2104
2026-04-16 16:45:00+00:00,512.6300048828125,513.1950073242188,512.6300048828125,512.75,2039
2026-04-16 16:47:00+00:00,513.760009765625,513.9199829101562,513.25,513.510009765625,1850
2026-04-16 16:48:00+00:00,514.0850219726562,514.0850219726562,513.9299926757812,513.9349975585938,1200
2026-04-16 16:49:00+00:00,514.0700073242188,514.0700073242188,513.5,513.8150024414062,2484
2026-04-16 16:50:00+00:00,513.8150024414062,513.8150024414062,513.8049926757812,513.8099975585938,2304
2026-04-16 16:51:00+00:00,513.8099975585938,515.6599731445312,513.8099975585938,515.6599731445312,6619
2026-04-16 16:52:00+00:00,515.844970703125,515.844970703125,515.2100219726562,515.2750244140625,4086
2026-04-16 16:53:00+00:00,515.1099853515625,515.6300048828125,515.0900268554688,515.2249755859375,3866
2026-04-16 16:54:00+00:00,515.4099731445312,515.4749755859375,515.02001953125,515.39501953125,4613
2026-04-16 16:55:00+00:00,515.3900146484375,515.4000244140625,515.3400268554688,515.4000244140625,2160
2026-04-16 16:56:00+00:00,515.4000244140625,515.4000244140625,515.4000244140625,515.4000244140625,1655
2026-04-16 16:57:00+00:00,515.375,515.375,515.375,515.375,431
2026-04-16 16:58:00+00:00,515.3699951171875,515.469970703125,515.3599853515625,515.3599853515625,3087
2026-04-16 16:59:00+00:00,515.0,515.1599731445312,514.844970703125,515.1599731445312,4484
2026-04-16 17:00:00+00:00,515.1749877929688,515.510009765625,515.1749877929688,515.510009765625,1350
2026-04-16 17:01:00+00:00,515.3099975585938,515.6199951171875,515.3099975585938,515.5549926757812,2299
2026-04-16 17:02:00+00:00,515.5599975585938,515.5599975585938,515.1699829101562,515.5050048828125,2444
2026-04-16 17:03:00+00:00,515.4949951171875,515.72998046875,515.4874877929688,515.655029296875,4597
2026-04-16 17:04:00+00:00,515.27001953125,515.7899780273438,515.260009765625,515.7899780273438,6225
2026-04-16 17:05:00+00:00,515.8350219726562,515.8350219726562,515.5700073242188,515.77001953125,4597
2026-04-16 17:06:00+00:00,515.6400146484375,515.7899169921875,515.3599853515625,515.5800170898438,2844
2026-04-16 17:07:00+00:00,515.7899780273438,516.3300170898438,515.780029296875,516.1799926757812,4603
2026-04-16 17:08:00+00:00,516.46240234375,516.46240234375,516.2349853515625,516.239990234375,1099
2026-04-16 17:09:00+00:00,516.239990234375,517.0900268554688,516.239990234375,517.0150146484375,3474
2026-04-16 17:10:00+00:00,517.0900268554688,517.719970703125,517.0349731445312,517.719970703125,2706
2026-04-16 17:11:00+00:00,517.7100219726562,517.7249755859375,516.7200927734375,516.8300170898438,6096
2026-04-16 17:12:00+00:00,516.7000122070312,517.510009765625,516.5999755859375,517.510009765625,1160
2026-04-16 17:13:00+00:00,517.0499877929688,517.5,517.030029296875,517.030029296875,2908
2026-04-16 17:14:00+00:00,517.030029296875,517.3300170898438,516.6099853515625,517.3300170898438,6644
2026-04-16 17:15:00+00:00,516.77001953125,516.7849731445312,516.75,516.75,2437
2026-04-16 17:16:00+00:00,516.9299926757812,518.1162719726562,516.5999755859375,518.1162719726562,7608
2026-04-16 17:17:00+00:00,518.1300048828125,518.1300048828125,517.8699951171875,517.8699951171875,1106
2026-04-16 17:18:00+00:00,518.126708984375,518.7999877929688,517.875,518.594970703125,6796
2026-04-16 17:19:00+00:00,518.7999877929688,519.4199829101562,518.5499877929688,519.1749877929688,12799
2026-04-16 17:20:00+00:00,519.1950073242188,519.5800170898438,519.1950073242188,519.5800170898438,3022
2026-04-16 17:21:00+00:00,519.5399780273438,519.5399780273438,519.1500244140625,519.280029296875,3432
2026-04-16 17:22:00+00:00,519.5299072265625,519.5299072265625,518.9249877929688,519.1699829101562,5891
2026-04-16 17:23:00+00:00,519.469970703125,519.9998779296875,519.405029296875,519.9998779296875,4677
2026-04-16 17:24:00+00:00,519.7449951171875,521.2100219726562,519.510009765625,521.2100219726562,92531
2026-04-16 17:25:00+00:00,521.469970703125,522.7999877929688,521.469970703125,522.1099853515625,28150
2026-04-16 17:26:00+00:00,521.9000244140625,523.5831909179688,521.9000244140625,522.1099853515625,23898
2026-04-16 17:27:00+00:00,522.1099853515625,522.155029296875,521.3400268554688,521.3400268554688,12951
2026-04-16 17:28:00+00:00,521.9000244140625,522.3018798828125,520.905029296875,521.3499755859375,18124
2026-04-16 17:29:00+00:00,521.1201171875,522.5,521.1199951171875,522.5,7418
2026-04-16 17:30:00+00:00,523.0,523.3118286132812,522.8400268554688,522.8400268554688,3061
2026-04-16 17:31:00+00:00,523.2252807617188,523.2252807617188,523.0,523.0050048828125,2618
2026-04-16 17:32:00+00:00,523.0050048828125,523.2999877929688,522.0,522.3699951171875,6736
2026-04-16 17:33:00+00:00,522.260009765625,523.0,521.1199951171875,523.0,5125
2026-04-16 17:34:00+00:00,522.9000244140625,523.2899780273438,522.10009765625,522.10009765625,4287
2026-04-16 17:35:00+00:00,522.1300048828125,522.97998046875,521.9600219726562,522.875,10573
2026-04-16 17:36:00+00:00,523.0,523.0,522.8300170898438,522.8699951171875,1373
2026-04-16 17:37:00+00:00,522.530029296875,522.875,522.5,522.5900268554688,3069
2026-04-16 17:38:00+00:00,522.5900268554688,522.5900268554688,522.2999877929688,522.4650268554688,5318
2026-04-16 17:39:00+00:00,522.5499877929688,524.135009765625,522.5499877929688,524.1099853515625,10929
2026-04-16 17:40:00+00:00,524.0,526.0,524.0,525.3400268554688,18367
2026-04-16 17:41:00+00:00,525.9500122070312,526.52001953125,525.9400024414062,526.1799926757812,12688
2026-04-16 17:42:00+00:00,526.2000122070312,527.5,526.2000122070312,526.635009765625,23626
2026-04-16 17:43:00+00:00,526.635009765625,526.8350219726562,526.405029296875,526.719970703125,4090
2026-04-16 17:44:00+00:00,526.239990234375,526.469970703125,526.239990234375,526.469970703125,4086
2026-04-16 17:45:00+00:00,526.469970703125,526.469970703125,525.5050048828125,525.6799926757812,6907
2026-04-16 17:46:00+00:00,525.9149780273438,526.0549926757812,525.8900146484375,526.0549926757812,2357
2026-04-16 17:47:00+00:00,526.135009765625,526.510009765625,526.0,526.0,5460
2026-04-16 17:48:00+00:00,525.78662109375,526.114990234375,525.2899780273438,526.094970703125,2544
2026-04-16 17:49:00+00:00,525.2800903320312,525.8400268554688,525.1099853515625,525.3300170898438,7547
2026-04-16 17:50:00+00:00,525.030029296875,525.0399780273438,524.5001220703125,524.9998779296875,10253
2026-04-16 17:51:00+00:00,524.9650268554688,525.659912109375,524.9650268554688,525.659912109375,1983
2026-04-16 17:52:00+00:00,524.719970703125,524.719970703125,523.1900024414062,523.5700073242188,9287
2026-04-16 17:53:00+00:00,523.9600219726562,524.3499755859375,523.7899780273438,524.3499755859375,7528
2026-04-16 17:54:00+00:00,523.8099975585938,523.8699951171875,523.239990234375,523.260009765625,1554
2026-04-16 17:55:00+00:00,523.22998046875,523.6900024414062,522.4600219726562,523.47998046875,9955
2026-04-16 17:56:00+00:00,523.594970703125,523.8200073242188,522.9401245117188,523.25,9475
2026-04-16 17:57:00+00:00,523.3049926757812,523.3049926757812,522.9949951171875,523.27001953125,5545
2026-04-16 17:58:00+00:00,523.1799926757812,523.6945190429688,521.7899780273438,522.3049926757812,8803
2026-04-16 17:59:00+00:00,522.8200073242188,523.4199829101562,522.5501098632812,523.4000244140625,4437
2026-04-16 18:00:00+00:00,523.3250122070312,523.5900268554688,522.8200073242188,523.5150146484375,6281
2026-04-16 18:01:00+00:00,523.5150146484375,523.8200073242188,523.1599731445312,523.4149780273438,3724
2026-04-16 18:02:00+00:00,523.1699829101562,523.4149780273438,523.02001953125,523.0800170898438,3253
2026-04-16 18:03:00+00:00,523.030029296875,523.4000244140625,522.5850219726562,522.9099731445312,9729
2026-04-16 18:04:00+00:00,523.10498046875,523.385009765625,522.5850219726562,522.8150024414062,11037
2026-04-16 18:05:00+00:00,522.5850219726562,522.5900268554688,521.8200073242188,522.1900024414062,6709
2026-04-16 18:06:00+00:00,522.0100708007812,522.5399780273438,522.010009765625,522.1849975585938,5002
2026-04-16 18:07:00+00:00,522.0499877929688,522.5800170898438,520.6799926757812,521.030029296875,59032
2026-04-16 18:08:00+00:00,521.030029296875,521.969970703125,519.6799926757812,520.8699951171875,20253
2026-04-16 18:09:00+00:00,520.6099853515625,520.9349975585938,519.8250122070312,520.0399780273438,3513
2026-04-16 18:10:00+00:00,519.6599731445312,519.719970703125,519.4099731445312,519.4149780273438,2057
2026-04-16 18:11:00+00:00,519.3283081054688,519.5750122070312,519.3283081054688,519.5750122070312,4619
2026-04-16 18:12:00+00:00,520.0800170898438,520.5499877929688,519.9500122070312,520.5499877929688,1219
2026-04-16 18:13:00+00:00,520.5599975585938,520.989990234375,520.3499755859375,520.75,2949
2026-04-16 18:14:00+00:00,520.6699829101562,521.2999877929688,520.6699829101562,521.2999877929688,2845
2026-04-16 18:15:00+00:00,521.3699951171875,521.8200073242188,521.1799926757812,521.3300170898438,4267
2026-04-16 18:16:00+00:00,521.0399780273438,521.1900024414062,520.9400024414062,521.1900024414062,2188
2026-04-16 18:17:00+00:00,521.1950073242188,521.1950073242188,520.7449951171875,520.7999877929688,2771
2026-04-16 18:18:00+00:00,520.1400146484375,520.6500244140625,520.1400146484375,520.6500244140625,3510
2026-04-16 18:19:00+00:00,521.5098876953125,521.5098876953125,521.5098876953125,521.5098876953125,954
2026-04-16 18:20:00+00:00,520.9849853515625,521.89501953125,520.9749755859375,521.89501953125,53806
2026-04-16 18:21:00+00:00,521.89501953125,522.6199951171875,521.2750244140625,521.2750244140625,103586
2026-04-16 18:22:00+00:00,521.2249755859375,521.2249755859375,520.4600219726562,520.75,4857
2026-04-16 18:23:00+00:00,520.75,521.77001953125,520.75,521.0900268554688,4234
2026-04-16 18:24:00+00:00,520.9199829101562,521.030029296875,520.6400146484375,521.030029296875,1949
2026-04-16 18:25:00+00:00,520.6300048828125,521.0900268554688,520.6300048828125,520.6400146484375,1378
2026-04-16 18:26:00+00:00,520.6500244140625,521.5700073242188,520.6199951171875,521.489990234375,10223
2026-04-16 18:27:00+00:00,522.0549926757812,522.0549926757812,522.0499877929688,522.0499877929688,1228
2026-04-16 18:28:00+00:00,521.8300170898438,522.669921875,521.8300170898438,522.135009765625,2653
2026-04-16 18:29:00+00:00,522.1400146484375,522.1400146484375,521.77001953125,522.1400146484375,1773
2026-04-16 18:30:00+00:00,522.1400146484375,522.2901000976562,521.469970703125,521.6300048828125,45148
2026-04-16 18:31:00+00:00,522.1099853515625,522.239990234375,520.0250244140625,520.260009765625,17071
2026-04-16 18:32:00+00:00,520.3900146484375,520.3900146484375,520.3900146484375,520.3900146484375,1836
2026-04-16 18:33:00+00:00,520.4000244140625,520.5449829101562,519.72998046875,519.72998046875,3533
2026-04-16 18:35:00+00:00,519.8400268554688,520.239990234375,519.6699829101562,519.9249877929688,4351
2026-04-16 18:36:00+00:00,519.9299926757812,520.1599731445312,519.77001953125,519.9400024414062,4845
2026-04-16 18:37:00+00:00,519.9400024414062,519.9400024414062,519.4199829101562,519.4500122070312,2039
2026-04-16 18:38:00+00:00,519.3300170898438,519.3499755859375,519.0,519.3150024414062,2837
2026-04-16 18:39:00+00:00,519.3099975585938,519.7357177734375,519.3099975585938,519.3421020507812,5604
2026-04-16 18:40:00+00:00,518.6849975585938,519.2498779296875,518.3900146484375,519.2498779296875,2136
2026-04-16 18:41:00+00:00,518.7100219726562,518.739990234375,518.7100219726562,518.739990234375,526
2026-04-16 18:42:00+00:00,519.25,519.75,518.9299926757812,518.9299926757812,4253
2026-04-16 18:43:00+00:00,519.0,519.3599853515625,519.0,519.3599853515625,1175
2026-04-16 18:44:00+00:00,519.2949829101562,519.60498046875,519.010009765625,519.60498046875,5074
2026-04-16 18:45:00+00:00,519.6400146484375,519.7449951171875,518.989990234375,518.989990234375,2795
2026-04-16 18:46:00+00:00,518.989990234375,519.1500244140625,518.719970703125,518.719970703125,1633
2026-04-16 18:47:00+00:00,519.3049926757812,520.0999755859375,519.27001953125,520.0999755859375,2942
2026-04-16 18:48:00+00:00,519.260009765625,519.8621215820312,519.25,519.25,4594
2026-04-16 18:49:00+00:00,519.39501953125,519.4000244140625,518.7899780273438,519.0150146484375,2901
2026-04-16 18:50:00+00:00,518.719970703125,518.719970703125,518.719970703125,518.719970703125,1861
2026-04-16 18:51:00+00:00,519.0700073242188,519.0700073242188,518.8200073242188,518.8200073242188,2540
2026-04-16 18:52:00+00:00,519.2152099609375,519.2152099609375,519.2152099609375,519.2152099609375,860
2026-04-16 18:53:00+00:00,519.4000244140625,519.489990234375,519.0300903320312,519.0300903320312,2149
2026-04-16 18:54:00+00:00,519.030029296875,519.030029296875,519.030029296875,519.030029296875,2748
2026-04-16 18:55:00+00:00,519.0999755859375,519.2949829101562,518.8400268554688,519.1900024414062,3500
2026-04-16 18:56:00+00:00,519.3400268554688,519.530029296875,518.9500122070312,518.9500122070312,3400
2026-04-16 18:57:00+00:00,518.8800048828125,518.8800048828125,518.8300170898438,518.8300170898438,3445
2026-04-16 18:58:00+00:00,518.780029296875,519.0549926757812,518.6900024414062,519.0549926757812,2177
2026-04-16 18:59:00+00:00,519.0549926757812,519.4299926757812,519.0549926757812,519.4249877929688,4286
2026-04-16 19:00:00+00:00,519.9199829101562,523.510009765625,519.8350219726562,523.510009765625,98179
2026-04-16 19:01:00+00:00,523.9199829101562,525.9600219726562,523.9199829101562,525.405029296875,13745
2026-04-16 19:02:00+00:00,525.5050048828125,525.5050048828125,524.4650268554688,524.9849853515625,10671
2026-04-16 19:03:00+00:00,525.1799926757812,525.4998779296875,525.0,525.3099975585938,6466
2026-04-16 19:04:00+00:00,525.4998779296875,526.1199951171875,525.331787109375,525.9199829101562,12179
2026-04-16 19:05:00+00:00,525.7999877929688,526.7849731445312,525.7999877929688,526.7849731445312,7293
2026-04-16 19:06:00+00:00,527.0349731445312,527.0349731445312,526.5800170898438,526.5999755859375,3471
2026-04-16 19:07:00+00:00,527.0,527.0,526.0800170898438,526.0900268554688,4037
2026-04-16 19:08:00+00:00,525.8499755859375,525.9400024414062,525.530029296875,525.8200073242188,4448
2026-04-16 19:09:00+00:00,525.8200073242188,525.8200073242188,524.3900146484375,524.3900146484375,10132
2026-04-16 19:10:00+00:00,524.8499755859375,525.1500244140625,524.6900024414062,524.9099731445312,18879
2026-04-16 19:11:00+00:00,524.9099731445312,525.3200073242188,524.9099731445312,525.3200073242188,1202
2026-04-16 19:12:00+00:00,524.8599853515625,525.5900268554688,524.8599853515625,525.5900268554688,5387
2026-04-16 19:13:00+00:00,526.094970703125,526.094970703125,525.7000732421875,525.7000732421875,1206
2026-04-16 19:14:00+00:00,526.1199951171875,526.1199951171875,525.4249877929688,525.4249877929688,3947
2026-04-16 19:15:00+00:00,525.4249877929688,526.6099243164062,525.4249877929688,526.6099243164062,5152
2026-04-16 19:16:00+00:00,526.25,526.8300170898438,526.25,526.8300170898438,3065
2026-04-16 19:17:00+00:00,526.9749755859375,527.5,526.864990234375,527.0499877929688,5830
2026-04-16 19:18:00+00:00,527.4400024414062,527.5,527.25,527.4603881835938,10768
2026-04-16 19:19:00+00:00,527.4500122070312,528.9199829101562,527.4000244140625,527.9199829101562,17006
2026-04-16 19:20:00+00:00,528.1060791015625,528.1060791015625,527.9099731445312,528.0,3935
2026-04-16 19:21:00+00:00,528.1749877929688,528.4249877929688,528.010009765625,528.4249877929688,2162
2026-04-16 19:22:00+00:00,528.4600219726562,528.5700073242188,528.3499755859375,528.5700073242188,7222
2026-04-16 19:23:00+00:00,528.5740966796875,528.5740966796875,528.3099975585938,528.55126953125,3422
2026-04-16 19:24:00+00:00,528.6083984375,528.6083984375,528.260009765625,528.260009765625,6360
2026-04-16 19:25:00+00:00,528.375,528.5900268554688,528.260009765625,528.260009765625,4805
2026-04-16 19:26:00+00:00,528.3699951171875,528.6699829101562,528.3699951171875,528.5399780273438,6764
2026-04-16 19:27:00+00:00,528.5650024414062,528.9199829101562,528.4099731445312,528.9199829101562,11204
2026-04-16 19:28:00+00:00,529.02001953125,529.2899780273438,529.02001953125,529.25,4065
2026-04-16 19:29:00+00:00,529.25,529.2899780273438,528.9099731445312,529.2899780273438,4322
2026-04-16 19:30:00+00:00,529.22998046875,529.489990234375,529.1627197265625,529.2999877929688,8246
2026-04-16 19:31:00+00:00,529.2999877929688,529.489990234375,529.0800170898438,529.489990234375,3860
2026-04-16 19:32:00+00:00,529.2550048828125,529.989990234375,529.2550048828125,529.4299926757812,6343
2026-04-16 19:33:00+00:00,529.7650146484375,530.9899291992188,529.760009765625,530.4100952148438,12710
2026-04-16 19:34:00+00:00,530.9000244140625,530.9998779296875,530.4600219726562,530.9332885742188,8610
2026-04-16 19:35:00+00:00,530.489990234375,531.0900268554688,530.2999877929688,531.0900268554688,7681
2026-04-16 19:36:00+00:00,531.4998779296875,531.4998779296875,530.9299926757812,530.9301147460938,2659
2026-04-16 19:37:00+00:00,530.9299926757812,531.4299926757812,530.840087890625,531.1649780273438,5222
2026-04-16 19:38:00+00:00,531.0650024414062,531.2449951171875,531.0,531.0,5975
2026-04-16 19:39:00+00:00,531.0,531.0,530.75,530.75,8243
2026-04-16 19:40:00+00:00,530.9199829101562,530.9199829101562,529.280029296875,529.4400024414062,13801
2026-04-16 19:41:00+00:00,529.489990234375,530.3117065429688,529.489990234375,529.6699829101562,6787
2026-04-16 19:42:00+00:00,529.6699829101562,530.1099853515625,529.6300048828125,529.6300048828125,3781
2026-04-16 19:43:00+00:00,529.8499755859375,530.510009765625,529.614990234375,530.510009765625,10544
2026-04-16 19:44:00+00:00,530.3499755859375,530.52001953125,530.239990234375,530.52001953125,4219
2026-04-16 19:45:00+00:00,530.260009765625,530.5399169921875,530.1300048828125,530.5399169921875,8910
2026-04-16 19:46:00+00:00,530.4600219726562,530.77001953125,530.280029296875,530.4500122070312,5440
2026-04-16 19:47:00+00:00,530.6199951171875,530.6199951171875,530.2000122070312,530.2000122070312,4130
2026-04-16 19:48:00+00:00,530.1500244140625,530.4450073242188,530.1500244140625,530.2999877929688,4453
2026-04-16 19:49:00+00:00,530.405029296875,530.5700073242188,530.1199951171875,530.239990234375,4443
2026-04-16 19:50:00+00:00,530.0800170898438,530.4600219726562,529.6649780273438,530.3200073242188,15096
2026-04-16 19:51:00+00:00,529.9299926757812,530.2498779296875,529.3599853515625,529.3599853515625,12307
2026-04-16 19:52:00+00:00,529.6649780273438,530.0449829101562,529.3499755859375,529.989990234375,11043
2026-04-16 19:53:00+00:00,530.0549926757812,530.2337036132812,529.8599853515625,529.8599853515625,7427
2026-04-16 19:54:00+00:00,529.7899780273438,530.25,529.4000244140625,529.9000244140625,15735
2026-04-16 19:55:00+00:00,530.2899780273438,530.7249755859375,529.8049926757812,529.8049926757812,13730
2026-04-16 19:56:00+00:00,529.844970703125,530.4000244140625,529.3800048828125,530.4000244140625,21657
2026-04-16 19:57:00+00:00,530.2899780273438,531.0,530.030029296875,531.0,30107
2026-04-16 19:58:00+00:00,530.9650268554688,531.5800170898438,530.9650268554688,531.5800170898438,40416
2026-04-16 19:59:00+00:00,531.5900268554688,532.0599975585938,531.489990234375,531.8099975585938,68202
2026-04-17 13:30:00+00:00,545.0,545.9998779296875,539.8499755859375,541.6699829101562,208155
2026-04-17 13:31:00+00:00,542.739990234375,545.6799926757812,542.2999877929688,545.0,20237
2026-04-17 13:32:00+00:00,544.5,544.9099731445312,541.125,544.6300048828125,12519
2026-04-17 13:33:00+00:00,543.8200073242188,545.1900024414062,543.0,543.1500244140625,16186
2026-04-17 13:34:00+00:00,543.1500244140625,545.97998046875,543.030029296875,545.97998046875,11289
2026-04-17 13:35:00+00:00,546.030029296875,550.5499877929688,545.4031982421875,549.2349853515625,36892
2026-04-17 13:36:00+00:00,548.510009765625,551.4899291992188,548.2871704101562,548.780029296875,18160
2026-04-17 13:37:00+00:00,548.780029296875,551.1199951171875,548.330078125,550.3900146484375,16727
2026-04-17 13:38:00+00:00,550.72998046875,552.010009765625,549.840087890625,551.3900146484375,18746
2026-04-17 13:39:00+00:00,551.3900146484375,553.489990234375,550.5250244140625,552.0,21825
2026-04-17 13:40:00+00:00,552.4349975585938,552.9899291992188,548.5999755859375,549.0499877929688,24137
2026-04-17 13:41:00+00:00,548.6300048828125,549.2999877929688,547.1400146484375,549.219970703125,9147
2026-04-17 13:42:00+00:00,548.8400268554688,548.9099731445312,544.9000244140625,545.0,13583
2026-04-17 13:43:00+00:00,545.0999755859375,546.97998046875,544.5,545.7899780273438,9911
2026-04-17 13:44:00+00:00,545.739990234375,547.5,545.739990234375,547.5,6300
2026-04-17 13:45:00+00:00,546.2899780273438,546.2899780273438,542.1699829101562,542.1699829101562,12537
2026-04-17 13:46:00+00:00,543.2750244140625,544.2899780273438,541.8300170898438,541.8300170898438,11133
2026-04-17 13:47:00+00:00,541.7100219726562,543.0,541.7100219726562,542.8499755859375,6403
2026-04-17 13:48:00+00:00,542.8800048828125,544.5,542.8699951171875,544.47998046875,9745
2026-04-17 13:49:00+00:00,544.510009765625,544.6900024414062,543.219970703125,543.219970703125,5635
2026-04-17 13:50:00+00:00,544.0150146484375,544.8599853515625,543.5,544.2014770507812,8334
2026-04-17 13:51:00+00:00,543.5,545.1300048828125,543.5,544.739990234375,4535
2026-04-17 13:52:00+00:00,544.739990234375,545.5150146484375,544.469970703125,544.5999755859375,6986
2026-04-17 13:53:00+00:00,545.0,545.7098999023438,543.5100708007812,544.719970703125,6798
2026-04-17 13:54:00+00:00,544.1799926757812,544.22998046875,542.9400024414062,542.9400024414062,11652
2026-04-17 13:55:00+00:00,543.5651245117188,543.5651245117188,539.4912109375,540.1749877929688,25518
2026-04-17 13:56:00+00:00,540.5700073242188,540.77001953125,539.280029296875,540.77001953125,12483
2026-04-17 13:57:00+00:00,540.77001953125,541.4000244140625,539.8300170898438,541.27001953125,7533
2026-04-17 13:58:00+00:00,540.7100219726562,541.5900268554688,540.7100219726562,541.0999755859375,10463
2026-04-17 13:59:00+00:00,541.75,542.760009765625,541.0349731445312,541.0349731445312,13899
2026-04-17 14:00:00+00:00,540.9299926757812,540.989990234375,540.239990234375,540.989990234375,8834
2026-04-17 14:01:00+00:00,541.010009765625,541.3474731445312,539.3099975585938,540.4149780273438,13707
2026-04-17 14:02:00+00:00,540.4149780273438,540.4149780273438,537.5200805664062,537.9949951171875,9527
2026-04-17 14:03:00+00:00,538.72998046875,538.864990234375,537.7899780273438,537.9299926757812,7090
2026-04-17 14:04:00+00:00,538.010009765625,539.0549926757812,537.8099975585938,538.6300048828125,9556
2026-04-17 14:05:00+00:00,538.6599731445312,542.0698852539062,538.030029296875,541.9099731445312,19283
2026-04-17 14:06:00+00:00,543.0,543.5714111328125,542.219970703125,542.844970703125,15112
2026-04-17 14:07:00+00:00,542.219970703125,543.344970703125,541.6199951171875,543.155029296875,6560
2026-04-17 14:08:00+00:00,543.635009765625,544.1099853515625,543.635009765625,543.9099731445312,3903
2026-04-17 14:09:00+00:00,544.3900146484375,545.239990234375,543.9000854492188,545.0999755859375,14658
2026-04-17 14:10:00+00:00,544.6199951171875,546.5499877929688,544.0499877929688,546.5499877929688,9873
2026-04-17 14:11:00+00:00,546.219970703125,546.219970703125,544.510009765625,544.9349975585938,6914
2026-04-17 14:12:00+00:00,544.9349975585938,545.0499877929688,543.030029296875,543.1199951171875,10463
2026-04-17 14:13:00+00:00,543.4149780273438,544.385009765625,543.4149780273438,543.9099731445312,5423
2026-04-17 14:14:00+00:00,543.7150268554688,544.4400024414062,543.25,543.4199829101562,8197
2026-04-17 14:15:00+00:00,543.4099731445312,544.0800170898438,541.5900268554688,541.5900268554688,8299
2026-04-17 14:16:00+00:00,541.4299926757812,543.2698974609375,541.0700073242188,542.1300048828125,7100
2026-04-17 14:17:00+00:00,543.1146850585938,543.1146850585938,542.1400146484375,542.280029296875,1607
2026-04-17 14:18:00+00:00,542.4749755859375,542.4749755859375,541.9299926757812,542.0850219726562,2516
2026-04-17 14:19:00+00:00,542.0900268554688,542.0900268554688,541.75,541.8800048828125,3580
2026-04-17 14:20:00+00:00,541.7850952148438,541.7850952148438,540.3800048828125,540.3800048828125,7254
2026-04-17 14:21:00+00:00,540.4000244140625,541.9201049804688,540.4000244140625,541.9199829101562,2185
2026-04-17 14:22:00+00:00,541.9199829101562,542.6799926757812,541.0999755859375,542.0551147460938,4493
2026-04-17 14:23:00+00:00,542.0650024414062,542.0650024414062,541.5,542.0399780273438,2890
2026-04-17 14:24:00+00:00,541.7000122070312,542.4567260742188,541.3200073242188,541.3300170898438,3229
2026-04-17 14:25:00+00:00,542.1900024414062,542.9949951171875,542.030029296875,542.030029296875,5989
2026-04-17 14:26:00+00:00,542.1599731445312,543.0,541.8499755859375,542.760009765625,3170
2026-04-17 14:27:00+00:00,543.3300170898438,543.6400146484375,543.010009765625,543.530029296875,3457
2026-04-17 14:28:00+00:00,543.5399780273438,543.8474731445312,543.530029296875,543.7650146484375,2731
2026-04-17 14:29:00+00:00,543.5399780273438,544.2650146484375,543.5399780273438,544.114990234375,5999
2026-04-17 14:30:00+00:00,544.5,544.89990234375,544.219970703125,544.4199829101562,2802
2026-04-17 14:31:00+00:00,545.0,545.0,544.5900268554688,544.5900268554688,3150
2026-04-17 14:32:00+00:00,544.6300048828125,544.6300048828125,544.010009765625,544.010009765625,1823
2026-04-17 14:33:00+00:00,544.2449951171875,545.510009765625,544.030029296875,545.510009765625,7445
2026-04-17 14:34:00+00:00,545.5750122070312,546.3300170898438,545.5700073242188,545.9199829101562,9021
2026-04-17 14:35:00+00:00,545.3800048828125,545.8350219726562,544.5800170898438,544.9749755859375,9034
2026-04-17 14:36:00+00:00,544.969970703125,545.7999877929688,544.47998046875,545.7000122070312,9463
2026-04-17 14:37:00+00:00,545.969970703125,546.0349731445312,545.1699829101562,545.1699829101562,14077
2026-04-17 14:38:00+00:00,545.1400146484375,545.8699951171875,545.1199951171875,545.8200073242188,9667
2026-04-17 14:39:00+00:00,545.7949829101562,545.7949829101562,545.0999755859375,545.1950073242188,14561
2026-04-17 14:40:00+00:00,545.25,545.9550170898438,545.25,545.9550170898438,7051
2026-04-17 14:41:00+00:00,546.3400268554688,546.47998046875,545.9152221679688,545.9152221679688,4254
2026-04-17 14:42:00+00:00,545.7849731445312,546.8399047851562,545.72998046875,546.7999877929688,10599
2026-04-17 14:43:00+00:00,546.7050170898438,547.4400024414062,545.29638671875,545.844970703125,12338
2026-04-17 14:44:00+00:00,546.4992065429688,546.5599975585938,545.5700073242188,546.2050170898438,4894
2026-04-17 14:45:00+00:00,546.4450073242188,547.4298706054688,546.4450073242188,546.9550170898438,4244
2026-04-17 14:46:00+00:00,546.9650268554688,547.1849975585938,546.5399780273438,547.1849975585938,3636
2026-04-17 14:47:00+00:00,547.35498046875,547.760009765625,547.35498046875,547.6599731445312,4739
2026-04-17 14:48:00+00:00,547.52001953125,547.7899780273438,546.6699829101562,547.7899780273438,8620
2026-04-17 14:49:00+00:00,547.4500122070312,548.4069213867188,547.4500122070312,547.905029296875,4270
2026-04-17 14:50:00+00:00,547.5399780273438,547.8900146484375,546.1300048828125,546.469970703125,9612
2026-04-17 14:51:00+00:00,546.4650268554688,547.2098999023438,545.4500122070312,545.4500122070312,28936
2026-04-17 14:52:00+00:00,545.7750244140625,546.2025146484375,545.27001953125,545.8699951171875,5306
2026-04-17 14:53:00+00:00,546.2899780273438,546.9650268554688,544.6199951171875,545.6500244140625,9370
2026-04-17 14:54:00+00:00,545.4099731445312,545.5,544.60009765625,545.0,7536
2026-04-17 14:55:00+00:00,545.1799926757812,545.1799926757812,543.760009765625,544.9199829101562,12763
2026-04-17 14:56:00+00:00,545.3200073242188,546.9749755859375,545.030029296875,546.469970703125,7838
2026-04-17 14:57:00+00:00,546.3699951171875,546.47998046875,546.1199951171875,546.1199951171875,2057
2026-04-17 14:58:00+00:00,545.5399780273438,546.0700073242188,543.3599853515625,544.2249755859375,5477
2026-04-17 14:59:00+00:00,543.6300048828125,544.8699951171875,543.6300048828125,544.27001953125,5885
2026-04-17 15:00:00+00:00,544.3599853515625,544.364990234375,542.5499877929688,542.969970703125,9312
2026-04-17 15:01:00+00:00,542.5999755859375,543.6799926757812,542.5999755859375,543.6799926757812,4231
2026-04-17 15:02:00+00:00,543.0800170898438,545.4799194335938,543.0800170898438,544.5999755859375,4032
2026-04-17 15:03:00+00:00,545.030029296875,545.9899291992188,544.5,544.77001953125,5682
2026-04-17 15:04:00+00:00,544.3699951171875,544.5700073242188,544.1199951171875,544.1199951171875,2566
2026-04-17 15:05:00+00:00,544.1099853515625,545.52001953125,543.97998046875,544.89501953125,4230
2026-04-17 15:06:00+00:00,544.97998046875,546.1799926757812,544.97998046875,546.1799926757812,4550
2026-04-17 15:07:00+00:00,546.530029296875,546.6400146484375,546.1920166015625,546.6400146484375,3252
2026-04-17 15:08:00+00:00,546.760009765625,548.0,546.760009765625,547.9400024414062,4339
2026-04-17 15:09:00+00:00,548.0999755859375,548.5,547.260009765625,548.2050170898438,12332
2026-04-17 15:10:00+00:00,548.4849853515625,548.77001953125,548.0,548.3800048828125,3789
2026-04-17 15:11:00+00:00,548.52001953125,548.889892578125,548.0300903320312,548.4500122070312,5436
2026-04-17 15:12:00+00:00,548.4500122070312,548.4500122070312,546.47998046875,546.47998046875,6926
2026-04-17 15:13:00+00:00,547.52001953125,547.52001953125,546.97998046875,546.97998046875,3378
2026-04-17 15:14:00+00:00,547.52001953125,547.9000244140625,547.1799926757812,547.72998046875,4140
2026-04-17 15:15:00+00:00,547.7999877929688,549.3800048828125,547.7999877929688,549.3800048828125,6122
2026-04-17 15:16:00+00:00,548.9000244140625,549.760009765625,548.9000244140625,549.4600219726562,5734
2026-04-17 15:17:00+00:00,549.1199951171875,549.780029296875,548.35498046875,549.5399780273438,2667
2026-04-17 15:18:00+00:00,548.60498046875,549.4998779296875,548.60498046875,549.25,4209
2026-04-17 15:19:00+00:00,549.25,549.360107421875,549.0300903320312,549.1500244140625,5169
2026-04-17 15:20:00+00:00,549.25,549.3499755859375,549.0,549.3499755859375,4836
2026-04-17 15:21:00+00:00,548.5599975585938,549.0900268554688,548.030029296875,548.030029296875,6318
2026-04-17 15:22:00+00:00,548.0399780273438,548.0399780273438,547.1900024414062,547.4000244140625,7530
2026-04-17 15:23:00+00:00,547.6199951171875,547.8300170898438,547.469970703125,547.52001953125,3616
2026-04-17 15:24:00+00:00,547.3200073242188,548.02001953125,547.1099853515625,547.1099853515625,1631
2026-04-17 15:25:00+00:00,547.1500244140625,548.4000244140625,547.1500244140625,548.4000244140625,6830
2026-04-17 15:26:00+00:00,547.8400268554688,547.8400268554688,547.8400268554688,547.8400268554688,1192
2026-04-17 15:27:00+00:00,548.0,548.0,547.8099975585938,547.8099975585938,6516
2026-04-17 15:28:00+00:00,548.0499877929688,548.344970703125,547.8200073242188,547.8300170898438,2616
2026-04-17 15:29:00+00:00,548.6900024414062,548.8800048828125,548.6900024414062,548.7150268554688,8878
2026-04-17 15:30:00+00:00,548.4201049804688,548.7951049804688,548.4201049804688,548.510009765625,698
2026-04-17 15:31:00+00:00,548.4500122070312,549.1500244140625,548.4400024414062,548.844970703125,3045
2026-04-17 15:32:00+00:00,548.844970703125,549.8800048828125,548.844970703125,549.0900268554688,6702
2026-04-17 15:33:00+00:00,548.760009765625,548.760009765625,548.760009765625,548.760009765625,300
2026-04-17 15:34:00+00:00,548.7000122070312,548.9000244140625,548.1699829101562,548.6599731445312,3531
2026-04-17 15:35:00+00:00,548.969970703125,549.291015625,548.6699829101562,548.6699829101562,2821
2026-04-17 15:36:00+00:00,549.1500244140625,549.219970703125,548.9199829101562,549.1699829101562,2141
2026-04-17 15:37:00+00:00,548.97998046875,549.9199829101562,548.97998046875,549.4650268554688,3908
2026-04-17 15:38:00+00:00,549.0349731445312,549.489990234375,548.8900146484375,549.489990234375,2161
2026-04-17 15:39:00+00:00,549.5599975585938,550.2899780273438,549.5599975585938,549.9401245117188,10920
2026-04-17 15:40:00+00:00,549.9299926757812,549.9400024414062,549.719970703125,549.9400024414062,1391
2026-04-17 15:41:00+00:00,549.9299926757812,550.2000122070312,549.530029296875,549.760009765625,3057
2026-04-17 15:42:00+00:00,549.6799926757812,549.6799926757812,549.0,549.0750122070312,4959
2026-04-17 15:43:00+00:00,549.010009765625,549.1400146484375,547.8101196289062,548.0999755859375,13590
2026-04-17 15:44:00+00:00,547.8099975585938,547.8590087890625,547.309326171875,547.5,8151
2026-04-17 15:45:00+00:00,547.510009765625,547.9998779296875,547.234619140625,547.9998779296875,6441
2026-04-17 15:46:00+00:00,547.1400146484375,547.1400146484375,545.47998046875,546.1199951171875,8322
2026-04-17 15:47:00+00:00,546.2999877929688,546.2999877929688,546.2999877929688,546.2999877929688,1572
2026-04-17 15:48:00+00:00,546.3200073242188,546.760009765625,546.3099975585938,546.635009765625,5592
2026-04-17 15:49:00+00:00,546.2899780273438,547.3900146484375,546.02001953125,547.0,9404
2026-04-17 15:50:00+00:00,547.1300048828125,547.719970703125,547.1300048828125,547.5700073242188,6627
2026-04-17 15:51:00+00:00,547.97998046875,547.97998046875,547.0800170898438,547.5551147460938,2335
2026-04-17 15:52:00+00:00,547.0,547.4398803710938,545.760009765625,545.760009765625,9024
2026-04-17 15:53:00+00:00,545.239990234375,545.4299926757812,544.2930908203125,545.0,3741
2026-04-17 15:54:00+00:00,544.7999877929688,545.1849975585938,544.7999877929688,545.1849975585938,4527
2026-04-17 15:55:00+00:00,545.010009765625,545.010009765625,544.3300170898438,544.3300170898438,3381
2026-04-17 15:56:00+00:00,544.469970703125,544.9500122070312,544.21240234375,544.5900268554688,6178
2026-04-17 15:57:00+00:00,544.219970703125,544.2899780273438,544.0,544.010009765625,6778
2026-04-17 15:58:00+00:00,543.760009765625,543.9099731445312,542.4400024414062,542.47998046875,7492
2026-04-17 15:59:00+00:00,542.8920288085938,542.8920288085938,541.4000244140625,541.5599975585938,14649
2026-04-17 16:00:00+00:00,541.4000244140625,542.010009765625,540.469970703125,540.469970703125,9169
2026-04-17 16:01:00+00:00,540.5,541.7999877929688,540.5,541.2899780273438,3444
2026-04-17 16:02:00+00:00,541.8150024414062,542.0499877929688,541.4199829101562,541.4199829101562,4905
2026-04-17 16:03:00+00:00,541.6199951171875,541.6199951171875,540.8800048828125,541.364990234375,6861
2026-04-17 16:04:00+00:00,542.0,542.010009765625,541.6199951171875,541.7999877929688,1192
2026-04-17 16:05:00+00:00,542.2000122070312,542.7150268554688,541.9299926757812,541.9299926757812,4391
2026-04-17 16:06:00+00:00,542.3800048828125,542.8250122070312,542.2297973632812,542.27001953125,6314
2026-04-17 16:07:00+00:00,542.25,543.4498901367188,542.25,543.4498901367188,5051
2026-04-17 16:08:00+00:00,543.2550048828125,545.2000122070312,543.2550048828125,544.2750244140625,7199
2026-04-17 16:09:00+00:00,544.2750244140625,544.5449829101562,544.1950073242188,544.5449829101562,1870
2026-04-17 16:10:00+00:00,544.9199829101562,544.9299926757812,544.7999877929688,544.7999877929688,1487
2026-04-17 16:11:00+00:00,545.6599731445312,546.1038818359375,545.6599731445312,546.1038818359375,2404
2026-04-17 16:12:00+00:00,546.0250244140625,546.5,545.77001953125,546.22998046875,12542
2026-04-17 16:13:00+00:00,545.8200073242188,546.4298706054688,545.5999755859375,545.6400146484375,4168
2026-04-17 16:14:00+00:00,545.7000122070312,546.7540893554688,545.7000122070312,546.0599975585938,3632
2026-04-17 16:15:00+00:00,546.0001220703125,546.6998901367188,546.0,546.6998901367188,3552
2026-04-17 16:16:00+00:00,546.7000122070312,547.260009765625,546.7000122070312,546.9600219726562,3376
2026-04-17 16:17:00+00:00,546.8499755859375,547.1749877929688,546.4099731445312,547.0,9261
2026-04-17 16:18:00+00:00,546.8300170898438,547.4849853515625,546.8300170898438,547.364990234375,4656
2026-04-17 16:19:00+00:00,547.27001953125,547.27001953125,546.8300170898438,546.8300170898438,3969
2026-04-17 16:20:00+00:00,546.8499755859375,547.5800170898438,546.8499755859375,547.35498046875,4366
2026-04-17 16:21:00+00:00,547.6900024414062,547.6900024414062,547.5,547.5,747
2026-04-17 16:22:00+00:00,547.75,547.9299926757812,547.6599731445312,547.9299926757812,3442
2026-04-17 16:23:00+00:00,547.6400146484375,547.6400146484375,546.989990234375,547.47998046875,7098
2026-04-17 16:24:00+00:00,547.6599731445312,547.739990234375,547.47998046875,547.739990234375,2832
2026-04-17 16:25:00+00:00,547.5800170898438,547.7399291992188,547.2100219726562,547.2449951171875,4035
2026-04-17 16:26:00+00:00,547.3699951171875,547.5449829101562,547.02001953125,547.0499877929688,2848
2026-04-17 16:27:00+00:00,547.02001953125,547.97998046875,547.02001953125,547.6345825195312,5523
2026-04-17 16:28:00+00:00,547.85498046875,548.344970703125,547.85498046875,548.2349853515625,3451
2026-04-17 16:29:00+00:00,548.344970703125,548.7349853515625,547.9400024414062,548.1599731445312,22078
2026-04-17 16:30:00+00:00,548.385009765625,548.7509765625,548.0999755859375,548.7509765625,2646
2026-04-17 16:31:00+00:00,548.760009765625,548.760009765625,548.239990234375,548.27001953125,4277
2026-04-17 16:32:00+00:00,548.260009765625,548.47998046875,548.2000122070312,548.469970703125,5165
2026-04-17 16:33:00+00:00,548.739990234375,551.760009765625,548.6599731445312,551.760009765625,36460
2026-04-17 16:34:00+00:00,551.4000244140625,551.4000244140625,550.908203125,551.3099975585938,7237
2026-04-17 16:35:00+00:00,551.02001953125,551.72998046875,550.97998046875,551.4600219726562,4091
2026-04-17 16:36:00+00:00,551.75,552.8699951171875,551.75,552.614990234375,14202
2026-04-17 16:37:00+00:00,552.614990234375,553.5700073242188,552.22998046875,553.0,29539
2026-04-17 16:38:00+00:00,553.3499145507812,553.3499145507812,552.6400146484375,552.6599731445312,8281
2026-04-17 16:39:00+00:00,552.6599731445312,552.9600219726562,551.0700073242188,551.260009765625,11440
2026-04-17 16:40:00+00:00,551.260009765625,551.2999877929688,550.3300170898438,550.3400268554688,11041
2026-04-17 16:41:00+00:00,550.3499755859375,550.7000122070312,550.3200073242188,550.3200073242188,8246
2026-04-17 16:42:00+00:00,550.010009765625,550.1199951171875,549.9600219726562,550.1199951171875,2899
2026-04-17 16:43:00+00:00,550.0999755859375,550.4000244140625,549.9500122070312,550.4000244140625,5255
2026-04-17 16:44:00+00:00,550.4000244140625,550.4000244140625,549.5999755859375,549.6099853515625,7831
2026-04-17 16:45:00+00:00,549.5900268554688,549.9299926757812,549.4600219726562,549.5700073242188,5366
2026-04-17 16:46:00+00:00,549.530029296875,550.0599975585938,549.5,550.0599975585938,6300
2026-04-17 16:47:00+00:00,550.0750122070312,550.3250122070312,549.5900268554688,549.5900268554688,5548
2026-04-17 16:48:00+00:00,549.9400024414062,549.9400024414062,549.5499877929688,549.9400024414062,2208
2026-04-17 16:49:00+00:00,549.9400024414062,551.1900024414062,549.5700073242188,551.1900024414062,9756
2026-04-17 16:50:00+00:00,551.1199951171875,551.5399780273438,550.75,550.75,1775
2026-04-17 16:51:00+00:00,550.72998046875,551.75,550.530029296875,551.5750122070312,12678
2026-04-17 16:52:00+00:00,551.1500244140625,551.1500244140625,550.219970703125,550.219970703125,4846
2026-04-17 16:53:00+00:00,549.969970703125,550.0599975585938,549.9400024414062,549.9500122070312,2590
2026-04-17 16:54:00+00:00,549.9400024414062,550.125,549.7899780273438,550.125,5362
2026-04-17 16:55:00+00:00,549.8099975585938,550.0350952148438,549.760009765625,549.760009765625,2268
2026-04-17 16:56:00+00:00,549.760009765625,549.9299926757812,549.5499877929688,549.5800170898438,2515
2026-04-17 16:57:00+00:00,549.5499877929688,549.77001953125,549.5499877929688,549.5800170898438,2264
2026-04-17 16:58:00+00:00,549.5800170898438,550.0650024414062,549.5599975585938,549.8300170898438,3854
2026-04-17 16:59:00+00:00,549.8300170898438,549.8300170898438,549.5499877929688,549.5499877929688,4695
2026-04-17 17:00:00+00:00,549.510009765625,549.510009765625,548.9600219726562,549.1599731445312,3682
2026-04-17 17:01:00+00:00,549.364990234375,550.9998779296875,549.1099853515625,550.9998779296875,8849
2026-04-17 17:02:00+00:00,550.489990234375,550.489990234375,550.219970703125,550.219970703125,2533
2026-04-17 17:03:00+00:00,550.4450073242188,550.4450073242188,549.6199951171875,549.6199951171875,6459
2026-04-17 17:04:00+00:00,549.8099975585938,550.5291748046875,549.8099975585938,550.5291748046875,7208
2026-04-17 17:05:00+00:00,550.4500122070312,550.4500122070312,550.0,550.0499877929688,2055
2026-04-17 17:06:00+00:00,550.2000122070312,550.4249877929688,549.77001953125,549.77001953125,6537
2026-04-17 17:07:00+00:00,549.9000244140625,550.2100219726562,549.739990234375,550.2100219726562,7963
2026-04-17 17:08:00+00:00,550.3200073242188,550.3200073242188,547.4500122070312,547.4500122070312,23431
2026-04-17 17:09:00+00:00,548.1400146484375,548.5,548.0150146484375,548.4199829101562,5135
2026-04-17 17:10:00+00:00,548.394287109375,549.260009765625,548.394287109375,549.22998046875,4084
2026-04-17 17:11:00+00:00,549.260009765625,549.260009765625,548.3400268554688,548.4400024414062,6077
2026-04-17 17:12:00+00:00,548.469970703125,548.8499755859375,548.4400024414062,548.4500122070312,2906
2026-04-17 17:13:00+00:00,548.5800170898438,548.8400268554688,548.4400024414062,548.4500122070312,8045
2026-04-17 17:14:00+00:00,548.260009765625,548.7100219726562,548.0,548.1199951171875,7512
2026-04-17 17:15:00+00:00,548.1099853515625,548.5250244140625,547.7899780273438,547.7899780273438,5396
2026-04-17 17:16:00+00:00,547.9400024414062,548.6087036132812,547.9400024414062,548.5,9201
2026-04-17 17:17:00+00:00,548.4000244140625,548.6708984375,547.6500244140625,547.6500244140625,6235
2026-04-17 17:18:00+00:00,547.8699951171875,547.8699951171875,547.4400024414062,547.4600219726562,2965
2026-04-17 17:19:00+00:00,547.52001953125,547.6749877929688,547.4099731445312,547.5,2804
2026-04-17 17:20:00+00:00,547.6749877929688,548.3499755859375,547.4099731445312,547.8599853515625,15049
2026-04-17 17:21:00+00:00,547.4099731445312,547.489990234375,546.989990234375,547.0900268554688,6770
2026-04-17 17:22:00+00:00,547.6799926757812,548.7949829101562,547.489990234375,548.5449829101562,10166
2026-04-17 17:23:00+00:00,548.530029296875,549.260009765625,548.530029296875,549.0449829101562,3351
2026-04-17 17:24:00+00:00,548.72998046875,549.04248046875,545.1201171875,546.280029296875,29870
2026-04-17 17:25:00+00:00,546.0800170898438,546.75,546.0800170898438,546.75,5919
2026-04-17 17:26:00+00:00,546.3200073242188,546.3200073242188,545.9000244140625,545.9000244140625,1540
2026-04-17 17:27:00+00:00,545.7999877929688,546.72998046875,545.7000122070312,546.72998046875,5795
2026-04-17 17:28:00+00:00,547.1400146484375,547.1400146484375,546.0,546.1500244140625,3827
2026-04-17 17:29:00+00:00,546.1300048828125,546.9199829101562,546.010009765625,546.469970703125,2621
2026-04-17 17:30:00+00:00,546.9000244140625,547.9400024414062,546.8300170898438,547.2550048828125,7192
2026-04-17 17:31:00+00:00,547.0399780273438,547.2100219726562,546.77001953125,547.0,3152
2026-04-17 17:32:00+00:00,547.1699829101562,547.1900024414062,546.780029296875,547.030029296875,4614
2026-04-17 17:33:00+00:00,546.8200073242188,546.8200073242188,546.3699951171875,546.3699951171875,3569
2026-04-17 17:34:00+00:00,546.6500244140625,546.885009765625,546.0499877929688,546.0499877929688,5365
2026-04-17 17:35:00+00:00,546.030029296875,546.3150024414062,545.1500244140625,545.1500244140625,5024
2026-04-17 17:36:00+00:00,545.3599853515625,545.4299926757812,545.1599731445312,545.3800048828125,2266
2026-04-17 17:37:00+00:00,545.6099853515625,546.7507934570312,545.489990234375,546.3900146484375,10060
2026-04-17 17:38:00+00:00,546.3800048828125,546.3800048828125,545.739990234375,545.8200073242188,3524
2026-04-17 17:39:00+00:00,545.8099975585938,546.10498046875,545.219970703125,546.10498046875,4702
2026-04-17 17:40:00+00:00,546.1500244140625,546.1500244140625,545.6300048828125,545.6699829101562,1741
2026-04-17 17:41:00+00:00,545.6599731445312,546.2249755859375,545.6400146484375,545.97998046875,1977
2026-04-17 17:42:00+00:00,545.9500122070312,546.6099853515625,545.9500122070312,546.4749755859375,3748
2026-04-17 17:43:00+00:00,546.280029296875,546.2899780273438,545.8499755859375,545.8499755859375,4204
2026-04-17 17:44:00+00:00,546.3900146484375,546.719970703125,546.3900146484375,546.6900024414062,4291
2026-04-17 17:45:00+00:00,546.72998046875,547.27001953125,546.7249755859375,547.27001953125,4224
2026-04-17 17:46:00+00:00,547.7050170898438,548.239990234375,547.7050170898438,548.0150146484375,8406
2026-04-17 17:47:00+00:00,548.010009765625,548.25,547.9000244140625,548.25,3294
2026-04-17 17:48:00+00:00,548.239990234375,548.239990234375,547.9199829101562,548.094970703125,3993
2026-04-17 17:49:00+00:00,547.8900146484375,547.9199829101562,547.75,547.760009765625,2238
2026-04-17 17:50:00+00:00,548.0850219726562,548.5399780273438,547.8900146484375,548.4000244140625,4451
2026-04-17 17:51:00+00:00,548.4199829101562,549.2000122070312,548.4199829101562,549.2000122070312,4949
2026-04-17 17:52:00+00:00,549.417724609375,549.4199829101562,548.7600708007812,548.969970703125,8327
2026-04-17 17:53:00+00:00,549.4000244140625,550.0349731445312,549.1849975585938,550.0349731445312,6052
2026-04-17 17:54:00+00:00,549.8099975585938,550.125,549.6599731445312,549.760009765625,5026
2026-04-17 17:55:00+00:00,549.719970703125,549.905029296875,549.6500244140625,549.6500244140625,5203
2026-04-17 17:56:00+00:00,549.5701293945312,550.47998046875,549.5701293945312,550.4199829101562,7935
2026-04-17 17:57:00+00:00,550.8098754882812,550.8098754882812,549.9299926757812,549.9299926757812,5831
2026-04-17 17:58:00+00:00,550.1199951171875,550.7098999023438,549.219970703125,549.219970703125,13666
2026-04-17 17:59:00+00:00,549.0599975585938,549.7166137695312,548.4600219726562,548.4600219726562,6195
2026-04-17 18:00:00+00:00,548.2401123046875,548.875,548.2401123046875,548.510009765625,6656
2026-04-17 18:01:00+00:00,548.3699951171875,549.1298828125,548.1799926757812,549.1099243164062,4947
2026-04-17 18:02:00+00:00,548.2100219726562,548.2100219726562,547.75,547.780029296875,3287
2026-04-17 18:03:00+00:00,547.760009765625,547.760009765625,547.0900268554688,547.0900268554688,6615
2026-04-17 18:04:00+00:00,547.1799926757812,547.5675048828125,547.0900268554688,547.219970703125,3060
2026-04-17 18:05:00+00:00,547.5650024414062,547.9400024414062,547.219970703125,547.8250122070312,6992
2026-04-17 18:06:00+00:00,547.489990234375,548.169921875,546.7000122070312,547.719970703125,74440
2026-04-17 18:08:00+00:00,547.780029296875,547.8699951171875,547.739990234375,547.739990234375,1712
2026-04-17 18:09:00+00:00,547.3300170898438,547.3300170898438,546.72998046875,546.8400268554688,3358
2026-04-17 18:10:00+00:00,547.72998046875,547.9299926757812,547.4199829101562,547.4199829101562,4403
2026-04-17 18:11:00+00:00,547.219970703125,548.14990234375,547.1699829101562,547.1900024414062,1695
2026-04-17 18:12:00+00:00,547.2000122070312,548.1699829101562,547.2000122070312,547.6199951171875,2733
2026-04-17 18:13:00+00:00,547.7999877929688,548.2249755859375,547.6199951171875,547.9199829101562,4662
2026-04-17 18:14:00+00:00,548.0349731445312,548.0349731445312,547.580078125,547.97998046875,3725
2026-04-17 18:15:00+00:00,548.3400268554688,548.5,548.2000122070312,548.219970703125,4522
2026-04-17 18:16:00+00:00,548.2449951171875,548.2449951171875,548.239990234375,548.239990234375,566
2026-04-17 18:17:00+00:00,548.2349853515625,549.02001953125,548.0599975585938,548.844970703125,7409
2026-04-17 18:18:00+00:00,549.030029296875,549.030029296875,549.0,549.0,1023
2026-04-17 18:19:00+00:00,549.1699829101562,549.1699829101562,548.3400268554688,548.4299926757812,4958
2026-04-17 18:20:00+00:00,548.47998046875,548.47998046875,548.0399780273438,548.0399780273438,2858
2026-04-17 18:21:00+00:00,548.0,548.239990234375,547.8800048828125,547.8800048828125,2822
2026-04-17 18:22:00+00:00,547.989990234375,548.0900268554688,547.489990234375,548.0,8006
2026-04-17 18:23:00+00:00,547.9849853515625,548.4099731445312,547.47998046875,548.3350219726562,8679
2026-04-17 18:24:00+00:00,548.5,549.0399780273438,548.5,549.0399780273438,3873
2026-04-17 18:25:00+00:00,549.22998046875,549.6900024414062,549.22998046875,549.6900024414062,4629
2026-04-17 18:26:00+00:00,549.3800048828125,549.3800048828125,549.375,549.375,2277
2026-04-17 18:27:00+00:00,549.4550170898438,549.4550170898438,549.1600952148438,549.1600952148438,3517
2026-04-17 18:28:00+00:00,549.1699829101562,550.1300048828125,549.1599731445312,549.9849853515625,10037
2026-04-17 18:29:00+00:00,549.9849853515625,549.9849853515625,549.9299926757812,549.9849853515625,2576
2026-04-17 18:30:00+00:00,550.3099975585938,550.8699951171875,549.969970703125,550.625,6660
2026-04-17 18:31:00+00:00,550.6199951171875,550.7432250976562,550.3699951171875,550.4199829101562,5930
2026-04-17 18:32:00+00:00,550.4199829101562,550.4199829101562,550.1500244140625,550.1500244140625,3115
2026-04-17 18:33:00+00:00,550.3699951171875,550.3699951171875,550.1500244140625,550.1500244140625,3841
2026-04-17 18:34:00+00:00,549.9199829101562,549.9199829101562,549.5599975585938,549.5800170898438,3576
2026-04-17 18:35:00+00:00,549.5599975585938,549.6199951171875,549.4199829101562,549.4199829101562,3692
2026-04-17 18:36:00+00:00,549.4199829101562,549.614990234375,549.27001953125,549.469970703125,8463
2026-04-17 18:37:00+00:00,549.52001953125,549.5651245117188,549.22998046875,549.22998046875,1089
2026-04-17 18:38:00+00:00,549.219970703125,549.9000244140625,548.8699951171875,549.2849731445312,9858
2026-04-17 18:39:00+00:00,549.1099853515625,549.1099853515625,548.3699951171875,548.3800048828125,3324
2026-04-17 18:40:00+00:00,548.3300170898438,548.760009765625,548.3300170898438,548.5999755859375,2714
2026-04-17 18:41:00+00:00,548.530029296875,548.6400146484375,548.530029296875,548.6300048828125,2174
2026-04-17 18:42:00+00:00,549.0198974609375,549.0198974609375,547.8200073242188,547.8200073242188,96007
2026-04-17 18:43:00+00:00,548.1300048828125,548.35498046875,547.760009765625,548.35498046875,2249
2026-04-17 18:44:00+00:00,548.010009765625,548.3499755859375,548.010009765625,548.3499755859375,2225
2026-04-17 18:45:00+00:00,548.35498046875,548.8900146484375,548.35498046875,548.8250122070312,9445
2026-04-17 18:46:00+00:00,548.8250122070312,549.260009765625,548.8250122070312,549.14501953125,3123
2026-04-17 18:47:00+00:00,549.8099975585938,549.8099975585938,549.1799926757812,549.3499755859375,5292
2026-04-17 18:48:00+00:00,549.1799926757812,549.3800048828125,548.97998046875,548.97998046875,3886
2026-04-17 18:49:00+00:00,548.9749755859375,548.989990234375,548.7899780273438,548.89208984375,4364
2026-04-17 18:50:00+00:00,549.0,549.0,548.1599731445312,548.1599731445312,5244
2026-04-17 18:51:00+00:00,548.1400146484375,548.5075073242188,548.1199951171875,548.1300048828125,1527
2026-04-17 18:52:00+00:00,548.1300048828125,548.5050048828125,548.1199951171875,548.5050048828125,4760
2026-04-17 18:53:00+00:00,548.1199951171875,548.1199951171875,547.5,547.510009765625,3181
2026-04-17 18:54:00+00:00,547.6199951171875,548.1649780273438,547.5399780273438,547.8800048828125,2099
2026-04-17 18:55:00+00:00,548.1649780273438,548.760009765625,547.8699951171875,548.3099975585938,6403
2026-04-17 18:56:00+00:00,548.5900268554688,549.4849853515625,548.5900268554688,549.0701293945312,5550
2026-04-17 18:57:00+00:00,549.3150024414062,549.3150024414062,549.0700073242188,549.3150024414062,3219
2026-04-17 18:58:00+00:00,549.5599975585938,549.5599975585938,549.260009765625,549.260009765625,15695
2026-04-17 18:59:00+00:00,549.5349731445312,549.9000244140625,549.47998046875,549.7750244140625,6321
2026-04-17 19:00:00+00:00,550.0,550.030029296875,549.3200073242188,549.3200073242188,5906
2026-04-17 19:01:00+00:00,549.2899780273438,549.64501953125,549.2899780273438,549.510009765625,4727
2026-04-17 19:02:00+00:00,549.510009765625,550.0650024414062,549.510009765625,550.0650024414062,7393
2026-04-17 19:03:00+00:00,549.9299926757812,550.1900024414062,549.9299926757812,550.0449829101562,3241
2026-04-17 19:04:00+00:00,549.8699951171875,550.27001953125,549.8201293945312,550.0900268554688,3127
2026-04-17 19:05:00+00:00,549.9500122070312,550.4885864257812,549.239990234375,549.239990234375,7945
2026-04-17 19:06:00+00:00,549.7169799804688,549.7169799804688,549.0499877929688,549.239990234375,3302
2026-04-17 19:07:00+00:00,549.1099853515625,549.4450073242188,549.1099853515625,549.1799926757812,2715
2026-04-17 19:08:00+00:00,549.239990234375,549.4400024414062,548.6300048828125,548.6300048828125,6146
2026-04-17 19:09:00+00:00,548.9000244140625,548.9299926757812,548.5,548.5800170898438,3608
2026-04-17 19:10:00+00:00,548.6599731445312,548.6599731445312,548.4299926757812,548.4400024414062,4045
2026-04-17 19:11:00+00:00,547.8900146484375,547.9600219726562,547.0,547.2349853515625,17686
2026-04-17 19:12:00+00:00,546.9201049804688,547.510009765625,546.9201049804688,547.0800170898438,5613
2026-04-17 19:13:00+00:00,547.030029296875,547.25,546.9199829101562,547.1799926757812,4572
2026-04-17 19:14:00+00:00,546.9600219726562,547.5499877929688,546.9600219726562,547.280029296875,4383
2026-04-17 19:15:00+00:00,547.239990234375,547.7999877929688,547.0700073242188,547.7999877929688,8072
2026-04-17 19:16:00+00:00,547.7100219726562,548.0650024414062,547.7100219726562,548.0,3331
2026-04-17 19:17:00+00:00,548.0700073242188,548.0700073242188,547.4400024414062,547.4400024414062,4677
2026-04-17 19:18:00+00:00,547.219970703125,547.5800170898438,547.219970703125,547.3099975585938,2335
2026-04-17 19:19:00+00:00,547.2999877929688,547.8699951171875,547.0,547.0,6880
2026-04-17 19:20:00+00:00,546.9199829101562,547.10498046875,546.530029296875,546.8099975585938,3137
2026-04-17 19:21:00+00:00,546.5999755859375,547.0900268554688,546.5999755859375,546.77001953125,2658
2026-04-17 19:22:00+00:00,546.780029296875,546.7899780273438,546.610107421875,546.610107421875,3123
2026-04-17 19:23:00+00:00,546.875,546.875,546.6099853515625,546.6099853515625,5280
2026-04-17 19:24:00+00:00,546.6099853515625,546.6099853515625,545.5599975585938,545.5599975585938,7154
2026-04-17 19:25:00+00:00,545.6300048828125,546.2999877929688,545.6300048828125,545.9401245117188,5868
2026-04-17 19:26:00+00:00,545.9400024414062,546.2100219726562,545.6699829101562,546.0750122070312,4299
2026-04-17 19:27:00+00:00,545.989990234375,546.3201293945312,545.8200073242188,546.1799926757812,10408
2026-04-17 19:28:00+00:00,546.1699829101562,546.3150024414062,546.1699829101562,546.239990234375,3921
2026-04-17 19:29:00+00:00,546.0900268554688,546.2860107421875,546.010009765625,546.2860107421875,1523
2026-04-17 19:30:00+00:00,546.4199829101562,546.7999877929688,546.1799926757812,546.5750122070312,8331
2026-04-17 19:31:00+00:00,546.7100219726562,546.7100219726562,546.0499877929688,546.0599975585938,3569
2026-04-17 19:32:00+00:00,546.118408203125,546.3800048828125,545.6199951171875,545.6599731445312,11279
2026-04-17 19:33:00+00:00,545.6300048828125,546.2550048828125,545.5700073242188,546.2550048828125,8464
2026-04-17 19:34:00+00:00,545.9400024414062,545.9400024414062,545.5800170898438,545.7000122070312,2542
2026-04-17 19:35:00+00:00,546.0999755859375,546.10498046875,545.9600219726562,546.0050048828125,2378
2026-04-17 19:36:00+00:00,546.1599731445312,546.1599731445312,545.1599731445312,545.1599731445312,7101
2026-04-17 19:37:00+00:00,545.1599731445312,545.7999877929688,544.1599731445312,545.7999877929688,14931
2026-04-17 19:38:00+00:00,545.85498046875,546.1400146484375,545.85498046875,546.1400146484375,6057
2026-04-17 19:39:00+00:00,546.02001953125,546.3599853515625,545.97998046875,545.97998046875,2276
2026-04-17 19:40:00+00:00,546.1749877929688,546.1749877929688,545.7899780273438,546.094970703125,2968
2026-04-17 19:41:00+00:00,545.7999877929688,546.02001953125,545.760009765625,545.9990234375,4039
2026-04-17 19:42:00+00:00,546.0,546.22998046875,544.9401245117188,545.4600219726562,14414
2026-04-17 19:43:00+00:00,545.4650268554688,547.0,545.4650268554688,546.77001953125,16807
2026-04-17 19:44:00+00:00,546.8250122070312,547.2000122070312,546.8250122070312,547.2000122070312,5759
2026-04-17 19:45:00+00:00,547.3300170898438,547.3300170898438,546.8300170898438,547.0,6168
2026-04-17 19:46:00+00:00,546.75,547.2100219726562,546.75,546.7999877929688,2987
2026-04-17 19:47:00+00:00,546.7999877929688,546.8400268554688,546.6799926757812,546.6799926757812,5057
2026-04-17 19:48:00+00:00,546.8350219726562,546.969970703125,546.719970703125,546.719970703125,6909
2026-04-17 19:49:00+00:00,547.1699829101562,547.3049926757812,547.1099853515625,547.3049926757812,5042
2026-04-17 19:50:00+00:00,547.5,548.3800048828125,547.4299926757812,547.9500122070312,7404
2026-04-17 19:51:00+00:00,547.5599975585938,548.489990234375,547.5399780273438,548.489990234375,14754
2026-04-17 19:52:00+00:00,548.8049926757812,549.5150146484375,548.489990234375,549.010009765625,9763
2026-04-17 19:53:00+00:00,549.2750244140625,549.4329833984375,549.0999755859375,549.1199951171875,10836
2026-04-17 19:54:00+00:00,549.1201171875,549.6400146484375,547.3300170898438,548.0850219726562,19170
2026-04-17 19:55:00+00:00,549.030029296875,549.030029296875,547.3878784179688,548.2849731445312,13313
2026-04-17 19:56:00+00:00,548.75,548.8900146484375,548.0999755859375,548.510009765625,20777
2026-04-17 19:57:00+00:00,548.8900146484375,548.8900146484375,547.469970703125,548.1400146484375,21391
2026-04-17 19:58:00+00:00,548.22998046875,548.22998046875,547.5,548.010009765625,45836
2026-04-17 19:59:00+00:00,548.0,548.2999877929688,547.3499755859375,547.3699951171875,58658
2026-04-20 13:30:00+00:00,550.8300170898438,553.0,548.0050048828125,550.489990234375,162351
2026-04-20 13:31:00+00:00,550.47998046875,550.8499145507812,547.0599975585938,548.989990234375,21798
2026-04-20 13:32:00+00:00,546.22998046875,547.0369873046875,543.4199829101562,545.89501953125,15611
2026-04-20 13:33:00+00:00,544.3699951171875,545.9899291992188,539.0,539.0,16579
2026-04-20 13:34:00+00:00,539.0,545.0499877929688,537.6199951171875,545.0499877929688,26874
2026-04-20 13:35:00+00:00,544.844970703125,544.844970703125,540.0850219726562,540.0850219726562,9634
2026-04-20 13:36:00+00:00,539.9400024414062,540.0999755859375,537.0,538.530029296875,28394
2026-04-20 13:37:00+00:00,538.447509765625,538.969970703125,536.0,538.0549926757812,11834
2026-04-20 13:38:00+00:00,537.3200073242188,540.0830078125,537.2000122070312,538.77001953125,9702
2026-04-20 13:39:00+00:00,539.4600219726562,542.0,539.0,541.6199951171875,82141
2026-04-20 13:40:00+00:00,541.4949951171875,541.989990234375,540.3699951171875,541.8289794921875,17904
2026-04-20 13:41:00+00:00,541.530029296875,542.75,539.489990234375,539.9450073242188,26523
2026-04-20 13:42:00+00:00,540.0,541.75,538.9473266601562,541.75,7015
2026-04-20 13:43:00+00:00,541.6199951171875,544.4204711914062,541.4500122070312,544.4204711914062,9690
2026-04-20 13:44:00+00:00,543.1799926757812,544.1799926757812,542.7100219726562,543.155029296875,15597
2026-04-20 13:45:00+00:00,543.2650146484375,543.2650146484375,541.02001953125,541.094970703125,7892
2026-04-20 13:46:00+00:00,541.2449951171875,541.8699951171875,540.0300903320312,541.2000122070312,29988
2026-04-20 13:47:00+00:00,540.7750244140625,541.8099975585938,540.22998046875,541.010009765625,11986
2026-04-20 13:48:00+00:00,540.8900146484375,543.0198974609375,540.8699951171875,540.8699951171875,28644
2026-04-20 13:49:00+00:00,540.52001953125,540.9550170898438,539.9099731445312,540.2100219726562,22194
2026-04-20 13:50:00+00:00,539.8400268554688,539.8400268554688,538.1500244140625,538.72998046875,6979
2026-04-20 13:51:00+00:00,539.2100219726562,539.2100219726562,538.4099731445312,538.4099731445312,10726
2026-04-20 13:52:00+00:00,539.4299926757812,540.4600219726562,539.3150024414062,539.4099731445312,6207
2026-04-20 13:53:00+00:00,538.6300048828125,538.6300048828125,536.5,536.77001953125,17699
2026-04-20 13:54:00+00:00,536.4000244140625,537.8699951171875,536.4000244140625,537.5999755859375,15459
2026-04-20 13:55:00+00:00,537.6799926757812,539.2000122070312,537.6799926757812,538.8900146484375,4427
2026-04-20 13:56:00+00:00,538.2431030273438,539.5900268554688,538.2431030273438,539.5900268554688,6743
2026-04-20 13:57:00+00:00,539.010009765625,539.1699829101562,537.4600219726562,538.0,9298
2026-04-20 13:58:00+00:00,537.5999755859375,537.5999755859375,536.010009765625,537.125,8971
2026-04-20 13:59:00+00:00,537.8099975585938,538.2899780273438,537.1799926757812,537.7449951171875,5278
2026-04-20 14:00:00+00:00,537.7449951171875,538.39990234375,536.3800048828125,536.5700073242188,9646
2026-04-20 14:01:00+00:00,536.5,536.5399780273438,534.626220703125,535.530029296875,23327
2026-04-20 14:02:00+00:00,535.530029296875,535.9299926757812,533.7100219726562,535.8699951171875,27330
2026-04-20 14:03:00+00:00,535.72998046875,536.3099975585938,534.969970703125,535.2550048828125,6892
2026-04-20 14:04:00+00:00,535.260009765625,536.2349853515625,535.2249755859375,535.5399780273438,11426
2026-04-20 14:05:00+00:00,536.7999877929688,536.9500122070312,536.7999877929688,536.9299926757812,2295
2026-04-20 14:06:00+00:00,536.3983764648438,537.5399780273438,536.3983764648438,537.14501953125,6740
2026-04-20 14:07:00+00:00,536.6099853515625,537.0408935546875,535.989990234375,536.0250244140625,4580
2026-04-20 14:08:00+00:00,535.5,536.0250244140625,535.0,535.4550170898438,2836
2026-04-20 14:09:00+00:00,535.4550170898438,537.4199829101562,535.4500122070312,537.4099731445312,5854
2026-04-20 14:10:00+00:00,537.4400024414062,538.4000244140625,536.6599731445312,537.719970703125,10525
2026-04-20 14:11:00+00:00,537.719970703125,537.719970703125,536.4500122070312,536.4500122070312,5190
2026-04-20 14:12:00+00:00,535.7100219726562,538.139892578125,535.7100219726562,537.5250244140625,10199
2026-04-20 14:13:00+00:00,538.344970703125,538.989990234375,537.9000244140625,538.4299926757812,8144
2026-04-20 14:14:00+00:00,538.5050048828125,538.8200073242188,537.6300048828125,537.6300048828125,3374
2026-04-20 14:15:00+00:00,538.010009765625,538.780029296875,537.3499755859375,537.3499755859375,3313
2026-04-20 14:16:00+00:00,537.3499755859375,539.4450073242188,537.3499755859375,539.280029296875,11392
2026-04-20 14:17:00+00:00,539.1950073242188,539.7999877929688,538.0765991210938,539.1900024414062,4078
2026-04-20 14:18:00+00:00,538.6900024414062,539.1649780273438,538.52001953125,538.75,3428
2026-04-20 14:19:00+00:00,538.5800170898438,539.0850219726562,538.1599731445312,538.9299926757812,6556
2026-04-20 14:20:00+00:00,538.72998046875,538.8800048828125,538.4099731445312,538.8200073242188,3161
2026-04-20 14:21:00+00:00,538.8200073242188,540.0800170898438,538.8200073242188,538.97998046875,11049
2026-04-20 14:22:00+00:00,539.2100219726562,540.0798950195312,539.0999755859375,539.2999877929688,3319
2026-04-20 14:23:00+00:00,539.02001953125,539.4600219726562,538.244384765625,538.7449951171875,4511
2026-04-20 14:24:00+00:00,538.1900024414062,539.0698852539062,537.969970703125,538.1776123046875,5415
2026-04-20 14:25:00+00:00,538.969970703125,539.030029296875,538.2100219726562,538.375,4151
2026-04-20 14:26:00+00:00,538.1300048828125,538.8900146484375,538.1300048828125,538.885009765625,7990
2026-04-20 14:27:00+00:00,539.1699829101562,539.1699829101562,538.6500244140625,539.02001953125,4330
2026-04-20 14:28:00+00:00,538.7000122070312,538.8499755859375,538.27001953125,538.3200073242188,3335
2026-04-20 14:29:00+00:00,538.6810302734375,538.6810302734375,537.8499755859375,537.8499755859375,9121
2026-04-20 14:30:00+00:00,536.6799926757812,537.4000244140625,536.6799926757812,536.72998046875,4672
2026-04-20 14:31:00+00:00,537.0399780273438,537.5999755859375,537.0399780273438,537.0700073242188,4470
2026-04-20 14:32:00+00:00,537.6400146484375,538.5598754882812,537.030029296875,537.0800170898438,2231
2026-04-20 14:33:00+00:00,536.97998046875,536.97998046875,536.5,536.5,1240
2026-04-20 14:34:00+00:00,536.530029296875,537.1909790039062,536.5,536.8599853515625,3711
2026-04-20 14:35:00+00:00,536.9199829101562,537.6878051757812,536.7650146484375,537.4000244140625,6803
2026-04-20 14:36:00+00:00,537.530029296875,537.5399780273438,537.0999755859375,537.0999755859375,3762
2026-04-20 14:37:00+00:00,537.5499877929688,538.219970703125,537.1199951171875,537.530029296875,4803
2026-04-20 14:38:00+00:00,537.3250122070312,538.0700073242188,537.1099853515625,538.0700073242188,3415
2026-04-20 14:39:00+00:00,538.0,538.0,537.3200073242188,537.3200073242188,2728
2026-04-20 14:40:00+00:00,537.3200073242188,537.3200073242188,536.9000244140625,536.9000244140625,5007
2026-04-20 14:41:00+00:00,536.8200073242188,536.8200073242188,536.02001953125,536.52001953125,8431
2026-04-20 14:42:00+00:00,536.7999877929688,536.7999877929688,536.3200073242188,536.3200073242188,1139
2026-04-20 14:43:00+00:00,536.5509033203125,536.6500244140625,535.7999877929688,535.7999877929688,4428
2026-04-20 14:44:00+00:00,535.5,536.375,535.4450073242188,536.375,5412
2026-04-20 14:45:00+00:00,535.8900146484375,535.8900146484375,535.0,535.614990234375,3553
2026-04-20 14:46:00+00:00,535.614990234375,535.614990234375,535.0,535.5050048828125,2181
2026-04-20 14:47:00+00:00,535.739990234375,536.4500122070312,535.64501953125,536.260009765625,5944
2026-04-20 14:48:00+00:00,536.0499877929688,536.0499877929688,535.8400268554688,535.8400268554688,1510
2026-04-20 14:49:00+00:00,535.5900268554688,536.0,535.1699829101562,535.8200073242188,5419
2026-04-20 14:50:00+00:00,536.489990234375,536.489990234375,535.510009765625,535.52001953125,3710
2026-04-20 14:51:00+00:00,535.010009765625,535.5202026367188,533.1950073242188,535.5202026367188,18291
2026-04-20 14:52:00+00:00,535.1199951171875,535.5,534.6599731445312,535.5,3614
2026-04-20 14:53:00+00:00,535.9199829101562,535.9199829101562,534.4500122070312,534.875,5920
2026-04-20 14:54:00+00:00,534.52001953125,535.4099731445312,534.2000732421875,534.9949951171875,3319
2026-04-20 14:55:00+00:00,534.448974609375,535.5499267578125,533.27001953125,533.27001953125,4557
2026-04-20 14:56:00+00:00,534.0250244140625,534.0250244140625,531.9400024414062,531.9400024414062,13262
2026-04-20 14:57:00+00:00,532.3499755859375,533.3200073242188,532.0800170898438,532.72998046875,6225
2026-04-20 14:58:00+00:00,532.1182250976562,532.8150024414062,532.0001220703125,532.8150024414062,3354
2026-04-20 14:59:00+00:00,532.260009765625,533.2899780273438,532.030029296875,533.25,7077
2026-04-20 15:00:00+00:00,533.6199951171875,535.3499755859375,533.6199951171875,534.5399780273438,7337
2026-04-20 15:01:00+00:00,534.5800170898438,534.9500122070312,534.344970703125,534.344970703125,4552
2026-04-20 15:02:00+00:00,534.344970703125,535.477294921875,534.344970703125,534.72998046875,4488
2026-04-20 15:03:00+00:00,535.0999755859375,535.0999755859375,534.25,534.27001953125,4840
2026-04-20 15:04:00+00:00,534.27001953125,534.510009765625,533.8900146484375,534.030029296875,4866
2026-04-20 15:05:00+00:00,533.97998046875,533.97998046875,533.489990234375,533.489990234375,2755
2026-04-20 15:06:00+00:00,533.7899780273438,533.7899780273438,533.2999877929688,533.2999877929688,1836
2026-04-20 15:07:00+00:00,533.2999877929688,533.2999877929688,532.469970703125,532.6699829101562,3965
2026-04-20 15:08:00+00:00,533.4600219726562,534.385009765625,533.3499755859375,534.385009765625,3801
2026-04-20 15:09:00+00:00,534.4299926757812,534.9990234375,534.4299926757812,534.739990234375,3797
2026-04-20 15:10:00+00:00,534.47998046875,535.60498046875,534.3128051757812,535.2899780273438,6292
2026-04-20 15:11:00+00:00,535.4400024414062,535.9409790039062,535.4400024414062,535.9409790039062,3478
2026-04-20 15:12:00+00:00,536.2999877929688,536.2999877929688,535.010009765625,535.010009765625,2339
2026-04-20 15:13:00+00:00,535.7050170898438,535.9000244140625,535.059814453125,535.059814453125,2896
2026-04-20 15:14:00+00:00,535.60498046875,536.0499877929688,535.3175048828125,535.8099975585938,2679
2026-04-20 15:15:00+00:00,535.64501953125,535.9000244140625,535.0,535.0,2742
2026-04-20 15:16:00+00:00,535.4600219726562,536.2899780273438,535.0,535.7050170898438,2175
2026-04-20 15:17:00+00:00,535.7550048828125,536.39501953125,535.3046264648438,536.3250122070312,3296
2026-04-20 15:18:00+00:00,536.5,536.7750244140625,536.1599731445312,536.760009765625,3829
2026-04-20 15:19:00+00:00,537.1950073242188,537.2999877929688,537.1950073242188,537.2899780273438,2347
2026-04-20 15:20:00+00:00,537.7399291992188,537.7399291992188,537.3300170898438,537.3300170898438,1807
2026-04-20 15:21:00+00:00,537.7000122070312,539.239990234375,537.7000122070312,539.239990234375,6293
2026-04-20 15:22:00+00:00,538.739990234375,539.2999877929688,538.739990234375,539.0850219726562,4904
2026-04-20 15:23:00+00:00,539.0349731445312,539.6749877929688,538.8800048828125,539.4727783203125,4731
2026-04-20 15:24:00+00:00,539.5650024414062,540.0,539.02001953125,539.4349975585938,9229
2026-04-20 15:25:00+00:00,538.8699951171875,539.260009765625,538.5750122070312,539.260009765625,4140
2026-04-20 15:26:00+00:00,539.5399780273438,539.89990234375,539.1500244140625,539.5399780273438,4305
2026-04-20 15:27:00+00:00,539.5399780273438,539.89990234375,538.6849975585938,538.6849975585938,3969
2026-04-20 15:28:00+00:00,538.510009765625,538.7999877929688,537.7000122070312,538.1500244140625,2277
2026-04-20 15:29:00+00:00,538.22998046875,539.114990234375,537.7000122070312,539.114990234375,5082
2026-04-20 15:30:00+00:00,538.7999877929688,538.969970703125,538.2999877929688,538.969970703125,2374
2026-04-20 15:31:00+00:00,538.7050170898438,538.989990234375,538.7050170898438,538.7100219726562,2008
2026-04-20 15:32:00+00:00,538.469970703125,539.0850219726562,538.4400024414062,539.0,5086
2026-04-20 15:33:00+00:00,539.363525390625,539.5800170898438,539.239990234375,539.239990234375,2246
2026-04-20 15:34:00+00:00,538.7899780273438,538.8900146484375,538.360107421875,538.385009765625,4077
2026-04-20 15:35:00+00:00,538.614990234375,539.7999267578125,538.3900146484375,539.7999267578125,6283
2026-04-20 15:36:00+00:00,539.3800048828125,539.3800048828125,539.2849731445312,539.2849731445312,1149
2026-04-20 15:37:00+00:00,539.511474609375,539.7100219726562,538.8099975585938,539.7100219726562,4652
2026-04-20 15:38:00+00:00,539.6799926757812,539.8499755859375,539.1400146484375,539.5277709960938,3066
2026-04-20 15:39:00+00:00,539.4099731445312,539.4099731445312,538.6300048828125,538.6300048828125,2083
2026-04-20 15:40:00+00:00,538.4500122070312,538.7449951171875,538.4500122070312,538.7449951171875,1652
2026-04-20 15:41:00+00:00,538.7449951171875,539.4500122070312,538.7449951171875,538.8555908203125,3179
2026-04-20 15:42:00+00:00,539.1950073242188,539.3699951171875,539.010009765625,539.2000122070312,2128
2026-04-20 15:43:00+00:00,538.760009765625,538.7949829101562,538.760009765625,538.7899780273438,1686
2026-04-20 15:44:00+00:00,538.7899780273438,538.7899780273438,538.5499877929688,538.77001953125,3877
2026-04-20 15:45:00+00:00,538.5,539.25,538.5,539.126220703125,6098
2026-04-20 15:46:00+00:00,539.3150024414062,539.9500122070312,539.3150024414062,539.9500122070312,1341
2026-04-20 15:47:00+00:00,539.9500122070312,540.0800170898438,539.8099975585938,540.0800170898438,15444
2026-04-20 15:48:00+00:00,539.9500122070312,539.9500122070312,539.530029296875,539.530029296875,3147
2026-04-20 15:49:00+00:00,539.4500122070312,539.4500122070312,538.8300170898438,538.9099731445312,6348
2026-04-20 15:50:00+00:00,538.5750122070312,538.5750122070312,538.0399780273438,538.0999755859375,1315
2026-04-20 15:51:00+00:00,537.5599975585938,537.989990234375,537.236328125,537.6749877929688,2712
2026-04-20 15:52:00+00:00,537.6749877929688,538.239990234375,537.6749877929688,537.7999877929688,2732
2026-04-20 15:53:00+00:00,537.5745849609375,538.1300048828125,537.5745849609375,538.1300048828125,2307
2026-04-20 15:54:00+00:00,538.3300170898438,538.9299926757812,538.3300170898438,538.9299926757812,1187
2026-04-20 15:55:00+00:00,538.6900024414062,539.405029296875,538.6900024414062,538.8101196289062,2483
2026-04-20 15:56:00+00:00,539.9376831054688,540.0,539.5,539.5,2299
2026-04-20 15:57:00+00:00,539.8499755859375,540.2849731445312,539.8499755859375,540.0,16824
2026-04-20 15:58:00+00:00,540.1649780273438,540.1649780273438,539.5800170898438,539.885009765625,6648
2026-04-20 15:59:00+00:00,539.0200805664062,539.1099853515625,539.0200805664062,539.1099853515625,1157
2026-04-20 16:00:00+00:00,539.02001953125,539.0999755859375,538.760009765625,539.0999755859375,3681
2026-04-20 16:01:00+00:00,538.5800170898438,538.5800170898438,538.5800170898438,538.5800170898438,962
2026-04-20 16:02:00+00:00,538.5650024414062,538.7249755859375,538.2620239257812,538.2620239257812,515
2026-04-20 16:03:00+00:00,538.7249755859375,538.7999877929688,538.7249755859375,538.7899780273438,972
2026-04-20 16:04:00+00:00,538.7899780273438,538.7899780273438,538.340087890625,538.3599853515625,1596
2026-04-20 16:05:00+00:00,538.5449829101562,539.1500244140625,538.5449829101562,538.780029296875,2876
2026-04-20 16:06:00+00:00,539.1300048828125,539.625,539.1300048828125,539.530029296875,5322
2026-04-20 16:07:00+00:00,539.5700073242188,539.5700073242188,539.5700073242188,539.5700073242188,1245
2026-04-20 16:08:00+00:00,539.4199829101562,540.1400146484375,539.3099975585938,540.1400146484375,2219
2026-04-20 16:09:00+00:00,539.6599731445312,540.4661865234375,539.5399780273438,540.10498046875,10184
2026-04-20 16:10:00+00:00,540.25,540.6799926757812,539.9500122070312,540.364990234375,23554
2026-04-20 16:11:00+00:00,540.364990234375,540.4359130859375,540.0399780273438,540.0399780273438,1521
2026-04-20 16:12:00+00:00,540.4099731445312,540.4099731445312,540.0,540.010009765625,2395
2026-04-20 16:13:00+00:00,540.4000244140625,540.7891845703125,539.989990234375,540.22998046875,6986
2026-04-20 16:14:00+00:00,540.1599731445312,540.22998046875,539.8212280273438,539.8699951171875,2317
2026-04-20 16:15:00+00:00,539.7100219726562,539.8300170898438,538.47998046875,538.7100219726562,4426
2026-04-20 16:16:00+00:00,538.6699829101562,538.6699829101562,538.280029296875,538.280029296875,1235
2026-04-20 16:17:00+00:00,538.1400146484375,538.22998046875,538.0700073242188,538.0700073242188,1599
2026-04-20 16:18:00+00:00,538.9810180664062,538.9810180664062,538.25,538.25,1579
2026-04-20 16:19:00+00:00,538.4749755859375,539.239990234375,538.4749755859375,539.239990234375,3571
2026-04-20 16:20:00+00:00,539.4099731445312,540.0899047851562,539.4099731445312,539.52001953125,2425
2026-04-20 16:22:00+00:00,539.52001953125,540.510009765625,539.510009765625,540.4450073242188,19843
2026-04-20 16:23:00+00:00,540.4450073242188,540.7999877929688,540.22998046875,540.4400024414062,5790
2026-04-20 16:24:00+00:00,540.25,541.3300170898438,540.25,540.5050048828125,15252
2026-04-20 16:25:00+00:00,541.219970703125,541.8400268554688,541.0,541.5599975585938,6178
2026-04-20 16:26:00+00:00,541.625,541.625,541.0900268554688,541.6104125976562,3974
2026-04-20 16:27:00+00:00,541.27001953125,541.27001953125,541.0999755859375,541.0999755859375,1282
2026-04-20 16:28:00+00:00,541.4650268554688,541.8624877929688,541.4448852539062,541.7000122070312,4934
2026-04-20 16:29:00+00:00,541.7249755859375,541.7249755859375,541.3099975585938,541.3699951171875,2820
2026-04-20 16:30:00+00:00,541.3300170898438,541.7999877929688,541.22998046875,541.6500244140625,12666
2026-04-20 16:31:00+00:00,541.5,541.5999755859375,541.0,541.2949829101562,4113
2026-04-20 16:32:00+00:00,541.239990234375,541.5800170898438,541.1799926757812,541.2849731445312,5656
2026-04-20 16:33:00+00:00,541.0900268554688,541.2949829101562,541.0,541.2899780273438,3812
2026-04-20 16:34:00+00:00,541.2999877929688,541.52001953125,541.2999877929688,541.3900146484375,2086
2026-04-20 16:35:00+00:00,541.2949829101562,541.530029296875,541.1400146484375,541.1500244140625,2314
2026-04-20 16:36:00+00:00,541.0,541.0549926757812,540.469970703125,540.760009765625,4873
2026-04-20 16:37:00+00:00,540.472412109375,540.9199829101562,539.0999755859375,539.0999755859375,6633
2026-04-20 16:38:00+00:00,539.0999755859375,539.5399780273438,539.0999755859375,539.5399780273438,2598
2026-04-20 16:39:00+00:00,539.64501953125,539.64501953125,539.5399780273438,539.5399780273438,1590
2026-04-20 16:40:00+00:00,539.3599853515625,539.3599853515625,539.3599853515625,539.3599853515625,1027
2026-04-20 16:41:00+00:00,539.9299926757812,540.135009765625,539.9299926757812,540.135009765625,12774
2026-04-20 16:42:00+00:00,540.4600219726562,540.489990234375,540.0499877929688,540.0499877929688,8582
2026-04-20 16:43:00+00:00,540.3499755859375,540.3499755859375,540.0999755859375,540.280029296875,555
2026-04-20 16:44:00+00:00,540.3499755859375,540.3499755859375,539.8400268554688,539.8400268554688,2376
2026-04-20 16:46:00+00:00,539.4500122070312,540.0499877929688,539.4500122070312,540.0399780273438,1305
2026-04-20 16:47:00+00:00,539.8300170898438,539.9099731445312,539.6199951171875,539.6799926757812,2267
2026-04-20 16:48:00+00:00,539.4500122070312,539.4500122070312,539.4500122070312,539.4500122070312,935
2026-04-20 16:49:00+00:00,539.7150268554688,539.7150268554688,539.4500122070312,539.4500122070312,1301
2026-04-20 16:50:00+00:00,539.719970703125,539.760009765625,539.4500122070312,539.719970703125,1027
2026-04-20 16:51:00+00:00,539.4500122070312,539.719970703125,539.3499755859375,539.3499755859375,3390
2026-04-20 16:52:00+00:00,539.8599853515625,540.0999755859375,539.6749877929688,540.0999755859375,2524
2026-04-20 16:53:00+00:00,540.1300048828125,540.52001953125,540.0999755859375,540.52001953125,6303
2026-04-20 16:54:00+00:00,540.8800048828125,540.8800048828125,540.8599853515625,540.8599853515625,986
2026-04-20 16:55:00+00:00,540.8599853515625,540.9299926757812,540.5999755859375,540.9299926757812,2465
2026-04-20 16:56:00+00:00,540.5999755859375,540.6199951171875,539.5,540.6199951171875,5494
2026-04-20 16:57:00+00:00,540.260009765625,540.260009765625,540.260009765625,540.260009765625,2121
2026-04-20 16:58:00+00:00,540.25,540.25,539.510009765625,539.9400024414062,1436
2026-04-20 16:59:00+00:00,539.9500122070312,540.0599975585938,539.6400146484375,539.6900024414062,2124
2026-04-20 17:00:00+00:00,539.6500244140625,539.6500244140625,539.6500244140625,539.6500244140625,1076
2026-04-20 17:01:00+00:00,539.64501953125,539.7100219726562,539.6231079101562,539.7050170898438,911
2026-04-20 17:02:00+00:00,539.4199829101562,539.4199829101562,539.3350219726562,539.3350219726562,2928
2026-04-20 17:03:00+00:00,539.0349731445312,539.14501953125,539.0349731445312,539.14501953125,1073
2026-04-20 17:04:00+00:00,539.8599243164062,539.8599243164062,539.8599243164062,539.8599243164062,676
2026-04-20 17:05:00+00:00,539.4949951171875,539.510009765625,539.219970703125,539.510009765625,697
2026-04-20 17:06:00+00:00,539.77001953125,539.8200073242188,539.7100219726562,539.7100219726562,1182
2026-04-20 17:07:00+00:00,540.1099853515625,540.1699829101562,539.719970703125,539.719970703125,1200
2026-04-20 17:08:00+00:00,539.7200927734375,539.8800048828125,539.5599975585938,539.5599975585938,3060
2026-04-20 17:09:00+00:00,539.9650268554688,539.9650268554688,539.510009765625,539.7349853515625,1314
2026-04-20 17:10:00+00:00,539.8400268554688,539.8400268554688,539.2100219726562,539.2100219726562,1672
2026-04-20 17:11:00+00:00,539.5650024414062,539.5650024414062,539.02001953125,539.02001953125,1502
2026-04-20 17:12:00+00:00,539.4849853515625,539.4849853515625,539.1300048828125,539.1900024414062,136199
2026-04-20 17:13:00+00:00,539.010009765625,539.364990234375,539.010009765625,539.364990234375,1388
2026-04-20 17:14:00+00:00,539.1099853515625,539.4400024414062,539.1099853515625,539.4400024414062,1011
2026-04-20 17:15:00+00:00,539.3900146484375,539.760009765625,539.1199951171875,539.4500122070312,6768
2026-04-20 17:16:00+00:00,539.8099975585938,539.989990234375,539.8099975585938,539.9450073242188,3404
2026-04-20 17:17:00+00:00,540.0250244140625,540.0250244140625,540.0250244140625,540.0250244140625,490
2026-04-20 17:18:00+00:00,539.75,539.75,539.2000122070312,539.5,3720
2026-04-20 17:19:00+00:00,539.25830078125,539.260009765625,539.25830078125,539.260009765625,1970
2026-04-20 17:20:00+00:00,539.5147705078125,539.5147705078125,539.0999755859375,539.0999755859375,967
2026-04-20 17:21:00+00:00,538.9299926757812,538.9299926757812,538.4100952148438,538.469970703125,3302
2026-04-20 17:22:00+00:00,538.9099731445312,538.9099731445312,538.7999877929688,538.8800048828125,634
2026-04-20 17:23:00+00:00,538.4299926757812,539.0900268554688,538.4299926757812,539.0499877929688,1649
2026-04-20 17:24:00+00:00,538.97998046875,539.0700073242188,538.97998046875,539.0700073242188,1071
2026-04-20 17:25:00+00:00,539.0800170898438,539.5,539.0800170898438,539.35498046875,101443
2026-04-20 17:26:00+00:00,539.0999755859375,539.4450073242188,538.7501220703125,539.0599975585938,3962
2026-04-20 17:27:00+00:00,538.99072265625,539.1900024414062,538.9099731445312,539.010009765625,3003
2026-04-20 17:28:00+00:00,538.8734741210938,538.8734741210938,538.75,538.75,1632
2026-04-20 17:29:00+00:00,538.655029296875,538.655029296875,538.4400024414062,538.64501953125,1610
2026-04-20 17:30:00+00:00,538.64501953125,538.9000244140625,538.6325073242188,538.6500244140625,3413
2026-04-20 17:31:00+00:00,538.885009765625,538.97998046875,538.6925048828125,538.7949829101562,5294
2026-04-20 17:32:00+00:00,539.0,539.0,538.864990234375,538.864990234375,1499
2026-04-20 17:33:00+00:00,539.0700073242188,539.1300048828125,539.0700073242188,539.1300048828125,2292
2026-04-20 17:34:00+00:00,539.07177734375,539.07177734375,539.07177734375,539.07177734375,919
2026-04-20 17:35:00+00:00,539.1649780273438,539.7100219726562,539.1649780273438,539.66748046875,4028
2026-04-20 17:36:00+00:00,539.7050170898438,539.75,539.7050170898438,539.719970703125,2774
2026-04-20 17:37:00+00:00,539.719970703125,539.719970703125,539.27001953125,539.510009765625,4670
2026-04-20 17:38:00+00:00,539.4349975585938,539.4349975585938,539.1224975585938,539.1224975585938,4071
2026-04-20 17:39:00+00:00,539.125,540.0399780273438,539.125,540.010009765625,14597
2026-04-20 17:40:00+00:00,539.875,541.0,539.875,540.9099731445312,17303
2026-04-20 17:41:00+00:00,540.9099731445312,540.9199829101562,540.5999755859375,540.5999755859375,2546
2026-04-20 17:42:00+00:00,541.0700073242188,541.0700073242188,540.85498046875,540.85498046875,1103
2026-04-20 17:43:00+00:00,540.8350219726562,540.8350219726562,540.4500122070312,540.8300170898438,888
2026-04-20 17:44:00+00:00,540.8250122070312,540.8300170898438,540.8250122070312,540.8300170898438,1456
2026-04-20 17:46:00+00:00,540.8099975585938,540.8099975585938,540.4600219726562,540.697998046875,888
2026-04-20 17:47:00+00:00,540.844970703125,540.8599853515625,540.8300170898438,540.8599853515625,2094
2026-04-20 17:48:00+00:00,540.9099731445312,540.9099731445312,539.5399780273438,539.5499877929688,5455
2026-04-20 17:49:00+00:00,539.614990234375,539.6488037109375,539.3800048828125,539.6199951171875,1495
2026-04-20 17:50:00+00:00,539.2800903320312,539.2800903320312,539.006103515625,539.27001953125,1675
2026-04-20 17:51:00+00:00,539.2650146484375,539.2650146484375,539.0,539.0,2210
2026-04-20 17:52:00+00:00,539.47998046875,539.7949829101562,539.239990234375,539.7949829101562,4437
2026-04-20 17:53:00+00:00,539.64501953125,539.64501953125,539.64501953125,539.64501953125,107
2026-04-20 17:54:00+00:00,539.2501220703125,539.260009765625,539.2501220703125,539.260009765625,951
2026-04-20 17:55:00+00:00,539.2999877929688,539.3037719726562,538.6500244140625,538.6500244140625,3975
2026-04-20 17:56:00+00:00,539.2761840820312,539.2761840820312,538.4401245117188,538.4401245117188,2460
2026-04-20 17:57:00+00:00,538.6124877929688,538.6124877929688,538.6124877929688,538.6124877929688,1352
2026-04-20 17:58:00+00:00,538.260009765625,538.260009765625,538.260009765625,538.260009765625,238
2026-04-20 17:59:00+00:00,538.60498046875,538.9500122070312,538.4299926757812,538.9500122070312,4126
2026-04-20 18:00:00+00:00,539.219970703125,539.22998046875,539.219970703125,539.22998046875,2046
2026-04-20 18:02:00+00:00,539.1900024414062,539.5900268554688,539.1900024414062,539.5900268554688,1022
2026-04-20 18:03:00+00:00,539.1199951171875,539.5499877929688,539.1199951171875,539.1900024414062,2633
2026-04-20 18:04:00+00:00,539.3699951171875,539.8198852539062,539.3699951171875,539.8198852539062,977
2026-04-20 18:05:00+00:00,539.3300170898438,539.3300170898438,539.1900024414062,539.2349853515625,2369
2026-04-20 18:06:00+00:00,539.219970703125,539.219970703125,539.219970703125,539.219970703125,1082
2026-04-20 18:07:00+00:00,539.3900146484375,539.3900146484375,539.3900146484375,539.3900146484375,569
2026-04-20 18:08:00+00:00,539.2374877929688,539.8189697265625,539.2374877929688,539.8189697265625,2363
2026-04-20 18:10:00+00:00,539.4299926757812,539.4299926757812,539.0399780273438,539.0399780273438,354
2026-04-20 18:11:00+00:00,539.3599853515625,539.72998046875,539.0,539.219970703125,11133
2026-04-20 18:12:00+00:00,539.1981811523438,539.1981811523438,539.1981811523438,539.1981811523438,1363
2026-04-20 18:13:00+00:00,539.469970703125,539.469970703125,539.469970703125,539.469970703125,1173
2026-04-20 18:14:00+00:00,539.7448120117188,539.8699951171875,539.6950073242188,539.8699951171875,2946
2026-04-20 18:15:00+00:00,539.4099731445312,539.4099731445312,539.2899780273438,539.3250122070312,1825
2026-04-20 18:16:00+00:00,539.3400268554688,539.4349975585938,539.3400268554688,539.4349975585938,52142
2026-04-20 18:17:00+00:00,539.8699951171875,539.9459838867188,539.8699951171875,539.8699951171875,2994
2026-04-20 18:18:00+00:00,539.8499755859375,539.8920288085938,539.8499755859375,539.8920288085938,555
2026-04-20 18:19:00+00:00,539.7100219726562,540.2999877929688,539.7100219726562,540.1699829101562,7160
2026-04-20 18:20:00+00:00,540.22998046875,540.4412231445312,540.0499877929688,540.4412231445312,5552
2026-04-20 18:21:00+00:00,540.0700073242188,540.0700073242188,539.8900146484375,540.0700073242188,3813
2026-04-20 18:22:00+00:00,539.719970703125,539.7299194335938,539.469970703125,539.7100219726562,3652
2026-04-20 18:24:00+00:00,539.469970703125,539.469970703125,539.4099731445312,539.4099731445312,438
2026-04-20 18:25:00+00:00,539.6649780273438,539.6649780273438,539.4099731445312,539.4199829101562,1448
2026-04-20 18:26:00+00:00,539.5449829101562,539.5449829101562,539.2100219726562,539.3400268554688,3343
2026-04-20 18:27:00+00:00,539.4849853515625,539.5150146484375,539.47998046875,539.5150146484375,13602
2026-04-20 18:28:00+00:00,539.6699829101562,540.0349731445312,539.3900146484375,539.9600219726562,13499
2026-04-20 18:29:00+00:00,539.9600219726562,539.9600219726562,539.9600219726562,539.9600219726562,1331
2026-04-20 18:30:00+00:00,539.47998046875,539.5700073242188,539.1199951171875,539.1199951171875,3312
2026-04-20 18:31:00+00:00,539.2100219726562,539.2100219726562,538.6098022460938,538.8499755859375,1258
2026-04-20 18:32:00+00:00,538.9600219726562,538.9600219726562,538.530029296875,538.6300048828125,2543
2026-04-20 18:33:00+00:00,538.6900024414062,538.6900024414062,538.6900024414062,538.6900024414062,566
2026-04-20 18:34:00+00:00,538.4600219726562,538.89990234375,538.3300170898438,538.5,2595
2026-04-20 18:35:00+00:00,538.5800170898438,538.5850219726562,538.3099975585938,538.3099975585938,1776
2026-04-20 18:36:00+00:00,538.5399780273438,538.9949951171875,538.3300170898438,538.385009765625,4227
2026-04-20 18:37:00+00:00,538.280029296875,538.3300170898438,538.280029296875,538.3300170898438,404
2026-04-20 18:38:00+00:00,538.5800170898438,538.5850219726562,538.0800170898438,538.0800170898438,2330
2026-04-20 18:39:00+00:00,538.0399780273438,538.3099975585938,537.780029296875,538.1099853515625,5496
2026-04-20 18:40:00+00:00,538.1900024414062,538.3699951171875,538.0900268554688,538.3699951171875,3040
2026-04-20 18:41:00+00:00,538.4949951171875,538.4949951171875,538.4949951171875,538.4949951171875,570
2026-04-20 18:42:00+00:00,538.4349975585938,538.4349975585938,538.4349975585938,538.4349975585938,173
2026-04-20 18:43:00+00:00,538.3862915039062,538.9149780273438,538.3862915039062,538.9149780273438,1324
2026-04-20 18:44:00+00:00,538.875,538.875,538.875,538.875,1138
2026-04-20 18:46:00+00:00,539.6699829101562,539.6699829101562,539.1199951171875,539.1199951171875,1465
2026-04-20 18:48:00+00:00,539.5250244140625,539.6926879882812,539.5250244140625,539.5449829101562,967
2026-04-20 18:49:00+00:00,539.3200073242188,539.4149780273438,539.1199951171875,539.1199951171875,4097
2026-04-20 18:50:00+00:00,539.2000122070312,539.3599853515625,539.2000122070312,539.3599853515625,1610
2026-04-20 18:51:00+00:00,539.6900024414062,539.9500122070312,539.6900024414062,539.8599853515625,3439
2026-04-20 18:52:00+00:00,539.72998046875,539.72998046875,539.6500244140625,539.6500244140625,2926
2026-04-20 18:54:00+00:00,539.760009765625,539.7999877929688,539.72998046875,539.7999877929688,1481
2026-04-20 18:55:00+00:00,539.9500122070312,539.9500122070312,539.9500122070312,539.9500122070312,1047
2026-04-20 18:56:00+00:00,539.7100830078125,539.7100830078125,539.7100830078125,539.7100830078125,1282
2026-04-20 18:57:00+00:00,539.9149780273438,540.0999755859375,539.9149780273438,539.969970703125,2642
2026-04-20 18:58:00+00:00,539.8300170898438,539.8400268554688,539.6500244140625,539.8400268554688,3300
2026-04-20 18:59:00+00:00,540.0900268554688,540.0900268554688,540.0599975585938,540.0650024414062,9124
2026-04-20 19:02:00+00:00,540.030029296875,540.030029296875,540.0,540.0050048828125,2130
2026-04-20 19:03:00+00:00,540.14501953125,540.25,540.14501953125,540.25,1337
2026-04-20 19:04:00+00:00,539.9500122070312,540.2299194335938,539.7999877929688,539.8400268554688,4122
2026-04-20 19:05:00+00:00,539.9500122070312,539.9500122070312,539.87451171875,539.87451171875,519
2026-04-20 19:06:00+00:00,539.7100219726562,539.9450073242188,539.7100219726562,539.9400024414062,2501
2026-04-20 19:07:00+00:00,539.72998046875,539.9299926757812,539.7100219726562,539.719970703125,7937
2026-04-20 19:08:00+00:00,539.7999877929688,539.7999877929688,539.7999877929688,539.7999877929688,4076
2026-04-20 19:10:00+00:00,539.8900146484375,539.8900146484375,539.8699951171875,539.875,1648
2026-04-20 19:11:00+00:00,540.0599975585938,540.10498046875,539.9199829101562,540.030029296875,2234
2026-04-20 19:12:00+00:00,540.0900268554688,540.10498046875,540.0875244140625,540.10498046875,2802
2026-04-20 19:13:00+00:00,540.092529296875,540.0999755859375,539.9099731445312,539.9099731445312,2980
2026-04-20 19:14:00+00:00,539.8599853515625,539.8599853515625,539.7100219726562,539.8499755859375,1436
2026-04-20 19:15:00+00:00,539.7000122070312,539.8300170898438,539.5800170898438,539.5800170898438,2714
2026-04-20 19:16:00+00:00,539.7100219726562,539.8300170898438,539.5800170898438,539.6900024414062,5069
2026-04-20 19:17:00+00:00,539.4849853515625,539.6699829101562,539.4849853515625,539.6699829101562,1147
2026-04-20 19:18:00+00:00,539.5800170898438,539.625,539.5599975585938,539.5599975585938,2349
2026-04-20 19:19:00+00:00,539.52001953125,539.719970703125,539.52001953125,539.719970703125,940
2026-04-20 19:20:00+00:00,539.8400268554688,539.9000244140625,539.5399780273438,539.5700073242188,2693
2026-04-20 19:21:00+00:00,539.8900146484375,539.9749755859375,539.8900146484375,539.9749755859375,2806
2026-04-20 19:22:00+00:00,540.0499877929688,540.0499877929688,539.969970703125,539.9949951171875,1675
2026-04-20 19:23:00+00:00,539.8200073242188,539.8200073242188,539.010009765625,539.010009765625,10008
2026-04-20 19:24:00+00:00,539.0499877929688,539.2498779296875,539.0250244140625,539.0800170898438,2015
2026-04-20 19:25:00+00:00,539.1199951171875,539.5396728515625,538.9400024414062,539.010009765625,4335
2026-04-20 19:26:00+00:00,538.9500122070312,538.9500122070312,538.9099731445312,538.9099731445312,1779
2026-04-20 19:27:00+00:00,539.0499877929688,539.0499877929688,539.0499877929688,539.0499877929688,477
2026-04-20 19:28:00+00:00,538.8599853515625,539.0,538.8599853515625,539.0,2801
2026-04-20 19:29:00+00:00,539.1699829101562,539.3400268554688,539.0800170898438,539.1799926757812,3960
2026-04-20 19:30:00+00:00,539.2999877929688,539.4025268554688,539.1599731445312,539.344970703125,3218
2026-04-20 19:31:00+00:00,539.1699829101562,539.3499755859375,539.1699829101562,539.3499755859375,2403
2026-04-20 19:32:00+00:00,539.4249877929688,539.5700073242188,539.4149780273438,539.5700073242188,3862
2026-04-20 19:33:00+00:00,539.47998046875,539.47998046875,539.1599731445312,539.1599731445312,4393
2026-04-20 19:34:00+00:00,539.1099853515625,539.3900146484375,538.8200073242188,538.8200073242188,4387
2026-04-20 19:35:00+00:00,538.719970703125,538.9550170898438,538.6699829101562,538.77001953125,7332
2026-04-20 19:36:00+00:00,538.8300170898438,539.0,538.8300170898438,538.9400024414062,2299
2026-04-20 19:37:00+00:00,538.72998046875,538.9924926757812,538.72998046875,538.739990234375,1759
2026-04-20 19:38:00+00:00,539.0650024414062,539.1998901367188,538.6199951171875,539.1998901367188,7452
2026-04-20 19:39:00+00:00,538.6500244140625,538.6500244140625,538.2999877929688,538.4600219726562,5989
2026-04-20 19:40:00+00:00,538.5900268554688,538.869873046875,538.3200073242188,538.614990234375,3300
2026-04-20 19:41:00+00:00,538.6199951171875,538.969970703125,538.3800048828125,538.875,5753
2026-04-20 19:42:00+00:00,538.9400024414062,538.9600219726562,538.77001953125,538.77001953125,3305
2026-04-20 19:43:00+00:00,538.9299926757812,539.125,538.780029296875,538.989990234375,7810
2026-04-20 19:44:00+00:00,539.030029296875,539.1099853515625,538.25,538.6400146484375,14878
2026-04-20 19:45:00+00:00,538.77001953125,538.844970703125,538.3800048828125,538.844970703125,3266
2026-04-20 19:46:00+00:00,538.510009765625,539.02001953125,538.510009765625,538.5499877929688,3024
2026-04-20 19:47:00+00:00,538.6599731445312,538.844970703125,538.5399780273438,538.5800170898438,3461
2026-04-20 19:48:00+00:00,538.5999755859375,538.8300170898438,538.530029296875,538.614990234375,4469
2026-04-20 19:49:00+00:00,538.5,538.8800048828125,538.4299926757812,538.7933959960938,8168
2026-04-20 19:50:00+00:00,539.02001953125,539.0499877929688,537.8499755859375,537.8499755859375,11897
2026-04-20 19:51:00+00:00,538.0800170898438,538.5599975585938,537.77001953125,538.0399780273438,11710
2026-04-20 19:52:00+00:00,538.3300170898438,538.385009765625,537.7899780273438,537.7999877929688,4578
2026-04-20 19:53:00+00:00,537.989990234375,538.419921875,537.7899780273438,538.419921875,7348
2026-04-20 19:54:00+00:00,538.135009765625,538.2899780273438,537.6599731445312,537.6599731445312,22315
2026-04-20 19:55:00+00:00,537.97998046875,538.4982299804688,537.6900024414062,538.4600219726562,21782
2026-04-20 19:56:00+00:00,538.219970703125,538.5,537.6900024414062,537.8599853515625,26327
2026-04-20 19:57:00+00:00,537.8599853515625,538.3800048828125,537.6599731445312,538.1464233398438,25439
2026-04-20 19:58:00+00:00,538.3889770507812,539.8300170898438,538.2449951171875,539.75,53015
2026-04-20 19:59:00+00:00,539.7349853515625,540.0700073242188,539.7349853515625,540.010009765625,126432
2026-04-21 13:30:00+00:00,543.010009765625,543.9199829101562,542.0,543.8699951171875,52514
2026-04-21 13:31:00+00:00,546.0,547.3823852539062,544.5650024414062,545.9099731445312,13271
2026-04-21 13:32:00+00:00,545.885009765625,549.5050048828125,545.0,547.7449951171875,13032
2026-04-21 13:33:00+00:00,545.8099975585938,548.1599731445312,545.010009765625,548.010009765625,9996
2026-04-21 13:34:00+00:00,547.3300170898438,549.5051879882812,547.3300170898438,549.5051879882812,8470
2026-04-21 13:35:00+00:00,549.25,551.1400146484375,548.0864868164062,548.0864868164062,15764
2026-04-21 13:36:00+00:00,548.4199829101562,549.010009765625,547.1649780273438,549.0050048828125,5396
2026-04-21 13:37:00+00:00,549.0050048828125,549.0050048828125,548.02001953125,548.8499755859375,7165
2026-04-21 13:38:00+00:00,548.8599853515625,548.8599853515625,547.7100219726562,548.4000244140625,7220
2026-04-21 13:39:00+00:00,547.9400024414062,548.6900024414062,547.3200073242188,547.3400268554688,9701
2026-04-21 13:40:00+00:00,547.6199951171875,547.6199951171875,545.0999755859375,545.7949829101562,25336
2026-04-21 13:41:00+00:00,545.780029296875,545.780029296875,541.4000244140625,541.6199951171875,17952
2026-04-21 13:42:00+00:00,541.6500244140625,542.0650024414062,539.9099731445312,540.4500122070312,22334
2026-04-21 13:43:00+00:00,540.22998046875,541.0,539.1701049804688,540.5900268554688,23402
2026-04-21 13:44:00+00:00,540.469970703125,540.469970703125,539.5599975585938,539.739990234375,12521
2026-04-21 13:45:00+00:00,540.719970703125,541.8099975585938,540.1456298828125,540.1456298828125,8249
2026-04-21 13:46:00+00:00,540.02001953125,540.7199096679688,538.75,539.0560302734375,13071
2026-04-21 13:47:00+00:00,538.9299926757812,539.530029296875,538.6900024414062,539.3350219726562,6569
2026-04-21 13:48:00+00:00,539.3400268554688,540.4000244140625,539.25,539.260009765625,6484
2026-04-21 13:49:00+00:00,539.5449829101562,539.5449829101562,537.5900268554688,538.02001953125,14865
2026-04-21 13:50:00+00:00,538.030029296875,538.35498046875,537.0,537.0650024414062,8298
2026-04-21 13:51:00+00:00,537.0650024414062,538.27001953125,536.030029296875,537.0150146484375,7652
2026-04-21 13:52:00+00:00,536.0300903320312,540.6799926757812,536.0300903320312,540.6799926757812,19768
2026-04-21 13:53:00+00:00,540.3400268554688,541.1749877929688,540.3400268554688,540.75,12715
2026-04-21 13:54:00+00:00,540.4349975585938,540.5900268554688,539.75,539.75,11090
2026-04-21 13:55:00+00:00,539.9400024414062,540.780029296875,539.3599853515625,540.5850219726562,29920
2026-04-21 13:56:00+00:00,540.3800048828125,541.489990234375,540.3200073242188,541.0999755859375,8896
2026-04-21 13:57:00+00:00,540.7000732421875,540.7000732421875,539.489990234375,539.489990234375,4695
2026-04-21 13:58:00+00:00,539.8099975585938,541.030029296875,539.5800170898438,540.625,11375
2026-04-21 13:59:00+00:00,540.114990234375,540.5,540.0050048828125,540.5,5132
2026-04-21 14:00:00+00:00,539.9849853515625,540.27001953125,539.3599853515625,540.27001953125,8408
2026-04-21 14:01:00+00:00,539.97998046875,540.9299926757812,539.97998046875,540.27001953125,6561
2026-04-21 14:02:00+00:00,540.0,540.0,539.5100708007812,539.7249755859375,4411
2026-04-21 14:03:00+00:00,538.72998046875,539.385009765625,538.72998046875,538.77001953125,2204
2026-04-21 14:04:00+00:00,538.8499755859375,539.989990234375,538.8499755859375,539.989990234375,2838
2026-04-21 14:05:00+00:00,539.989990234375,541.5,539.989990234375,540.905029296875,12510
2026-04-21 14:06:00+00:00,541.3200073242188,542.2999877929688,541.1199951171875,541.655029296875,11205
2026-04-21 14:07:00+00:00,541.6799926757812,543.4000244140625,541.6599731445312,542.510009765625,14487
2026-04-21 14:08:00+00:00,542.6099853515625,542.989990234375,542.1900024414062,542.489990234375,4958
2026-04-21 14:09:00+00:00,542.5050048828125,542.9998779296875,542.5050048828125,542.8599853515625,2781
2026-04-21 14:10:00+00:00,542.0700073242188,542.530029296875,540.9299926757812,541.9100952148438,16685
2026-04-21 14:11:00+00:00,542.1599731445312,542.5599975585938,542.0,542.5599975585938,2063
2026-04-21 14:12:00+00:00,542.1099853515625,542.6400146484375,542.0499877929688,542.6400146484375,2772
2026-04-21 14:13:00+00:00,542.1099853515625,542.6199951171875,542.0999755859375,542.1599731445312,3091
2026-04-21 14:14:00+00:00,541.85498046875,542.5900268554688,541.85498046875,542.2449951171875,3614
2026-04-21 14:15:00+00:00,542.5900268554688,543.9990234375,542.2000122070312,543.2100219726562,28501
2026-04-21 14:16:00+00:00,543.0399780273438,544.4799194335938,542.9500122070312,544.4799194335938,13657
2026-04-21 14:17:00+00:00,543.8099975585938,544.0,543.02001953125,543.094970703125,9134
2026-04-21 14:18:00+00:00,543.0349731445312,543.344970703125,542.8800048828125,543.344970703125,6104
2026-04-21 14:19:00+00:00,543.7901000976562,544.239990234375,543.10791015625,544.135009765625,20086
2026-04-21 14:20:00+00:00,544.2150268554688,544.2150268554688,542.4000244140625,542.625,14909
2026-04-21 14:21:00+00:00,542.8900146484375,543.3300170898438,542.625,543.3300170898438,9684
2026-04-21 14:22:00+00:00,543.0999755859375,543.6400146484375,542.8250122070312,543.6400146484375,9155
2026-04-21 14:23:00+00:00,543.6400146484375,543.6400146484375,542.1799926757812,542.64501953125,5530
2026-04-21 14:24:00+00:00,542.280029296875,543.375,542.27001953125,543.375,3698
2026-04-21 14:25:00+00:00,542.9249877929688,543.0,542.719970703125,542.89501953125,1276
2026-04-21 14:26:00+00:00,542.5599975585938,542.72998046875,542.405029296875,542.4500122070312,7083
2026-04-21 14:27:00+00:00,542.27001953125,542.27001953125,542.2650146484375,542.2650146484375,2220
2026-04-21 14:28:00+00:00,541.9199829101562,541.9199829101562,541.503173828125,541.7000122070312,3103
2026-04-21 14:29:00+00:00,541.5599975585938,541.8400268554688,541.5599975585938,541.8300170898438,7790
2026-04-21 14:30:00+00:00,541.9650268554688,542.6300048828125,541.9650268554688,542.5449829101562,19548
2026-04-21 14:31:00+00:00,542.5399780273438,542.5399780273438,542.5399780273438,542.5399780273438,846
2026-04-21 14:32:00+00:00,542.0800170898438,542.0800170898438,541.6199951171875,541.9124755859375,1817
2026-04-21 14:33:00+00:00,541.9149780273438,541.9149780273438,540.8499755859375,541.3150024414062,7180
2026-04-21 14:34:00+00:00,541.4349975585938,542.5792236328125,541.1900024414062,542.22998046875,7828
2026-04-21 14:35:00+00:00,541.9550170898438,541.9550170898438,541.9550170898438,541.9550170898438,1660
2026-04-21 14:36:00+00:00,542.135009765625,543.0,542.135009765625,542.905029296875,3513
2026-04-21 14:37:00+00:00,542.0499877929688,543.0,542.0499877929688,543.0,4178
2026-04-21 14:38:00+00:00,542.989990234375,543.9299926757812,542.989990234375,543.6300048828125,43200
2026-04-21 14:39:00+00:00,544.0,544.010009765625,543.7050170898438,543.7050170898438,6086
2026-04-21 14:40:00+00:00,543.7449951171875,543.7449951171875,543.1799926757812,543.1799926757812,4435
2026-04-21 14:41:00+00:00,544.010009765625,545.0,543.7000122070312,544.2999877929688,26717
2026-04-21 14:42:00+00:00,544.0,545.72998046875,543.9000244140625,545.3800048828125,22601
2026-04-21 14:43:00+00:00,545.344970703125,545.5499877929688,544.4450073242188,545.5499877929688,23136
2026-04-21 14:44:00+00:00,545.489990234375,545.489990234375,544.3300170898438,544.6199951171875,11981
2026-04-21 14:45:00+00:00,544.6199951171875,544.9699096679688,543.8400268554688,544.0599975585938,5746
2026-04-21 14:46:00+00:00,543.72998046875,543.72998046875,543.0,543.0,6478
2026-04-21 14:47:00+00:00,543.010009765625,543.6900024414062,543.010009765625,543.010009765625,1562
2026-04-21 14:48:00+00:00,543.010009765625,543.3049926757812,542.989990234375,543.3049926757812,2912
2026-04-21 14:49:00+00:00,542.9650268554688,545.1400146484375,542.9650268554688,544.2899780273438,41439
2026-04-21 14:50:00+00:00,544.2999877929688,544.6098022460938,543.5800170898438,543.5800170898438,9578
2026-04-21 14:51:00+00:00,543.3809814453125,543.4000244140625,542.5,543.125,4316
2026-04-21 14:52:00+00:00,542.4600219726562,543.0,542.4600219726562,542.64501953125,7068
2026-04-21 14:53:00+00:00,542.5499877929688,543.1699829101562,542.5499877929688,542.5599975585938,2971
2026-04-21 14:54:00+00:00,543.4199829101562,543.4199829101562,542.7083129882812,542.8800048828125,8562
2026-04-21 14:55:00+00:00,542.9500122070312,544.280029296875,542.5499877929688,543.780029296875,15361
2026-04-21 14:56:00+00:00,543.864990234375,543.864990234375,543.1199951171875,543.1599731445312,3411
2026-04-21 14:57:00+00:00,543.1599731445312,543.1599731445312,542.10009765625,542.5349731445312,23327
2026-04-21 14:58:00+00:00,542.469970703125,542.72998046875,542.2899780273438,542.5650024414062,10581
2026-04-21 14:59:00+00:00,542.7249755859375,542.7249755859375,541.719970703125,542.5800170898438,14660
2026-04-21 15:00:00+00:00,542.5800170898438,542.6099853515625,542.1599731445312,542.3499755859375,4168
2026-04-21 15:01:00+00:00,542.5800170898438,542.97998046875,542.030029296875,542.5,4403
2026-04-21 15:02:00+00:00,542.510009765625,542.97998046875,542.0399780273438,542.3200073242188,3674
2026-04-21 15:03:00+00:00,541.7999877929688,542.0300903320312,541.739990234375,541.77001953125,6111
2026-04-21 15:04:00+00:00,541.7999877929688,543.6699829101562,541.7999877929688,543.4500122070312,23307
2026-04-21 15:05:00+00:00,543.5700073242188,543.5700073242188,542.2899780273438,542.6099853515625,4719
2026-04-21 15:06:00+00:00,542.6099853515625,542.8801879882812,542.1671752929688,542.6298828125,3235
2026-04-21 15:07:00+00:00,542.4400024414062,544.2999877929688,542.4400024414062,544.27001953125,5211
2026-04-21 15:08:00+00:00,544.5399780273438,545.739990234375,544.219970703125,545.739990234375,7344
2026-04-21 15:09:00+00:00,546.0,546.0549926757812,545.2000122070312,546.010009765625,7640
2026-04-21 15:10:00+00:00,545.7849731445312,546.27001953125,545.7849731445312,546.27001953125,4828
2026-04-21 15:11:00+00:00,546.0449829101562,546.2050170898438,546.0449829101562,546.1599731445312,7695
2026-04-21 15:12:00+00:00,546.6500244140625,547.3049926757812,546.4400024414062,547.2899780273438,6096
2026-04-21 15:13:00+00:00,547.3150024414062,549.10498046875,546.9299926757812,546.9299926757812,11058
2026-04-21 15:14:00+00:00,547.0399780273438,547.489990234375,547.0399780273438,547.489990234375,17727
2026-04-21 15:15:00+00:00,547.4949951171875,547.8499755859375,547.4949951171875,547.5399780273438,6183
2026-04-21 15:16:00+00:00,547.875,547.875,546.5599975585938,547.5999145507812,4260
2026-04-21 15:17:00+00:00,546.7000122070312,546.7000122070312,545.989990234375,545.989990234375,3028
2026-04-21 15:18:00+00:00,546.9998779296875,547.010009765625,546.4099731445312,546.4099731445312,13098
2026-04-21 15:19:00+00:00,546.8099975585938,547.1500244140625,546.8099975585938,547.0,3079
2026-04-21 15:20:00+00:00,547.72998046875,547.8599853515625,547.2050170898438,547.8599853515625,9133
2026-04-21 15:21:00+00:00,547.530029296875,548.0150146484375,547.2100219726562,548.0150146484375,8200
2026-04-21 15:22:00+00:00,548.405029296875,548.4099731445312,548.405029296875,548.4099731445312,2454
2026-04-21 15:23:00+00:00,548.3499755859375,548.3499755859375,548.3499755859375,548.3499755859375,314
2026-04-21 15:24:00+00:00,547.8200073242188,548.2349853515625,547.6799926757812,548.16748046875,1906
2026-04-21 15:25:00+00:00,548.5800170898438,548.5800170898438,547.6699829101562,547.8200073242188,7604
2026-04-21 15:26:00+00:00,547.52001953125,547.7550048828125,546.6600952148438,547.0800170898438,19749
2026-04-21 15:27:00+00:00,546.6599731445312,546.6701049804688,546.6599731445312,546.6699829101562,1975
2026-04-21 15:28:00+00:00,547.010009765625,547.010009765625,546.3300170898438,546.3300170898438,5505
2026-04-21 15:29:00+00:00,546.8400268554688,546.9199829101562,546.7249755859375,546.7249755859375,1382
2026-04-21 15:30:00+00:00,547.1699829101562,547.8300170898438,546.9949951171875,547.8200073242188,9839
2026-04-21 15:31:00+00:00,547.9500122070312,547.9500122070312,547.9500122070312,547.9500122070312,126
2026-04-21 15:32:00+00:00,548.0,548.5,547.8400268554688,548.5,7650
2026-04-21 15:33:00+00:00,548.7979736328125,549.0,548.4849853515625,548.4849853515625,5406
2026-04-21 15:34:00+00:00,548.4849853515625,548.8150024414062,548.1199951171875,548.6500244140625,11761
2026-04-21 15:35:00+00:00,548.6849975585938,548.6849975585938,547.719970703125,547.97998046875,4268
2026-04-21 15:36:00+00:00,547.7000122070312,547.719970703125,546.9299926757812,547.2150268554688,5981
2026-04-21 15:37:00+00:00,547.3699951171875,548.25,547.3699951171875,548.25,2596
2026-04-21 15:38:00+00:00,548.25,548.25,547.6900024414062,548.2150268554688,1973
2026-04-21 15:39:00+00:00,547.8900146484375,548.2150268554688,547.6300048828125,547.7000122070312,2349
2026-04-21 15:40:00+00:00,547.9550170898438,547.9550170898438,547.719970703125,547.8400268554688,1216
2026-04-21 15:41:00+00:00,547.8400268554688,547.8400268554688,547.489990234375,547.489990234375,2826
2026-04-21 15:42:00+00:00,547.5399780273438,547.7899780273438,546.9299926757812,547.2100219726562,6347
2026-04-21 15:43:00+00:00,547.260009765625,547.5,546.3900146484375,546.3900146484375,5227
2026-04-21 15:44:00+00:00,546.5900268554688,546.5900268554688,546.5549926757812,546.5549926757812,929
2026-04-21 15:45:00+00:00,546.5599975585938,546.9998779296875,546.1300048828125,546.1300048828125,6660
2026-04-21 15:46:00+00:00,546.0599975585938,546.4600219726562,545.97998046875,546.0,9299
2026-04-21 15:47:00+00:00,546.0999755859375,548.3049926757812,546.0599975585938,548.3049926757812,14107
2026-04-21 15:48:00+00:00,548.0999755859375,548.3049926757812,547.5499877929688,547.97998046875,2826
2026-04-21 15:49:00+00:00,548.010009765625,548.010009765625,547.6199951171875,547.6199951171875,2174
2026-04-21 15:50:00+00:00,547.52001953125,548.0,547.52001953125,548.0,1366
2026-04-21 15:51:00+00:00,548.4000244140625,550.0,547.8400268554688,549.3499755859375,10881
2026-04-21 15:52:00+00:00,549.3499755859375,549.989013671875,549.3499755859375,549.9000244140625,4361
2026-04-21 15:53:00+00:00,549.530029296875,550.0,549.4749755859375,549.9149780273438,6485
2026-04-21 15:54:00+00:00,550.0,551.0,549.9849853515625,551.0,8530
2026-04-21 15:55:00+00:00,551.0,551.6699829101562,551.0,551.6699829101562,8989
2026-04-21 15:56:00+00:00,551.655029296875,552.760009765625,551.4000244140625,552.75,11864
2026-04-21 15:57:00+00:00,553.2349853515625,554.0999755859375,553.2349853515625,553.9500122070312,6939
2026-04-21 15:58:00+00:00,554.0800170898438,554.469970703125,553.4099731445312,554.469970703125,12127
2026-04-21 15:59:00+00:00,554.3499755859375,554.6300048828125,553.9401245117188,554.2949829101562,9243
2026-04-21 16:00:00+00:00,554.889892578125,556.739990234375,554.5900268554688,556.5150146484375,17166
2026-04-21 16:01:00+00:00,556.3699951171875,556.6240844726562,554.6599731445312,554.7999877929688,17618
2026-04-21 16:02:00+00:00,554.844970703125,555.4400024414062,554.6799926757812,555.4400024414062,8026
2026-04-21 16:03:00+00:00,555.1300048828125,555.530029296875,554.760009765625,555.0,7782
2026-04-21 16:04:00+00:00,554.9099731445312,555.27001953125,554.7949829101562,554.8101196289062,8149
2026-04-21 16:05:00+00:00,555.0,555.0050048828125,553.3499755859375,554.3300170898438,10277
2026-04-21 16:06:00+00:00,554.1799926757812,554.594970703125,552.8599853515625,553.469970703125,13902
2026-04-21 16:07:00+00:00,552.989990234375,552.989990234375,552.239990234375,552.239990234375,3175
2026-04-21 16:08:00+00:00,552.1400146484375,552.1400146484375,550.9860229492188,550.9860229492188,15174
2026-04-21 16:09:00+00:00,550.8900146484375,551.760009765625,550.8900146484375,551.760009765625,4671
2026-04-21 16:10:00+00:00,551.6950073242188,551.6950073242188,551.0,551.0,2526
2026-04-21 16:11:00+00:00,551.22998046875,551.239990234375,549.0599975585938,549.5999755859375,13654
2026-04-21 16:12:00+00:00,549.3300170898438,549.969970703125,549.2899780273438,549.969970703125,7353
2026-04-21 16:13:00+00:00,550.0,551.7322998046875,550.0,551.7322998046875,10725
2026-04-21 16:14:00+00:00,551.2410278320312,551.2410278320312,551.2410278320312,551.2410278320312,783
2026-04-21 16:15:00+00:00,551.364990234375,551.989990234375,551.364990234375,551.7999877929688,8502
2026-04-21 16:16:00+00:00,551.739990234375,552.2899780273438,551.6099853515625,552.2899780273438,9111
2026-04-21 16:17:00+00:00,552.0,552.3800048828125,551.4100952148438,552.3800048828125,4589
2026-04-21 16:18:00+00:00,552.9500122070312,553.2000122070312,552.8800048828125,553.2000122070312,1704
2026-04-21 16:19:00+00:00,553.6649780273438,554.4949951171875,553.6649780273438,554.4949951171875,2504
2026-04-21 16:20:00+00:00,554.5999755859375,554.5999755859375,553.2999877929688,553.7138061523438,5378
2026-04-21 16:21:00+00:00,553.6300048828125,554.4000244140625,553.6300048828125,554.25,4197
2026-04-21 16:22:00+00:00,554.89990234375,555.0,554.6900024414062,555.0,6672
2026-04-21 16:23:00+00:00,554.5,554.5800170898438,552.1300048828125,552.25,9321
2026-04-21 16:24:00+00:00,553.8098754882812,553.8098754882812,552.0401000976562,552.0900268554688,3485
2026-04-21 16:25:00+00:00,552.030029296875,552.3400268554688,551.4099731445312,552.3400268554688,10313
2026-04-21 16:26:00+00:00,552.3350219726562,552.3350219726562,552.155029296875,552.155029296875,3168
2026-04-21 16:27:00+00:00,552.155029296875,552.155029296875,552.155029296875,552.155029296875,1503
2026-04-21 16:28:00+00:00,552.280029296875,552.280029296875,551.905029296875,551.97998046875,7148
2026-04-21 16:29:00+00:00,551.8800048828125,552.4099731445312,551.8800048828125,552.4099731445312,6339
2026-04-21 16:30:00+00:00,552.70751953125,553.1599731445312,552.2600708007812,553.1599731445312,2900
2026-04-21 16:31:00+00:00,553.0650024414062,553.7263793945312,553.0650024414062,553.469970703125,1667
2026-04-21 16:32:00+00:00,553.469970703125,553.469970703125,553.3400268554688,553.3400268554688,1039
2026-04-21 16:33:00+00:00,553.3400268554688,553.3400268554688,553.3400268554688,553.3400268554688,1017
2026-04-21 16:34:00+00:00,553.6500244140625,553.6500244140625,552.760009765625,552.760009765625,715
2026-04-21 16:35:00+00:00,554.010009765625,554.010009765625,554.010009765625,554.010009765625,1283
2026-04-21 16:36:00+00:00,553.0700073242188,553.3150024414062,552.9000244140625,553.3150024414062,1468
2026-04-21 16:37:00+00:00,553.1849975585938,553.3098754882812,552.0999755859375,552.3800048828125,3650
2026-04-21 16:38:00+00:00,552.260009765625,552.260009765625,551.6199951171875,551.8099975585938,6382
2026-04-21 16:39:00+00:00,551.6500244140625,551.6500244140625,551.5,551.5,1037
2026-04-21 16:40:00+00:00,551.635009765625,551.8150024414062,550.760009765625,550.760009765625,11157
2026-04-21 16:41:00+00:00,550.9650268554688,550.9650268554688,550.6599731445312,550.6599731445312,1176
2026-04-21 16:42:00+00:00,550.6749877929688,551.6898803710938,550.5,551.219970703125,12891
2026-04-21 16:43:00+00:00,551.64501953125,551.6500244140625,551.1300048828125,551.2025146484375,2416
2026-04-21 16:44:00+00:00,551.0551147460938,551.0900268554688,550.6400146484375,551.0900268554688,2794
2026-04-21 16:45:00+00:00,551.0900268554688,551.5,551.0900268554688,551.5,3242
2026-04-21 16:46:00+00:00,551.7899780273438,551.802490234375,551.3713989257812,551.7899780273438,2305
2026-04-21 16:47:00+00:00,551.844970703125,552.5800170898438,551.8400268554688,552.510009765625,3910
2026-04-21 16:48:00+00:00,552.5,552.5,552.4400024414062,552.489990234375,1157
2026-04-21 16:49:00+00:00,552.47998046875,552.6300048828125,552.1699829101562,552.6300048828125,2405
2026-04-21 16:50:00+00:00,552.3699951171875,552.3699951171875,551.9099731445312,551.9099731445312,1756
2026-04-21 16:51:00+00:00,551.77001953125,551.77001953125,551.6799926757812,551.6799926757812,1140
2026-04-21 16:52:00+00:00,551.4276733398438,552.010009765625,551.4276733398438,552.010009765625,4337
2026-04-21 16:53:00+00:00,552.010009765625,552.010009765625,551.3350219726562,551.9349975585938,6334
2026-04-21 16:54:00+00:00,551.6900024414062,551.9600219726562,551.6900024414062,551.9600219726562,2700
2026-04-21 16:55:00+00:00,551.75,551.75,551.5499877929688,551.5499877929688,1924
2026-04-21 16:56:00+00:00,551.3200073242188,551.489990234375,551.02001953125,551.0549926757812,4730
2026-04-21 16:57:00+00:00,550.7901000976562,551.02001953125,550.7901000976562,551.02001953125,1385
2026-04-21 16:58:00+00:00,550.9749755859375,551.0,550.0,550.14501953125,12651
2026-04-21 16:59:00+00:00,550.239990234375,550.2449951171875,549.7600708007812,549.7600708007812,10247
2026-04-21 17:00:00+00:00,550.1300048828125,550.3499755859375,550.0549926757812,550.0850219726562,4156
2026-04-21 17:01:00+00:00,549.7664794921875,551.1699829101562,549.7664794921875,550.7125244140625,20808
2026-04-21 17:02:00+00:00,550.9600219726562,550.9600219726562,550.9600219726562,550.9600219726562,2492
2026-04-21 17:03:00+00:00,551.1500244140625,551.1500244140625,551.1500244140625,551.1500244140625,1654
2026-04-21 17:04:00+00:00,551.0700073242188,551.4799194335938,551.0250244140625,551.4799194335938,3855
2026-04-21 17:05:00+00:00,550.5700073242188,550.6300048828125,549.9199829101562,550.6300048828125,5007
2026-04-21 17:06:00+00:00,550.4400024414062,550.4400024414062,549.9000244140625,549.9000244140625,2558
2026-04-21 17:07:00+00:00,550.0,551.2382202148438,550.0,551.02001953125,7037
2026-04-21 17:08:00+00:00,551.72998046875,552.3350219726562,551.130126953125,552.3250122070312,3609
2026-04-21 17:09:00+00:00,552.8800048828125,552.8800048828125,552.3400268554688,552.7999877929688,3622
2026-04-21 17:10:00+00:00,553.5999755859375,553.8400268554688,552.47998046875,553.4600219726562,5483
2026-04-21 17:11:00+00:00,552.4000244140625,553.1699829101562,552.4000244140625,552.7949829101562,2045
2026-04-21 17:12:00+00:00,552.9849853515625,552.9849853515625,551.739990234375,552.10498046875,4603
2026-04-21 17:13:00+00:00,551.6500244140625,551.6699829101562,550.8400268554688,551.1900024414062,6157
2026-04-21 17:14:00+00:00,551.52001953125,551.7000122070312,551.1599731445312,551.7000122070312,3240
2026-04-21 17:15:00+00:00,551.8900146484375,552.010009765625,551.1600952148438,552.010009765625,2926
2026-04-21 17:16:00+00:00,552.6900024414062,552.6900024414062,552.6900024414062,552.6900024414062,1004
2026-04-21 17:17:00+00:00,552.7449951171875,552.7449951171875,552.7449951171875,552.7449951171875,2443
2026-04-21 17:18:00+00:00,552.1699829101562,552.5050048828125,551.9500122070312,552.5050048828125,2901
2026-04-21 17:19:00+00:00,551.9500122070312,551.9500122070312,551.1699829101562,551.8200073242188,4155
2026-04-21 17:20:00+00:00,551.9000244140625,552.2150268554688,551.9000244140625,552.2150268554688,1206
2026-04-21 17:21:00+00:00,551.9849853515625,552.1500244140625,551.3800048828125,551.739990234375,21468
2026-04-21 17:22:00+00:00,551.3300170898438,551.5150146484375,551.3099975585938,551.5150146484375,1150
2026-04-21 17:23:00+00:00,551.5150146484375,551.5150146484375,551.4949951171875,551.4949951171875,3562
2026-04-21 17:24:00+00:00,551.4949951171875,551.8800048828125,551.280029296875,551.4500122070312,8557
2026-04-21 17:25:00+00:00,551.385009765625,552.2899780273438,551.385009765625,552.14501953125,10205
2026-04-21 17:26:00+00:00,552.22998046875,552.239990234375,551.5319213867188,552.239990234375,11310
2026-04-21 17:27:00+00:00,552.239990234375,552.239990234375,552.22998046875,552.22998046875,905
2026-04-21 17:28:00+00:00,551.530029296875,551.8200073242188,551.219970703125,551.4730224609375,4402
2026-04-21 17:29:00+00:00,551.2899780273438,551.5,550.989990234375,551.5,10222
2026-04-21 17:30:00+00:00,551.5,551.5,551.010009765625,551.0599975585938,1434
2026-04-21 17:31:00+00:00,551.4500122070312,551.760009765625,550.9299926757812,551.2899780273438,11599
2026-04-21 17:32:00+00:00,551.4550170898438,552.0,551.4550170898438,552.0,4451
2026-04-21 17:33:00+00:00,552.5,552.77001953125,552.1599731445312,552.5499877929688,11922
2026-04-21 17:34:00+00:00,552.9500122070312,553.0,552.1900024414062,552.989990234375,5881
2026-04-21 17:35:00+00:00,552.5750122070312,552.5750122070312,552.5750122070312,552.5750122070312,753
2026-04-21 17:36:00+00:00,552.1600952148438,552.3599853515625,552.010009765625,552.3499755859375,3804
2026-04-21 17:37:00+00:00,552.4199829101562,553.0349731445312,552.4199829101562,553.0,2337
2026-04-21 17:38:00+00:00,553.3900146484375,555.0,553.3900146484375,555.0,7975
2026-04-21 17:39:00+00:00,555.0,556.0,554.6500244140625,555.8200073242188,44453
2026-04-21 17:40:00+00:00,556.0,556.8699951171875,555.9450073242188,556.260009765625,13735
2026-04-21 17:41:00+00:00,556.1799926757812,556.8493041992188,555.8300170898438,555.97998046875,5286
2026-04-21 17:42:00+00:00,556.1900024414062,557.469970703125,556.1900024414062,557.1900024414062,7058
2026-04-21 17:43:00+00:00,557.2000122070312,557.3392944335938,556.010009765625,557.3392944335938,11926
2026-04-21 17:44:00+00:00,556.8300170898438,556.8300170898438,556.5800170898438,556.5800170898438,1432
2026-04-21 17:45:00+00:00,556.1599731445312,556.5599975585938,556.0999755859375,556.3499755859375,2329
2026-04-21 17:46:00+00:00,556.35498046875,556.7598876953125,556.344970703125,556.7598876953125,2344
2026-04-21 17:47:00+00:00,556.0900268554688,556.2899780273438,556.0900268554688,556.2899780273438,1229
2026-04-21 17:48:00+00:00,556.3800048828125,556.5999755859375,556.1027221679688,556.1027221679688,1309
2026-04-21 17:49:00+00:00,556.3499755859375,556.6900024414062,556.3499755859375,556.6199951171875,2144
2026-04-21 17:50:00+00:00,556.7191772460938,557.398681640625,556.625,557.398681640625,4171
2026-04-21 17:51:00+00:00,556.8900146484375,556.8900146484375,556.8900146484375,556.8900146484375,392
2026-04-21 17:52:00+00:00,557.489990234375,557.5900268554688,557.1900024414062,557.4500122070312,3530
2026-04-21 17:53:00+00:00,557.535888671875,558.0,556.9639282226562,556.9639282226562,10814
2026-04-21 17:54:00+00:00,557.0599975585938,557.6099853515625,556.9500122070312,557.6099853515625,4282
2026-04-21 17:55:00+00:00,557.5,557.5,557.25,557.469970703125,1592
2026-04-21 17:56:00+00:00,557.469970703125,557.739990234375,556.9400024414062,556.9400024414062,3249
2026-04-21 17:57:00+00:00,557.0,557.1412963867188,556.7200927734375,557.1412963867188,3052
2026-04-21 17:58:00+00:00,557.030029296875,557.1799926757812,557.030029296875,557.1799926757812,1332
2026-04-21 17:59:00+00:00,557.2000122070312,557.6199951171875,557.2000122070312,557.6199951171875,2947
2026-04-21 18:00:00+00:00,557.4099731445312,557.9400024414062,557.4099731445312,557.5349731445312,1645
2026-04-21 18:01:00+00:00,557.9000244140625,558.5,557.6199951171875,558.5,6433
2026-04-21 18:02:00+00:00,558.760009765625,558.889892578125,558.135009765625,558.4199829101562,4066
2026-04-21 18:03:00+00:00,558.405029296875,558.9899291992188,557.8200073242188,558.489990234375,3498
2026-04-21 18:04:00+00:00,558.489990234375,558.489990234375,558.489990234375,558.489990234375,2534
2026-04-21 18:05:00+00:00,558.489990234375,558.9799194335938,558.489990234375,558.5399780273438,6759
2026-04-21 18:06:00+00:00,558.9099731445312,558.989990234375,558.77001953125,558.8150024414062,2960
2026-04-21 18:07:00+00:00,559.1599731445312,559.1599731445312,558.5050048828125,558.8800048828125,5668
2026-04-21 18:08:00+00:00,559.1887817382812,559.6099243164062,558.8800048828125,559.6099243164062,15884
2026-04-21 18:09:00+00:00,559.5858764648438,559.5900268554688,559.1849975585938,559.2949829101562,3129
2026-04-21 18:10:00+00:00,559.2949829101562,559.2949829101562,558.1699829101562,558.989990234375,8307
2026-04-21 18:11:00+00:00,558.8800048828125,559.1900024414062,558.635009765625,559.1900024414062,2080
2026-04-21 18:12:00+00:00,559.2000122070312,559.5900268554688,559.0001220703125,559.4299926757812,3358
2026-04-21 18:13:00+00:00,559.4450073242188,559.4899291992188,559.0700073242188,559.4899291992188,2420
2026-04-21 18:14:00+00:00,559.47998046875,559.47998046875,559.2849731445312,559.3099975585938,2233
2026-04-21 18:15:00+00:00,559.4149780273438,559.8499755859375,559.4149780273438,559.52001953125,8893
2026-04-21 18:16:00+00:00,559.2899780273438,559.489990234375,556.9550170898438,557.4600219726562,17093
2026-04-21 18:17:00+00:00,558.1699829101562,558.1699829101562,556.7031860351562,558.0599975585938,8789
2026-04-21 18:18:00+00:00,557.4749755859375,557.655029296875,557.0700073242188,557.3350219726562,10690
2026-04-21 18:19:00+00:00,557.5999755859375,557.5999755859375,557.1669921875,557.3280029296875,3343
2026-04-21 18:20:00+00:00,557.6799926757812,559.4423217773438,557.655029296875,559.3367919921875,9684
2026-04-21 18:21:00+00:00,558.5900268554688,558.6900024414062,558.280029296875,558.52001953125,6046
2026-04-21 18:22:00+00:00,558.5,558.6749877929688,557.75,557.791015625,16258
2026-04-21 18:23:00+00:00,558.25,558.2750244140625,558.25,558.2550048828125,1549
2026-04-21 18:24:00+00:00,558.2249755859375,558.5645141601562,557.7301025390625,558.22998046875,2375
2026-04-21 18:25:00+00:00,558.2000122070312,559.3499755859375,558.1951293945312,559.3499755859375,2038
2026-04-21 18:26:00+00:00,559.0700073242188,559.27001953125,559.0700073242188,559.27001953125,2252
2026-04-21 18:27:00+00:00,559.0,560.1799926757812,558.9400024414062,559.6649780273438,27996
2026-04-21 18:28:00+00:00,559.625,559.9199829101562,559.510009765625,559.530029296875,7184
2026-04-21 18:29:00+00:00,559.5250244140625,559.7000122070312,558.8900756835938,559.5050048828125,8510
2026-04-21 18:30:00+00:00,559.5050048828125,559.8800048828125,559.3400268554688,559.6500244140625,3129
2026-04-21 18:31:00+00:00,559.7000122070312,559.7000122070312,559.219970703125,559.5601196289062,5900
2026-04-21 18:32:00+00:00,559.4400024414062,559.9000244140625,559.4400024414062,559.9000244140625,2248
2026-04-21 18:33:00+00:00,560.0250244140625,560.780029296875,560.0250244140625,560.780029296875,4481
2026-04-21 18:34:00+00:00,560.6799926757812,562.0,560.5350952148438,562.0,8844
2026-04-21 18:35:00+00:00,561.8499755859375,562.5750122070312,561.510009765625,562.5750122070312,11894
2026-04-21 18:36:00+00:00,562.5700073242188,563.510009765625,562.5700073242188,563.3151245117188,10436
2026-04-21 18:37:00+00:00,563.4099731445312,563.919921875,562.614990234375,562.614990234375,30269
2026-04-21 18:38:00+00:00,562.614990234375,563.5308227539062,562.5700073242188,562.9600219726562,7313
2026-04-21 18:39:00+00:00,563.5800170898438,563.9299926757812,563.12109375,563.9299926757812,6831
2026-04-21 18:40:00+00:00,563.719970703125,563.8826904296875,563.5941162109375,563.8400268554688,7493
2026-04-21 18:41:00+00:00,563.8800048828125,563.8800048828125,563.3699951171875,563.5999755859375,5349
2026-04-21 18:42:00+00:00,563.8150024414062,563.97998046875,563.3699951171875,563.6300048828125,11224
2026-04-21 18:43:00+00:00,563.9600219726562,564.2999877929688,563.5999755859375,564.1799926757812,9997
2026-04-21 18:44:00+00:00,564.2999877929688,564.2999877929688,563.3800048828125,563.969970703125,9879
2026-04-21 18:45:00+00:00,563.8800048828125,563.8800048828125,562.52001953125,562.677490234375,15600
2026-04-21 18:46:00+00:00,562.6849975585938,563.6699829101562,562.589599609375,563.3099975585938,5996
2026-04-21 18:47:00+00:00,563.39501953125,563.39501953125,563.3699951171875,563.3699951171875,2046
2026-04-21 18:48:00+00:00,563.405029296875,563.6099853515625,563.1748046875,563.6099853515625,1830
2026-04-21 18:49:00+00:00,563.8099975585938,564.125,563.760009765625,564.0599975585938,4505
2026-04-21 18:50:00+00:00,564.0900268554688,564.3400268554688,563.7100219726562,564.3300170898438,6061
2026-04-21 18:51:00+00:00,564.5999145507812,564.5999145507812,563.7537231445312,564.1500244140625,11823
2026-04-21 18:52:00+00:00,564.125,564.5499877929688,564.125,564.39501953125,7015
2026-04-21 18:53:00+00:00,564.39501953125,564.5499877929688,564.385009765625,564.39501953125,10638
2026-04-21 18:54:00+00:00,564.39501953125,566.7034912109375,564.39501953125,566.1599731445312,19452
2026-04-21 18:55:00+00:00,565.969970703125,566.1716918945312,564.35009765625,564.5,15231
2026-04-21 18:56:00+00:00,564.7249755859375,565.669921875,564.2158203125,565.0499877929688,8794
2026-04-21 18:57:00+00:00,564.8900146484375,565.9990234375,564.6099853515625,565.2999877929688,13340
2026-04-21 18:58:00+00:00,565.4550170898438,565.4550170898438,564.8989868164062,565.1500244140625,7517
2026-04-21 18:59:00+00:00,565.2650146484375,565.5250244140625,565.2650146484375,565.510009765625,2652
2026-04-21 19:00:00+00:00,565.7000122070312,566.510009765625,565.0300903320312,565.614990234375,19186
2026-04-21 19:01:00+00:00,565.614990234375,566.0,565.530029296875,565.7750244140625,6401
2026-04-21 19:02:00+00:00,566.1699829101562,566.989990234375,566.1699829101562,566.7550048828125,11283
2026-04-21 19:03:00+00:00,566.8800048828125,566.9500122070312,565.5999755859375,566.239990234375,11002
2026-04-21 19:04:00+00:00,566.47998046875,566.47998046875,565.510009765625,565.875,8610
2026-04-21 19:05:00+00:00,566.4600219726562,566.47998046875,566.2999877929688,566.47998046875,2395
2026-04-21 19:06:00+00:00,566.25,566.4600219726562,565.9099731445312,566.0900268554688,2343
2026-04-21 19:07:00+00:00,566.1099853515625,566.3699951171875,565.739990234375,566.0499877929688,6301
2026-04-21 19:08:00+00:00,565.8150024414062,566.3099975585938,565.6300048828125,565.9849853515625,4226
2026-04-21 19:09:00+00:00,565.9849853515625,566.0,565.969970703125,565.969970703125,2833
2026-04-21 19:10:00+00:00,566.2899780273438,566.2999877929688,565.9600219726562,565.9600219726562,3582
2026-04-21 19:11:00+00:00,566.2100219726562,566.5,565.880126953125,566.239990234375,12494
2026-04-21 19:12:00+00:00,566.47998046875,566.77001953125,566.22998046875,566.614990234375,8468
2026-04-21 19:13:00+00:00,566.7999877929688,567.1799926757812,566.614990234375,567.1799926757812,10085
2026-04-21 19:14:00+00:00,567.1799926757812,567.6950073242188,566.3049926757812,566.6751098632812,15778
2026-04-21 19:15:00+00:00,566.7999877929688,567.3900146484375,565.97998046875,566.85498046875,9937
2026-04-21 19:16:00+00:00,566.8300170898438,567.6798706054688,566.8300170898438,567.27001953125,4847
2026-04-21 19:17:00+00:00,567.2999877929688,567.2999877929688,566.1400146484375,566.4849853515625,12924
2026-04-21 19:18:00+00:00,566.489990234375,566.489990234375,565.6099853515625,565.8599853515625,7567
2026-04-21 19:19:00+00:00,565.8499755859375,566.2000122070312,565.5700073242188,565.6300048828125,6679
2026-04-21 19:20:00+00:00,565.5700073242188,565.5700073242188,564.75,564.8499755859375,7726
2026-04-21 19:21:00+00:00,565.3861083984375,565.5700073242188,564.860107421875,565.3350219726562,5790
2026-04-21 19:22:00+00:00,565.3350219726562,565.7371826171875,565.3350219726562,565.5650024414062,3119
2026-04-21 19:23:00+00:00,565.5250244140625,565.9000244140625,565.5250244140625,565.5900268554688,4567
2026-04-21 19:24:00+00:00,566.0900268554688,566.2849731445312,566.0900268554688,566.27001953125,6659
2026-04-21 19:25:00+00:00,566.27001953125,566.27001953125,565.6699829101562,565.7999877929688,4802
2026-04-21 19:26:00+00:00,565.5399780273438,565.706298828125,565.4199829101562,565.52001953125,7059
2026-04-21 19:27:00+00:00,565.2949829101562,565.2949829101562,564.5499877929688,564.7100219726562,9720
2026-04-21 19:28:00+00:00,564.7100219726562,564.989990234375,564.5999755859375,564.9400024414062,2807
2026-04-21 19:29:00+00:00,564.9400024414062,565.02001953125,564.4600219726562,564.5700073242188,8363
2026-04-21 19:30:00+00:00,564.2449951171875,564.9849853515625,563.989990234375,564.2800903320312,10580
2026-04-21 19:31:00+00:00,564.8049926757812,565.1298828125,564.7550048828125,565.0,3576
2026-04-21 19:32:00+00:00,565.0,565.0,564.5999755859375,564.9293823242188,2718
2026-04-21 19:33:00+00:00,564.9299926757812,565.1599731445312,564.530029296875,565.1599731445312,7140
2026-04-21 19:34:00+00:00,564.590087890625,565.4600219726562,564.590087890625,565.2239990234375,4286
2026-04-21 19:35:00+00:00,565.280029296875,565.280029296875,564.4600219726562,564.4600219726562,8829
2026-04-21 19:36:00+00:00,564.4249877929688,564.4249877929688,563.5399780273438,564.114990234375,18197
2026-04-21 19:37:00+00:00,563.9912719726562,564.239990234375,562.9099731445312,563.219970703125,8737
2026-04-21 19:38:00+00:00,563.530029296875,563.530029296875,561.9301147460938,562.4625244140625,14394
2026-04-21 19:39:00+00:00,562.8699951171875,563.2625122070312,562.8499755859375,562.8499755859375,5043
2026-04-21 19:40:00+00:00,562.5700073242188,562.9650268554688,561.7999877929688,562.9650268554688,8819
2026-04-21 19:41:00+00:00,562.7000122070312,563.260009765625,560.77001953125,560.77001953125,11716
2026-04-21 19:42:00+00:00,560.875,560.875,559.1599731445312,559.5900268554688,18874
2026-04-21 19:43:00+00:00,559.10009765625,559.6400146484375,557.6699829101562,558.0,18182
2026-04-21 19:44:00+00:00,558.2000122070312,558.2000122070312,557.1400146484375,557.3074951171875,11126
2026-04-21 19:45:00+00:00,557.8400268554688,558.5650024414062,557.6500244140625,558.1300048828125,10249
2026-04-21 19:46:00+00:00,558.75,558.75,557.5703735351562,558.22998046875,11563
2026-04-21 19:47:00+00:00,558.6099853515625,559.1799926757812,558.1699829101562,558.6799926757812,8481
2026-04-21 19:48:00+00:00,558.8900146484375,559.0800170898438,558.5399780273438,558.6500244140625,5211
2026-04-21 19:49:00+00:00,558.0999755859375,558.655029296875,557.5700073242188,557.9749755859375,14074
2026-04-21 19:50:00+00:00,558.2349853515625,558.9849853515625,558.155029296875,558.1699829101562,8285
2026-04-21 19:51:00+00:00,558.3599853515625,558.760009765625,557.9099731445312,558.0800170898438,7176
2026-04-21 19:52:00+00:00,558.0800170898438,558.635009765625,557.7000122070312,557.7000122070312,9791
2026-04-21 19:53:00+00:00,557.5999755859375,557.739990234375,557.2899780273438,557.4450073242188,10391
2026-04-21 19:54:00+00:00,557.4149780273438,557.5700073242188,556.864990234375,557.35498046875,16310
2026-04-21 19:55:00+00:00,557.75,559.3400268554688,557.72998046875,558.9299926757812,27826
2026-04-21 19:56:00+00:00,559.0700073242188,559.0700073242188,558.260009765625,558.4400024414062,17221
2026-04-21 19:57:00+00:00,558.3200073242188,559.8049926757812,558.010009765625,559.5399780273438,18381
2026-04-21 19:58:00+00:00,559.469970703125,559.7999877929688,559.2999877929688,559.4349975585938,23936
2026-04-21 19:59:00+00:00,559.405029296875,560.1099853515625,559.3499755859375,560.0800170898438,60849
2026-04-22 13:30:00+00:00,580.010009765625,586.0,580.010009765625,584.0449829101562,166199
2026-04-22 13:31:00+00:00,584.8405151367188,584.8405151367188,579.4199829101562,579.5800170898438,37882
2026-04-22 13:32:00+00:00,579.1699829101562,583.1170043945312,578.0831909179688,579.4500122070312,21332
2026-04-22 13:33:00+00:00,579.6900024414062,581.75,577.0,579.8099975585938,23279
2026-04-22 13:34:00+00:00,579.9450073242188,583.3099975585938,579.260009765625,583.3098754882812,19560
2026-04-22 13:35:00+00:00,583.219970703125,584.8599243164062,582.8599853515625,584.0,18876
2026-04-22 13:36:00+00:00,582.6300048828125,582.6300048828125,579.10009765625,580.260009765625,14831
2026-04-22 13:37:00+00:00,579.8599853515625,582.1500244140625,579.5900268554688,581.5499877929688,14981
2026-04-22 13:38:00+00:00,580.1749877929688,580.1749877929688,576.4088134765625,576.6807250976562,16845
2026-04-22 13:39:00+00:00,577.25,577.4199829101562,574.010009765625,575.4298706054688,14881
2026-04-22 13:40:00+00:00,574.7150268554688,575.8800048828125,573.77001953125,574.9299926757812,22680
2026-04-22 13:41:00+00:00,574.280029296875,578.0087280273438,574.280029296875,575.7000122070312,11146
2026-04-22 13:42:00+00:00,576.0,576.8499755859375,573.2000122070312,574.0549926757812,11737
2026-04-22 13:43:00+00:00,573.1199951171875,576.2999877929688,573.1199951171875,576.27001953125,10265
2026-04-22 13:44:00+00:00,577.280029296875,578.2999877929688,576.5850219726562,577.9909057617188,8813
2026-04-22 13:45:00+00:00,576.75,576.75,574.6599731445312,575.5,13622
2026-04-22 13:46:00+00:00,574.7999877929688,575.2100219726562,573.0,574.1900024414062,16983
2026-04-22 13:47:00+00:00,575.0499877929688,575.2050170898438,573.8350219726562,573.8350219726562,6732
2026-04-22 13:48:00+00:00,574.6699829101562,574.6699829101562,571.10009765625,572.4598999023438,7795
2026-04-22 13:49:00+00:00,571.5599975585938,572.77001953125,570.9600219726562,571.5,16090
2026-04-22 13:50:00+00:00,571.1799926757812,573.669921875,570.6300048828125,573.0900268554688,14363
2026-04-22 13:51:00+00:00,572.4650268554688,572.4650268554688,570.52001953125,571.6599731445312,10983
2026-04-22 13:52:00+00:00,571.8499755859375,573.3699951171875,571.1235961914062,573.094970703125,7507
2026-04-22 13:53:00+00:00,572.0399780273438,572.3049926757812,570.1099853515625,572.094970703125,12121
2026-04-22 13:54:00+00:00,571.2899780273438,571.885009765625,569.7901000976562,571.469970703125,15561
2026-04-22 13:55:00+00:00,570.4000244140625,571.7429809570312,567.3200073242188,567.3200073242188,27413
2026-04-22 13:56:00+00:00,567.3400268554688,567.3400268554688,565.340087890625,567.3300170898438,10181
2026-04-22 13:57:00+00:00,566.1522216796875,567.9899291992188,565.6950073242188,566.5349731445312,5907
2026-04-22 13:58:00+00:00,567.010009765625,569.6300048828125,566.7000122070312,568.0650024414062,7030
2026-04-22 13:59:00+00:00,568.4349975585938,569.5,568.4349975585938,568.8200073242188,6661
2026-04-22 14:00:00+00:00,568.9299926757812,570.9400024414062,568.114990234375,570.1799926757812,25574
2026-04-22 14:01:00+00:00,570.1400146484375,570.1400146484375,567.0,567.0499877929688,7087
2026-04-22 14:02:00+00:00,567.80712890625,567.80712890625,563.8818969726562,565.239990234375,49265
2026-04-22 14:03:00+00:00,565.969970703125,565.969970703125,564.8699951171875,565.385009765625,5177
2026-04-22 14:04:00+00:00,566.4600219726562,567.0,566.0552978515625,566.8300170898438,6001
2026-04-22 14:05:00+00:00,565.0,565.6699829101562,564.4400024414062,565.0,4214
2026-04-22 14:06:00+00:00,563.77001953125,565.010009765625,563.3400268554688,564.5850219726562,11890
2026-04-22 14:07:00+00:00,564.5,565.6799926757812,563.2999877929688,563.4696044921875,11314
2026-04-22 14:08:00+00:00,563.7949829101562,565.3350219726562,563.7949829101562,564.0349731445312,7987
2026-04-22 14:09:00+00:00,564.030029296875,564.9099731445312,563.9099731445312,564.875,4728
2026-04-22 14:10:00+00:00,565.8098754882812,566.8159790039062,565.635009765625,566.3300170898438,3577
2026-04-22 14:11:00+00:00,566.5800170898438,566.9998779296875,565.010009765625,565.010009765625,5545
2026-04-22 14:12:00+00:00,565.1900024414062,565.7949829101562,565.1699829101562,565.4074096679688,4227
2026-04-22 14:13:00+00:00,566.2869873046875,566.6699829101562,565.1201171875,565.89501953125,9960
2026-04-22 14:14:00+00:00,566.6699829101562,568.3699951171875,566.52001953125,568.3699951171875,8014
2026-04-22 14:15:00+00:00,568.47998046875,569.8098754882812,568.2999877929688,568.5,9505
2026-04-22 14:16:00+00:00,568.5,569.8599853515625,568.0,568.9299926757812,8175
2026-04-22 14:17:00+00:00,569.030029296875,570.5,569.030029296875,570.489990234375,26215
2026-04-22 14:18:00+00:00,570.3574829101562,571.385009765625,569.10009765625,571.3800048828125,11373
2026-04-22 14:19:00+00:00,571.385009765625,572.6900024414062,571.010009765625,572.6900024414062,4835
2026-04-22 14:20:00+00:00,573.3800048828125,574.4998779296875,572.6900024414062,574.094970703125,12917
2026-04-22 14:21:00+00:00,574.3200073242188,576.9998779296875,574.1500244140625,576.5,38421
2026-04-22 14:22:00+00:00,576.3800048828125,577.639892578125,576.1701049804688,576.9400024414062,17511
2026-04-22 14:23:00+00:00,576.260009765625,577.1898803710938,576.0399780273438,576.4199829101562,11442
2026-04-22 14:24:00+00:00,576.3099975585938,577.2807006835938,575.6400146484375,576.5,10675
2026-04-22 14:25:00+00:00,576.9998779296875,576.9998779296875,575.110107421875,575.8599853515625,12041
2026-04-22 14:26:00+00:00,575.3970947265625,576.698974609375,575.1900024414062,576.5250244140625,7191
2026-04-22 14:27:00+00:00,576.97998046875,577.0499877929688,576.1300048828125,576.1300048828125,8484
2026-04-22 14:28:00+00:00,576.5499877929688,576.5499877929688,575.7449951171875,575.7449951171875,3249
2026-04-22 14:29:00+00:00,575.989990234375,575.989990234375,572.8701171875,573.8300170898438,6078
2026-04-22 14:30:00+00:00,572.8900756835938,574.77001953125,572.2800903320312,573.0399780273438,6331
2026-04-22 14:31:00+00:00,572.2100219726562,573.8798828125,572.2100219726562,572.239990234375,6312
2026-04-22 14:32:00+00:00,573.0999755859375,574.3599853515625,573.0999755859375,573.6900024414062,5306
2026-04-22 14:33:00+00:00,574.3599853515625,574.3599853515625,574.0,574.0,841
2026-04-22 14:34:00+00:00,574.7899780273438,577.39990234375,574.7899780273438,576.4299926757812,9278
2026-04-22 14:35:00+00:00,576.2249755859375,576.89990234375,574.6400146484375,575.469970703125,4986
2026-04-22 14:36:00+00:00,575.0449829101562,576.780029296875,575.0449829101562,576.780029296875,3480
2026-04-22 14:37:00+00:00,577.1799926757812,578.4099731445312,575.4600219726562,578.4099731445312,6765
2026-04-22 14:38:00+00:00,578.3308715820312,578.4299926757812,577.010009765625,577.6900024414062,5329
2026-04-22 14:39:00+00:00,578.14501953125,578.1798706054688,576.7100219726562,577.6400146484375,4743
2026-04-22 14:40:00+00:00,576.5307006835938,578.0,576.5307006835938,577.1699829101562,3780
2026-04-22 14:41:00+00:00,576.75,577.4400024414062,575.9500122070312,576.0900268554688,6143
2026-04-22 14:42:00+00:00,576.3109741210938,577.4400024414062,575.5,577.4400024414062,6258
2026-04-22 14:43:00+00:00,577.3499755859375,577.4398803710938,576.739990234375,577.3300170898438,3560
2026-04-22 14:44:00+00:00,576.739990234375,578.4000244140625,576.0800170898438,577.6300048828125,11047
2026-04-22 14:45:00+00:00,577.2750244140625,580.0,577.1201171875,579.2750244140625,12738
2026-04-22 14:46:00+00:00,579.2050170898438,579.889892578125,578.8568725585938,579.27001953125,5624
2026-04-22 14:47:00+00:00,579.85498046875,580.5,578.2700805664062,580.5,14477
2026-04-22 14:48:00+00:00,580.6599731445312,581.5900268554688,579.7550048828125,580.0,13867
2026-04-22 14:49:00+00:00,579.5999755859375,580.2999877929688,578.5,578.9450073242188,4963
2026-04-22 14:50:00+00:00,578.5089721679688,578.8674926757812,578.0800170898438,578.5050048828125,5964
2026-04-22 14:51:00+00:00,578.5050048828125,578.8099975585938,578.3800048828125,578.4199829101562,7040
2026-04-22 14:52:00+00:00,578.75,578.75,577.1195068359375,577.9400024414062,4660
2026-04-22 14:53:00+00:00,577.7100219726562,577.7100219726562,576.219970703125,576.219970703125,6849
2026-04-22 14:54:00+00:00,576.75,577.1799926757812,576.75,577.1799926757812,2555
2026-04-22 14:55:00+00:00,577.109375,577.75,577.109375,577.7249755859375,5184
2026-04-22 14:56:00+00:00,577.2000122070312,578.0,577.0,577.0,2510
2026-04-22 14:57:00+00:00,578.0401000976562,578.0499267578125,576.655029296875,576.8350219726562,7743
2026-04-22 14:58:00+00:00,577.2100219726562,577.260009765625,576.9400024414062,576.9400024414062,3042
2026-04-22 14:59:00+00:00,577.3900146484375,577.9000244140625,577.3400268554688,577.9000244140625,2635
2026-04-22 15:00:00+00:00,577.6699829101562,578.3250122070312,576.780029296875,576.7999877929688,10537
2026-04-22 15:01:00+00:00,576.7750244140625,576.7750244140625,575.1199951171875,575.6300048828125,7454
2026-04-22 15:02:00+00:00,575.77001953125,576.1400146484375,575.6599731445312,575.8350219726562,4490
2026-04-22 15:03:00+00:00,575.1199951171875,576.4099731445312,575.1199951171875,576.4099731445312,1583
2026-04-22 15:04:00+00:00,576.6983032226562,576.719970703125,575.9000244140625,576.0650024414062,2805
2026-04-22 15:05:00+00:00,576.72998046875,576.72998046875,576.4299926757812,576.4299926757812,2928
2026-04-22 15:06:00+00:00,576.4299926757812,576.9400024414062,575.8400268554688,576.094970703125,3468
2026-04-22 15:07:00+00:00,575.9099731445312,576.4000244140625,575.9099731445312,576.4000244140625,2299
2026-04-22 15:08:00+00:00,576.094970703125,576.094970703125,574.0,574.0,13444
2026-04-22 15:09:00+00:00,573.9949951171875,574.8699951171875,573.1199951171875,573.2750244140625,6339
2026-04-22 15:10:00+00:00,572.9650268554688,573.4600219726562,572.77001953125,573.4600219726562,2441
2026-04-22 15:11:00+00:00,573.1699829101562,573.1699829101562,572.0001220703125,573.0,2590
2026-04-22 15:12:00+00:00,573.0250244140625,573.5999755859375,573.0250244140625,573.2249755859375,5586
2026-04-22 15:13:00+00:00,573.2050170898438,574.5947265625,573.2050170898438,574.5947265625,6852
2026-04-22 15:14:00+00:00,574.0050048828125,574.0349731445312,573.9849853515625,573.9849853515625,2073
2026-04-22 15:15:00+00:00,574.948974609375,574.948974609375,574.3400268554688,574.3400268554688,2559
2026-04-22 15:16:00+00:00,574.0150146484375,574.135009765625,573.8099975585938,573.8099975585938,1204
2026-04-22 15:17:00+00:00,574.5499877929688,574.9500122070312,573.8599853515625,574.9400024414062,4465
2026-04-22 15:18:00+00:00,574.6500244140625,574.6649780273438,573.655029296875,573.655029296875,3112
2026-04-22 15:19:00+00:00,573.6500244140625,573.6500244140625,573.6500244140625,573.6500244140625,1105
2026-04-22 15:20:00+00:00,573.7550048828125,574.6799926757812,573.7550048828125,574.3699951171875,2557
2026-04-22 15:21:00+00:00,575.030029296875,575.030029296875,575.030029296875,575.030029296875,1931
2026-04-22 15:22:00+00:00,575.3599853515625,575.5800170898438,575.2899780273438,575.2899780273438,2628
2026-04-22 15:23:00+00:00,575.2899780273438,576.0599975585938,575.2899780273438,575.6799926757812,7618
2026-04-22 15:24:00+00:00,575.6849975585938,575.8599853515625,574.969970703125,575.0250244140625,3905
2026-04-22 15:25:00+00:00,575.0250244140625,575.2821044921875,575.0250244140625,575.2821044921875,820
2026-04-22 15:26:00+00:00,575.669921875,575.8800048828125,575.030029296875,575.469970703125,10860
2026-04-22 15:27:00+00:00,575.469970703125,575.469970703125,575.260009765625,575.385009765625,3298
2026-04-22 15:28:00+00:00,575.385009765625,576.0,575.2100219726562,575.969970703125,6817
2026-04-22 15:29:00+00:00,576.030029296875,576.6799926757812,575.3280029296875,576.2449951171875,6583
2026-04-22 15:30:00+00:00,576.25,576.4899291992188,576.2449951171875,576.4409790039062,2366
2026-04-22 15:31:00+00:00,576.25,576.7899780273438,576.25,576.5800170898438,3875
2026-04-22 15:32:00+00:00,576.5800170898438,578.1799926757812,576.5800170898438,578.0999755859375,11335
2026-04-22 15:33:00+00:00,578.0900268554688,578.9959716796875,578.0,578.9959716796875,5904
2026-04-22 15:34:00+00:00,579.5999755859375,579.9498901367188,579.3200073242188,579.6199951171875,5022
2026-04-22 15:35:00+00:00,579.9500122070312,580.1799926757812,579.2901000976562,580.1799926757812,7228
2026-04-22 15:36:00+00:00,579.9000244140625,580.1900024414062,579.5800170898438,580.1199951171875,12447
2026-04-22 15:37:00+00:00,579.53369140625,580.4400024414062,579.53369140625,580.4400024414062,3239
2026-04-22 15:38:00+00:00,580.5599975585938,580.72998046875,580.5599975585938,580.7150268554688,3424
2026-04-22 15:39:00+00:00,580.7100219726562,580.9450073242188,580.6199951171875,580.625,2613
2026-04-22 15:40:00+00:00,580.2600708007812,580.6199951171875,579.2899780273438,580.0,4254
2026-04-22 15:41:00+00:00,579.6699829101562,579.6699829101562,579.5800170898438,579.5800170898438,1900
2026-04-22 15:42:00+00:00,579.2899780273438,579.530029296875,578.048828125,578.6799926757812,5307
2026-04-22 15:43:00+00:00,578.6799926757812,578.6799926757812,576.8900756835938,576.8900756835938,6273
2026-04-22 15:44:00+00:00,577.6400146484375,578.1799926757812,577.3499755859375,577.6900024414062,5019
2026-04-22 15:45:00+00:00,577.6900024414062,578.5999755859375,577.010009765625,577.010009765625,2184
2026-04-22 15:46:00+00:00,578.2000122070312,578.75,578.2000122070312,578.4000244140625,1883
2026-04-22 15:47:00+00:00,579.2999877929688,580.030029296875,579.1900024414062,579.85498046875,4591
2026-04-22 15:48:00+00:00,579.9500122070312,581.2000122070312,579.9500122070312,581.094970703125,7332
2026-04-22 15:49:00+00:00,580.9600219726562,581.4299926757812,580.7650146484375,581.364990234375,4197
2026-04-22 15:50:00+00:00,581.4299926757812,582.385009765625,581.1500244140625,581.2449951171875,11119
2026-04-22 15:51:00+00:00,582.0308837890625,582.0900268554688,580.739990234375,582.0900268554688,3137
2026-04-22 15:52:00+00:00,581.6099853515625,581.6099853515625,579.6099853515625,579.6099853515625,7018
2026-04-22 15:53:00+00:00,580.280029296875,580.280029296875,578.780029296875,579.3200073242188,3563
2026-04-22 15:54:00+00:00,579.280029296875,579.280029296875,579.280029296875,579.280029296875,1190
2026-04-22 15:55:00+00:00,578.9849853515625,579.1199951171875,578.25,578.5,6626
2026-04-22 15:56:00+00:00,578.8250122070312,579.5255126953125,578.4199829101562,578.4199829101562,2123
2026-04-22 15:57:00+00:00,578.0,578.0,577.719970703125,577.719970703125,3359
2026-04-22 15:58:00+00:00,577.0,577.5093994140625,576.7000122070312,577.5093994140625,5486
2026-04-22 15:59:00+00:00,577.02001953125,577.02001953125,577.02001953125,577.02001953125,1504
2026-04-22 16:00:00+00:00,577.4199829101562,577.614990234375,577.0150146484375,577.0150146484375,9998
2026-04-22 16:01:00+00:00,576.7899780273438,576.9349975585938,576.22998046875,576.22998046875,7073
2026-04-22 16:02:00+00:00,576.0800170898438,576.5,575.8038940429688,576.5,3432
2026-04-22 16:03:00+00:00,576.14501953125,576.9899291992188,576.14501953125,576.7000122070312,4847
2026-04-22 16:04:00+00:00,576.7349853515625,577.4476928710938,576.7349853515625,577.280029296875,2414
2026-04-22 16:05:00+00:00,577.280029296875,577.2849731445312,576.989990234375,577.1199951171875,2021
2026-04-22 16:06:00+00:00,576.8099975585938,577.1199951171875,576.8074951171875,576.9199829101562,2103
2026-04-22 16:07:00+00:00,576.9199829101562,576.9199829101562,576.010009765625,576.010009765625,2048
2026-04-22 16:08:00+00:00,576.0,576.0,576.0,576.0,2746
2026-04-22 16:10:00+00:00,575.885009765625,575.885009765625,575.885009765625,575.885009765625,3750
2026-04-22 16:11:00+00:00,575.1300048828125,575.8200073242188,575.1300048828125,575.8200073242188,2356
2026-04-22 16:12:00+00:00,575.739990234375,576.4600219726562,575.739990234375,576.3300170898438,2351
2026-04-22 16:13:00+00:00,577.1785278320312,577.2999877929688,576.4600219726562,576.905029296875,3301
2026-04-22 16:14:00+00:00,577.3099975585938,577.3099975585938,576.7899780273438,576.7899780273438,1413
2026-04-22 16:15:00+00:00,576.9000244140625,578.5399169921875,576.9000244140625,577.77001953125,2632
2026-04-22 16:16:00+00:00,577.52001953125,578.119873046875,576.8599853515625,576.8900146484375,5241
2026-04-22 16:18:00+00:00,577.2050170898438,577.2050170898438,576.9000244140625,577.0999755859375,1159
2026-04-22 16:19:00+00:00,576.6900024414062,576.8699951171875,576.5599975585938,576.8699951171875,3207
2026-04-22 16:20:00+00:00,576.8599853515625,576.8599853515625,576.5,576.7999877929688,2778
2026-04-22 16:21:00+00:00,577.1799926757812,577.2100219726562,576.7949829101562,576.9000244140625,1939
2026-04-22 16:22:00+00:00,577.260009765625,577.4949951171875,577.0700073242188,577.27001953125,2182
2026-04-22 16:23:00+00:00,576.7802734375,578.27001953125,576.7802734375,578.27001953125,4785
2026-04-22 16:24:00+00:00,578.155029296875,578.4000244140625,577.7050170898438,578.4000244140625,2844
2026-04-22 16:25:00+00:00,577.8099975585938,578.4000244140625,577.7899780273438,578.260009765625,3075
2026-04-22 16:26:00+00:00,578.239990234375,578.6599731445312,578.1199951171875,578.2557983398438,3324
2026-04-22 16:27:00+00:00,578.5599975585938,579.469970703125,578.5599975585938,579.1199951171875,3945
2026-04-22 16:28:00+00:00,579.27001953125,579.3099975585938,578.6500244140625,579.0,6602
2026-04-22 16:29:00+00:00,579.0,579.1815795898438,578.1699829101562,578.1699829101562,3356
2026-04-22 16:30:00+00:00,578.1699829101562,578.4099731445312,577.2639770507812,578.4099731445312,4601
2026-04-22 16:31:00+00:00,578.0650024414062,578.0650024414062,578.0599975585938,578.0599975585938,1028
2026-04-22 16:32:00+00:00,577.844970703125,577.8800048828125,577.844970703125,577.844970703125,2441
2026-04-22 16:33:00+00:00,577.7849731445312,578.3800048828125,577.72998046875,578.0900268554688,2320
2026-04-22 16:34:00+00:00,578.0599975585938,578.8099975585938,578.02001953125,578.2249755859375,3315
2026-04-22 16:35:00+00:00,578.4600219726562,578.6900024414062,577.5499877929688,577.5499877929688,4952
2026-04-22 16:36:00+00:00,577.77001953125,577.8800048828125,577.0474853515625,577.6300048828125,2733
2026-04-22 16:37:00+00:00,577.6300048828125,577.6300048828125,577.6300048828125,577.6300048828125,1500
2026-04-22 16:38:00+00:00,577.8800048828125,578.3300170898438,577.6950073242188,578.0700073242188,5254
2026-04-22 16:39:00+00:00,578.0,578.0050048828125,577.7650146484375,577.7650146484375,3363
2026-04-22 16:40:00+00:00,577.7999877929688,578.2064819335938,577.510009765625,578.2064819335938,3361
2026-04-22 16:41:00+00:00,577.635009765625,577.8099975585938,577.635009765625,577.635009765625,1439
2026-04-22 16:42:00+00:00,577.635009765625,577.9299926757812,576.989990234375,576.989990234375,4015
2026-04-22 16:43:00+00:00,577.0250244140625,577.0250244140625,576.989990234375,576.989990234375,1564
2026-04-22 16:44:00+00:00,577.0700073242188,577.0700073242188,576.3049926757812,576.3049926757812,6001
2026-04-22 16:45:00+00:00,576.469970703125,577.6300048828125,576.469970703125,577.2999877929688,5639
2026-04-22 16:46:00+00:00,576.989990234375,577.6300048828125,576.989990234375,577.6300048828125,4740
2026-04-22 16:47:00+00:00,577.7999877929688,578.0,577.3599853515625,577.3599853515625,3463
2026-04-22 16:48:00+00:00,577.3499755859375,577.8991088867188,576.7899780273438,576.7899780273438,2976
2026-04-22 16:49:00+00:00,576.719970703125,576.864990234375,576.4100952148438,576.8499755859375,3197
2026-04-22 16:50:00+00:00,577.2999877929688,577.2999877929688,577.0599975585938,577.2000122070312,3083
2026-04-22 16:51:00+00:00,577.0399780273438,577.0399780273438,576.97998046875,576.97998046875,1390
2026-04-22 16:52:00+00:00,577.4099731445312,577.7598876953125,577.0850219726562,577.0850219726562,2040
2026-04-22 16:53:00+00:00,576.8594970703125,576.8594970703125,576.8594970703125,576.8594970703125,219
2026-04-22 16:54:00+00:00,576.9057006835938,577.989990234375,576.9057006835938,577.989990234375,4256
2026-04-22 16:56:00+00:00,577.6091918945312,578.5499877929688,577.4299926757812,578.5499877929688,8475
2026-04-22 16:57:00+00:00,577.5700073242188,578.8200073242188,577.5700073242188,578.8200073242188,655
2026-04-22 16:58:00+00:00,577.9500122070312,578.0900268554688,577.9400024414062,577.9500122070312,2688
2026-04-22 16:59:00+00:00,577.3599853515625,577.9450073242188,577.3599853515625,577.9450073242188,826
2026-04-22 17:00:00+00:00,577.7849731445312,577.8200073242188,577.5700073242188,577.5700073242188,1668
2026-04-22 17:01:00+00:00,577.7100219726562,577.7100219726562,576.864990234375,577.4299926757812,7743
2026-04-22 17:02:00+00:00,577.25,577.5499877929688,577.0800170898438,577.0800170898438,1615
2026-04-22 17:03:00+00:00,577.5599975585938,578.2000122070312,577.5599975585938,577.9600219726562,2289
2026-04-22 17:04:00+00:00,578.0050048828125,578.0050048828125,577.760009765625,577.969970703125,2172
2026-04-22 17:05:00+00:00,578.1400146484375,578.1400146484375,577.469970703125,577.469970703125,937
2026-04-22 17:06:00+00:00,577.989990234375,577.989990234375,577.0,577.0,4587
2026-04-22 17:07:00+00:00,577.0449829101562,577.0449829101562,577.0449829101562,577.0449829101562,136
2026-04-22 17:08:00+00:00,577.0700073242188,577.0700073242188,577.0449829101562,577.0449829101562,1229
2026-04-22 17:09:00+00:00,577.5,578.1799926757812,577.5,577.7750244140625,4619
2026-04-22 17:10:00+00:00,577.780029296875,578.8800048828125,577.780029296875,578.8800048828125,1697
2026-04-22 17:11:00+00:00,578.489990234375,578.989990234375,578.489990234375,578.989990234375,4128
2026-04-22 17:12:00+00:00,578.97998046875,579.0900268554688,578.5900268554688,578.5900268554688,5312
2026-04-22 17:13:00+00:00,579.0,579.0,578.625,578.625,1808
2026-04-22 17:14:00+00:00,578.4600219726562,578.719970703125,577.7899780273438,578.5,2736
2026-04-22 17:15:00+00:00,579.0,579.3099975585938,578.625,579.239990234375,4544
2026-04-22 17:16:00+00:00,579.1500244140625,579.2899780273438,578.7750244140625,578.7750244140625,3299
2026-04-22 17:17:00+00:00,579.1799926757812,579.3099975585938,578.7750244140625,578.7949829101562,2052
2026-04-22 17:18:00+00:00,579.3099975585938,579.3099975585938,578.25,578.25,2127
2026-04-22 17:19:00+00:00,578.7349853515625,579.0900268554688,578.3099975585938,579.0900268554688,3018
2026-04-22 17:20:00+00:00,578.6950073242188,578.6950073242188,578.1199951171875,578.125,3839
2026-04-22 17:21:00+00:00,578.7000122070312,579.489990234375,578.7000122070312,579.489990234375,3656
2026-04-22 17:22:00+00:00,579.2999877929688,580.1099853515625,579.2999877929688,579.75,4695
2026-04-22 17:23:00+00:00,580.22998046875,580.5700073242188,580.22998046875,580.5700073242188,1574
2026-04-22 17:24:00+00:00,580.5599975585938,580.6900024414062,580.5599975585938,580.6599731445312,1774
2026-04-22 17:25:00+00:00,580.5750122070312,580.892578125,580.25,580.25,5426
2026-04-22 17:26:00+00:00,580.4600219726562,580.4650268554688,580.2249755859375,580.2249755859375,2311
2026-04-22 17:27:00+00:00,580.3350219726562,580.530029296875,580.2440185546875,580.4099731445312,2461
2026-04-22 17:28:00+00:00,580.4099731445312,580.4099731445312,579.3300170898438,579.330078125,5692
2026-04-22 17:29:00+00:00,579.8250122070312,580.3200073242188,579.7100219726562,580.0050048828125,2090
2026-04-22 17:30:00+00:00,580.1699829101562,580.3900146484375,580.0999755859375,580.2449951171875,4190
2026-04-22 17:31:00+00:00,580.489990234375,580.489990234375,579.7999877929688,579.7999877929688,4710
2026-04-22 17:32:00+00:00,579.907470703125,580.1799926757812,579.8599853515625,580.0,2621
2026-04-22 17:33:00+00:00,579.5800170898438,579.9099731445312,579.4000244140625,579.9099731445312,4030
2026-04-22 17:34:00+00:00,580.4699096679688,580.6699829101562,580.35498046875,580.5806274414062,3887
2026-04-22 17:35:00+00:00,580.5499877929688,581.4500122070312,580.5399780273438,581.2316284179688,6145
2026-04-22 17:36:00+00:00,581.239990234375,581.239990234375,580.1199951171875,580.3099975585938,9307
2026-04-22 17:37:00+00:00,580.239990234375,580.239990234375,580.239990234375,580.239990234375,1610
2026-04-22 17:38:00+00:00,580.239990234375,580.239990234375,579.8599853515625,579.875,2117
2026-04-22 17:39:00+00:00,579.6599731445312,579.6799926757812,578.6599731445312,578.864990234375,4529
2026-04-22 17:40:00+00:00,578.875,579.1849975585938,578.875,579.1724853515625,3841
2026-04-22 17:41:00+00:00,579.1749877929688,579.1749877929688,579.1749877929688,579.1749877929688,986
2026-04-22 17:42:00+00:00,579.1749877929688,579.1849975585938,579.1749877929688,579.1849975585938,1030
2026-04-22 17:43:00+00:00,579.47998046875,579.47998046875,579.1900024414062,579.405029296875,2043
2026-04-22 17:44:00+00:00,579.405029296875,579.6199951171875,579.1900024414062,579.4450073242188,8495
2026-04-22 17:45:00+00:00,579.4400024414062,579.4500122070312,579.2642822265625,579.4500122070312,1842
2026-04-22 17:46:00+00:00,579.5,579.5,579.0999755859375,579.1300048828125,2861
2026-04-22 17:47:00+00:00,579.0,579.0,578.1300048828125,578.8099975585938,11381
2026-04-22 17:48:00+00:00,578.715576171875,578.89501953125,578.3499755859375,578.8099975585938,2894
2026-04-22 17:49:00+00:00,578.7775268554688,578.8125,578.6799926757812,578.6799926757812,665
2026-04-22 17:50:00+00:00,578.6799926757812,578.6799926757812,578.6699829101562,578.6699829101562,1490
2026-04-22 17:51:00+00:00,578.6649780273438,578.6649780273438,577.9349975585938,577.9349975585938,6234
2026-04-22 17:52:00+00:00,577.9249877929688,577.9249877929688,577.7150268554688,577.7150268554688,2350
2026-04-22 17:53:00+00:00,577.9199829101562,577.9199829101562,577.8099975585938,577.8099975585938,3090
2026-04-22 17:54:00+00:00,577.989990234375,578.0650024414062,577.5499877929688,577.75,4454
2026-04-22 17:55:00+00:00,577.75,577.75,576.7899780273438,576.8049926757812,5003
2026-04-22 17:56:00+00:00,577.2100219726562,577.3499145507812,576.2987060546875,576.8049926757812,2681
2026-04-22 17:57:00+00:00,577.25,577.4949951171875,577.25,577.4949951171875,2188
2026-04-22 17:58:00+00:00,577.4924926757812,577.969970703125,577.4924926757812,577.5999755859375,5423
2026-04-22 17:59:00+00:00,577.5900268554688,577.9600219726562,577.5900268554688,577.9600219726562,1122
2026-04-22 18:00:00+00:00,577.6199951171875,577.6300048828125,577.6199951171875,577.6300048828125,1704
2026-04-22 18:01:00+00:00,577.3900146484375,577.5250244140625,577.1799926757812,577.5250244140625,2015
2026-04-22 18:02:00+00:00,577.5250244140625,577.6060791015625,577.5250244140625,577.6060791015625,2018
2026-04-22 18:03:00+00:00,577.5250244140625,577.5250244140625,576.4301147460938,576.4301147460938,6169
2026-04-22 18:04:00+00:00,576.8499755859375,576.8499755859375,576.3400268554688,576.3400268554688,3439
2026-04-22 18:05:00+00:00,576.4349975585938,576.4425048828125,576.4349975585938,576.4425048828125,4296
2026-04-22 18:06:00+00:00,576.25,576.4149780273438,576.25,576.4099731445312,1825
2026-04-22 18:07:00+00:00,576.4099731445312,576.4099731445312,575.719970703125,576.0250244140625,3065
2026-04-22 18:08:00+00:00,575.9000244140625,576.1300048828125,575.9000244140625,576.1300048828125,2587
2026-04-22 18:09:00+00:00,576.114990234375,576.114990234375,575.6900024414062,575.8300170898438,3514
2026-04-22 18:10:00+00:00,575.85498046875,577.1699829101562,575.85498046875,576.8699951171875,6299
2026-04-22 18:11:00+00:00,576.864990234375,576.864990234375,576.864990234375,576.864990234375,1033
2026-04-22 18:12:00+00:00,576.864990234375,577.2650146484375,576.864990234375,577.260009765625,1514
2026-04-22 18:13:00+00:00,577.0,577.260009765625,576.5900268554688,576.5900268554688,3491
2026-04-22 18:14:00+00:00,576.72998046875,576.72998046875,576.72998046875,576.72998046875,639
2026-04-22 18:15:00+00:00,576.72998046875,576.72998046875,576.72998046875,576.72998046875,404
2026-04-22 18:16:00+00:00,576.72998046875,576.7899780273438,576.7249755859375,576.7249755859375,1656
2026-04-22 18:17:00+00:00,576.655029296875,576.655029296875,576.4099731445312,576.4099731445312,2194
2026-04-22 18:18:00+00:00,576.3571166992188,576.760009765625,576.3571166992188,576.719970703125,1631
2026-04-22 18:19:00+00:00,576.9299926757812,577.030029296875,576.7921752929688,576.9600219726562,1678
2026-04-22 18:20:00+00:00,576.7849731445312,576.9600219726562,576.7849731445312,576.9600219726562,1150
2026-04-22 18:21:00+00:00,576.9600219726562,576.9600219726562,576.4401245117188,576.6649780273438,3011
2026-04-22 18:22:00+00:00,576.6649780273438,576.6768798828125,576.3350219726562,576.3350219726562,2940
2026-04-22 18:23:00+00:00,576.3350219726562,576.3350219726562,575.989990234375,576.1649780273438,3855
2026-04-22 18:24:00+00:00,576.3900146484375,576.72998046875,576.3800048828125,576.6900024414062,1591
2026-04-22 18:25:00+00:00,576.39501953125,576.4500122070312,576.39501953125,576.4500122070312,1677
2026-04-22 18:26:00+00:00,577.1400146484375,577.260009765625,576.7000122070312,576.7000122070312,3097
2026-04-22 18:27:00+00:00,576.6599731445312,576.7750244140625,576.47998046875,576.719970703125,2096
2026-04-22 18:28:00+00:00,576.719970703125,576.7249755859375,576.2999877929688,576.719970703125,2480
2026-04-22 18:29:00+00:00,576.7249755859375,576.7249755859375,576.7249755859375,576.7249755859375,826
2026-04-22 18:30:00+00:00,576.6599731445312,577.0,576.39599609375,576.6500244140625,3044
2026-04-22 18:31:00+00:00,576.6500244140625,576.6500244140625,576.6500244140625,576.6500244140625,559
2026-04-22 18:32:00+00:00,576.7949829101562,576.7949829101562,576.7849731445312,576.7849731445312,1738
2026-04-22 18:33:00+00:00,577.22998046875,577.4400024414062,576.9324951171875,576.9550170898438,4929
2026-04-22 18:34:00+00:00,576.9550170898438,576.9550170898438,576.3599853515625,576.4199829101562,1902
2026-04-22 18:35:00+00:00,576.0700073242188,576.4249877929688,576.0700073242188,576.4249877929688,1827
2026-04-22 18:36:00+00:00,576.4249877929688,576.4249877929688,576.0,576.260009765625,4704
2026-04-22 18:37:00+00:00,576.2849731445312,576.6199951171875,576.219970703125,576.4500122070312,6171
2026-04-22 18:38:00+00:00,576.5150146484375,576.8200073242188,576.5,576.739990234375,2918
2026-04-22 18:39:00+00:00,576.7000122070312,576.7000122070312,576.7000122070312,576.7000122070312,493
2026-04-22 18:40:00+00:00,576.7208251953125,576.7208251953125,576.5999755859375,576.5999755859375,2080
2026-04-22 18:41:00+00:00,576.7550048828125,576.8074951171875,575.780029296875,576.0599975585938,7137
2026-04-22 18:42:00+00:00,576.3150024414062,576.7100219726562,576.3150024414062,576.52001953125,3104
2026-04-22 18:43:00+00:00,576.489990234375,576.6699829101562,576.3300170898438,576.6699829101562,1116
2026-04-22 18:44:00+00:00,576.219970703125,576.3200073242188,576.0549926757812,576.0549926757812,2797
2026-04-22 18:45:00+00:00,576.0499877929688,576.719970703125,576.0449829101562,576.719970703125,4712
2026-04-22 18:46:00+00:00,576.7000122070312,576.9249877929688,576.7000122070312,576.9249877929688,1815
2026-04-22 18:47:00+00:00,576.97998046875,577.0050048828125,576.6500244140625,577.0050048828125,1853
2026-04-22 18:48:00+00:00,577.010009765625,577.010009765625,576.47998046875,576.7349853515625,3071
2026-04-22 18:49:00+00:00,576.6599731445312,576.989990234375,576.5908813476562,576.72998046875,4689
2026-04-22 18:50:00+00:00,576.5999755859375,576.5999755859375,576.2100219726562,576.3599853515625,3174
2026-04-22 18:51:00+00:00,576.3599853515625,576.5800170898438,576.3599853515625,576.5650024414062,2602
2026-04-22 18:52:00+00:00,576.4550170898438,576.469970703125,576.4500122070312,576.469970703125,1262
2026-04-22 18:53:00+00:00,576.760009765625,576.760009765625,576.7249755859375,576.7249755859375,1877
2026-04-22 18:54:00+00:00,576.5,577.3599853515625,576.5,576.75,9229
2026-04-22 18:55:00+00:00,576.75,576.8599853515625,576.0,576.4400024414062,3275
2026-04-22 18:56:00+00:00,576.4400024414062,576.4400024414062,575.469970703125,576.0399780273438,3131
2026-04-22 18:57:00+00:00,576.0399780273438,576.6099243164062,576.0399780273438,576.1099853515625,2230
2026-04-22 18:58:00+00:00,575.7100219726562,576.1599731445312,575.7100219726562,576.1599731445312,2573
2026-04-22 18:59:00+00:00,575.7100830078125,576.4547729492188,575.469970703125,575.8200073242188,5546
2026-04-22 19:00:00+00:00,575.8200073242188,575.8200073242188,574.0,574.385009765625,18857
2026-04-22 19:01:00+00:00,574.385009765625,574.385009765625,573.6799926757812,573.9650268554688,6582
2026-04-22 19:02:00+00:00,574.1900024414062,574.8250122070312,573.0999755859375,573.780029296875,8194
2026-04-22 19:03:00+00:00,573.780029296875,574.239990234375,573.72998046875,574.239990234375,4113
2026-04-22 19:04:00+00:00,574.5161743164062,574.8400268554688,573.8499755859375,574.4749755859375,2565
2026-04-22 19:05:00+00:00,574.5599975585938,575.3300170898438,574.10400390625,574.8900146484375,2735
2026-04-22 19:06:00+00:00,575.1099853515625,575.4600219726562,574.9749755859375,575.4400024414062,2492
2026-04-22 19:07:00+00:00,575.0,576.139892578125,575.0,576.139892578125,2784
2026-04-22 19:08:00+00:00,575.2999877929688,575.5150146484375,575.1599731445312,575.5150146484375,1529
2026-04-22 19:09:00+00:00,575.375,575.8599853515625,575.375,575.6799926757812,1218
2026-04-22 19:10:00+00:00,575.989990234375,575.989990234375,575.219970703125,575.219970703125,2258
2026-04-22 19:11:00+00:00,575.385009765625,575.385009765625,574.8499755859375,575.3825073242188,2394
2026-04-22 19:12:00+00:00,575.3599853515625,575.77001953125,575.3599853515625,575.77001953125,1845
2026-04-22 19:13:00+00:00,575.639404296875,576.239990234375,575.5599975585938,576.1699829101562,3945
2026-04-22 19:14:00+00:00,576.5399780273438,576.8599853515625,576.5399780273438,576.8599853515625,3569
2026-04-22 19:15:00+00:00,576.60009765625,576.9498901367188,576.344970703125,576.344970703125,12490
2026-04-22 19:16:00+00:00,576.344970703125,576.344970703125,575.6699829101562,575.77001953125,2887
2026-04-22 19:17:00+00:00,575.780029296875,576.4240112304688,575.780029296875,576.4199829101562,4118
2026-04-22 19:18:00+00:00,576.4199829101562,576.6099853515625,576.02001953125,576.4199829101562,4076
2026-04-22 19:19:00+00:00,576.3699951171875,576.719970703125,576.3699951171875,576.6500244140625,1790
2026-04-22 19:20:00+00:00,576.3400268554688,576.4600219726562,576.25,576.2899780273438,5594
2026-04-22 19:21:00+00:00,576.385009765625,576.385009765625,576.093017578125,576.3800048828125,1742
2026-04-22 19:22:00+00:00,576.3800048828125,576.3800048828125,575.6849975585938,575.6849975585938,4489
2026-04-22 19:23:00+00:00,575.340087890625,575.7050170898438,575.3049926757812,575.6099853515625,4460
2026-04-22 19:24:00+00:00,575.510009765625,575.5900268554688,575.3049926757812,575.3049926757812,1867
2026-04-22 19:25:00+00:00,575.4000244140625,576.010009765625,575.1900024414062,575.89501953125,5544
2026-04-22 19:26:00+00:00,575.7750244140625,575.97998046875,575.530029296875,575.5850219726562,3304
2026-04-22 19:27:00+00:00,575.2100830078125,575.5850219726562,575.0900268554688,575.4299926757812,4392
2026-04-22 19:28:00+00:00,575.4299926757812,575.4299926757812,575.2022705078125,575.4000244140625,2068
2026-04-22 19:29:00+00:00,575.3400268554688,575.4450073242188,575.0,575.0,4443
2026-04-22 19:30:00+00:00,575.114990234375,575.114990234375,574.02001953125,574.39501953125,5740
2026-04-22 19:31:00+00:00,574.4199829101562,575.5,574.4199829101562,575.0549926757812,5691
2026-04-22 19:32:00+00:00,575.0549926757812,576.3699951171875,575.0549926757812,576.02001953125,6856
2026-04-22 19:33:00+00:00,576.3599853515625,576.8699951171875,576.3428955078125,576.3428955078125,4564
2026-04-22 19:34:00+00:00,576.7999877929688,576.7999877929688,576.7999877929688,576.7999877929688,731
2026-04-22 19:35:00+00:00,576.5250244140625,577.1799926757812,576.3499755859375,576.7249755859375,7843
2026-04-22 19:36:00+00:00,576.7249755859375,576.8150024414062,576.6400146484375,576.8150024414062,1509
2026-04-22 19:37:00+00:00,576.8150024414062,576.9299926757812,576.7000122070312,576.875,2477
2026-04-22 19:38:00+00:00,576.9299926757812,577.0800170898438,576.719970703125,577.0800170898438,3397
2026-04-22 19:39:00+00:00,577.2100219726562,577.72998046875,576.8699951171875,576.9650268554688,8418
2026-04-22 19:40:00+00:00,576.8350219726562,577.030029296875,576.8350219726562,576.9199829101562,3251
2026-04-22 19:41:00+00:00,576.85498046875,577.1400146484375,576.85498046875,577.1400146484375,4667
2026-04-22 19:42:00+00:00,577.22998046875,577.4749755859375,577.219970703125,577.4749755859375,3432
2026-04-22 19:43:00+00:00,577.5,578.0,577.5,577.9998779296875,7622
2026-04-22 19:44:00+00:00,577.5844116210938,578.2990112304688,577.5844116210938,578.2100219726562,9238
2026-04-22 19:45:00+00:00,577.97998046875,578.2100219726562,577.7000732421875,578.0,5245
2026-04-22 19:46:00+00:00,578.27001953125,578.4349975585938,578.27001953125,578.4000244140625,2164
2026-04-22 19:47:00+00:00,578.375,578.5999755859375,578.22998046875,578.5800170898438,3588
2026-04-22 19:48:00+00:00,578.3300170898438,578.489990234375,578.3250122070312,578.3300170898438,2664
2026-04-22 19:49:00+00:00,578.3300170898438,578.3300170898438,577.9130859375,578.125,4508
2026-04-22 19:50:00+00:00,578.6300048828125,578.6400146484375,577.9299926757812,578.530029296875,10131
2026-04-22 19:51:00+00:00,578.6300048828125,579.1199951171875,578.6300048828125,578.6300048828125,6843
2026-04-22 19:52:00+00:00,578.52001953125,578.5499877929688,578.17822265625,578.4249877929688,4315
2026-04-22 19:53:00+00:00,578.4600219726562,579.0,578.276611328125,578.989990234375,6596
2026-04-22 19:54:00+00:00,579.2100219726562,579.2100219726562,578.5499877929688,578.72998046875,13440
2026-04-22 19:55:00+00:00,578.5599975585938,579.1900024414062,578.0574951171875,578.0850219726562,18659
2026-04-22 19:56:00+00:00,578.0850219726562,578.9400024414062,577.989990234375,578.9400024414062,14807
2026-04-22 19:57:00+00:00,578.6849975585938,579.989990234375,578.6849975585938,579.9099731445312,20205
2026-04-22 19:58:00+00:00,579.7899780273438,580.0,579.5999755859375,579.8099975585938,26043
2026-04-22 19:59:00+00:00,579.780029296875,579.97998046875,579.4000244140625,579.8699951171875,57639
2026-04-23 13:30:00+00:00,574.5800170898438,575.9600219726562,573.030029296875,574.3463745117188,73655
2026-04-23 13:31:00+00:00,574.280029296875,575.3400268554688,573.030029296875,574.6900024414062,9997
2026-04-23 13:32:00+00:00,574.3699951171875,575.8549194335938,574.3400268554688,574.5150146484375,6649
2026-04-23 13:33:00+00:00,575.1799926757812,575.4099731445312,574.5599975585938,574.5599975585938,2059
2026-04-23 13:34:00+00:00,574.0999755859375,574.3099975585938,573.0100708007812,574.2999877929688,4927
2026-04-23 13:35:00+00:00,574.0599975585938,576.0999755859375,574.0599975585938,574.7899780273438,13053
2026-04-23 13:36:00+00:00,575.9000244140625,576.780029296875,574.1699829101562,575.780029296875,6087
2026-04-23 13:37:00+00:00,574.7249755859375,575.1199951171875,573.2999877929688,574.6199951171875,6424
2026-04-23 13:38:00+00:00,575.27001953125,577.4299926757812,575.1699829101562,577.2999877929688,5606
2026-04-23 13:39:00+00:00,575.5900268554688,576.27001953125,575.5900268554688,575.6799926757812,5371
2026-04-23 13:40:00+00:00,577.1799926757812,577.760009765625,576.2249755859375,577.739990234375,10188
2026-04-23 13:41:00+00:00,578.030029296875,579.364990234375,577.8400268554688,579.0,7266
2026-04-23 13:42:00+00:00,579.0501098632812,581.0999755859375,579.0501098632812,580.6799926757812,10596
2026-04-23 13:43:00+00:00,581.2670288085938,583.0598754882812,581.2670288085938,581.7999877929688,10981
2026-04-23 13:44:00+00:00,582.010009765625,583.2299194335938,581.219970703125,581.4500122070312,5893
2026-04-23 13:45:00+00:00,581.1799926757812,581.3499755859375,580.25,580.3825073242188,10785
2026-04-23 13:46:00+00:00,580.260009765625,580.260009765625,577.77001953125,577.77001953125,8245
2026-04-23 13:47:00+00:00,577.4500122070312,579.782470703125,577.4500122070312,579.3049926757812,14683
2026-04-23 13:48:00+00:00,579.3099975585938,580.2000122070312,578.6649780273438,580.114990234375,14558
2026-04-23 13:49:00+00:00,580.114990234375,582.0,579.75,581.2999877929688,3287
2026-04-23 13:50:00+00:00,581.010009765625,583.719970703125,580.4600830078125,582.3049926757812,9087
2026-04-23 13:51:00+00:00,584.0,587.2598266601562,584.0,586.02001953125,24331
2026-04-23 13:52:00+00:00,586.510009765625,588.8770141601562,586.510009765625,587.5599975585938,12541
2026-04-23 13:53:00+00:00,587.5599975585938,589.280029296875,587.5599975585938,587.5900268554688,10855
2026-04-23 13:54:00+00:00,587.510009765625,587.719970703125,587.0,587.0,7255
2026-04-23 13:55:00+00:00,588.0999755859375,588.0999755859375,587.3200073242188,588.0,5932
2026-04-23 13:56:00+00:00,588.0999755859375,588.2249755859375,585.0300903320312,585.0300903320312,16612
2026-04-23 13:57:00+00:00,586.969970703125,587.9600219726562,584.9400024414062,586.9400024414062,5735
2026-04-23 13:58:00+00:00,587.14501953125,587.7000122070312,585.7800903320312,586.7000122070312,8414
2026-04-23 13:59:00+00:00,586.489990234375,588.0,586.489990234375,587.3300170898438,7323
2026-04-23 14:00:00+00:00,587.6900024414062,587.6900024414062,586.780029296875,586.780029296875,3468
2026-04-23 14:01:00+00:00,586.1400146484375,586.6400146484375,584.4600219726562,585.530029296875,11585
2026-04-23 14:02:00+00:00,586.0999755859375,586.0999755859375,583.830078125,585.780029296875,9626
2026-04-23 14:03:00+00:00,586.0599975585938,587.25,585.2401123046875,586.6300048828125,13383
2026-04-23 14:04:00+00:00,587.1500244140625,587.5,586.9849853515625,587.0,10658
2026-04-23 14:05:00+00:00,588.0,588.0,586.7999877929688,587.4849853515625,4271
2026-04-23 14:06:00+00:00,587.969970703125,588.6300048828125,586.5999755859375,586.7750244140625,10745
2026-04-23 14:07:00+00:00,586.7750244140625,589.4000244140625,586.5,589.4000244140625,18374
2026-04-23 14:08:00+00:00,588.8900146484375,590.1599731445312,588.52001953125,589.5850219726562,24058
2026-04-23 14:09:00+00:00,590.0700073242188,591.239990234375,590.0,591.22998046875,22129
2026-04-23 14:10:00+00:00,590.25,591.0900268554688,588.989990234375,591.0900268554688,11905
2026-04-23 14:11:00+00:00,589.313720703125,590.1699829101562,589.0,590.1699829101562,18660
2026-04-23 14:12:00+00:00,590.6898803710938,590.6900024414062,589.85498046875,590.6400146484375,1940
2026-04-23 14:13:00+00:00,590.0499877929688,591.6950073242188,589.9749755859375,590.9782104492188,9825
2026-04-23 14:14:00+00:00,590.9650268554688,590.9650268554688,587.5,589.139892578125,15213
2026-04-23 14:15:00+00:00,589.0999755859375,590.8099975585938,587.719970703125,589.9400024414062,15156
2026-04-23 14:16:00+00:00,590.0,590.7999877929688,589.22998046875,590.0650024414062,10606
2026-04-23 14:17:00+00:00,590.3900146484375,591.4600219726562,589.7000122070312,590.5499877929688,31851
2026-04-23 14:18:00+00:00,591.0150146484375,591.0150146484375,589.280029296875,589.5800170898438,16540
2026-04-23 14:19:00+00:00,589.4600219726562,591.0800170898438,589.1500244140625,590.6500244140625,11836
2026-04-23 14:20:00+00:00,591.0,592.0,590.7249755859375,591.655029296875,10353
2026-04-23 14:21:00+00:00,592.0,592.9498901367188,591.9600219726562,592.9498901367188,11639
2026-04-23 14:22:00+00:00,592.8300170898438,593.739990234375,592.760009765625,593.4400024414062,10756
2026-04-23 14:23:00+00:00,593.4400024414062,594.5,593.4400024414062,594.5,8025
2026-04-23 14:24:00+00:00,594.2100219726562,596.0,593.9298095703125,595.5850219726562,21254
2026-04-23 14:25:00+00:00,596.0,596.2000122070312,594.5,595.5,23567
2026-04-23 14:26:00+00:00,595.5800170898438,597.5,595.4299926757812,597.5,12498
2026-04-23 14:27:00+00:00,597.375,597.5,594.3099975585938,594.5,10230
2026-04-23 14:28:00+00:00,595.5449829101562,595.5449829101562,594.4299926757812,594.5999755859375,4547
2026-04-23 14:29:00+00:00,594.5599975585938,594.64990234375,593.5800170898438,593.969970703125,17086
2026-04-23 14:30:00+00:00,594.3599853515625,596.2100219726562,594.330078125,596.0,8545
2026-04-23 14:31:00+00:00,594.9600219726562,596.4849853515625,594.260009765625,596.0900268554688,8593
2026-04-23 14:32:00+00:00,596.239990234375,598.0,596.239990234375,598.0,10266
2026-04-23 14:33:00+00:00,597.7249755859375,598.219970703125,597.1300048828125,598.219970703125,23133
2026-04-23 14:34:00+00:00,597.9099731445312,598.8200073242188,597.489990234375,597.8800048828125,15270
2026-04-23 14:35:00+00:00,598.219970703125,598.219970703125,596.291015625,597.4400024414062,9516
2026-04-23 14:36:00+00:00,597.6950073242188,599.010009765625,597.6950073242188,598.8699951171875,22213
2026-04-23 14:37:00+00:00,598.8699951171875,599.989990234375,598.739990234375,599.6304931640625,21686
2026-04-23 14:38:00+00:00,599.7249755859375,600.5,597.6801147460938,597.6801147460938,39505
2026-04-23 14:39:00+00:00,597.0999755859375,597.2000122070312,596.1500244140625,596.7449951171875,8608
2026-04-23 14:40:00+00:00,597.0,597.2000122070312,595.5399780273438,595.6649780273438,13764
2026-04-23 14:41:00+00:00,595.6649780273438,596.3200073242188,595.22998046875,595.5399780273438,3599
2026-04-23 14:42:00+00:00,595.0999755859375,595.337890625,594.27001953125,594.5,8924
2026-04-23 14:43:00+00:00,594.9400024414062,594.9400024414062,593.4400024414062,594.5,13782
2026-04-23 14:44:00+00:00,594.989990234375,595.635009765625,594.2150268554688,594.2150268554688,6377
2026-04-23 14:45:00+00:00,594.1701049804688,594.9945068359375,594.0150146484375,594.530029296875,8331
2026-04-23 14:46:00+00:00,594.3300170898438,594.3300170898438,594.010009765625,594.010009765625,3772
2026-04-23 14:47:00+00:00,593.4650268554688,594.1300048828125,593.0001220703125,593.8400268554688,8970
2026-04-23 14:48:00+00:00,593.489990234375,594.1099853515625,593.4400024414062,593.4400024414062,4304
2026-04-23 14:49:00+00:00,593.4310302734375,594.779296875,593.3250122070312,594.779296875,6026
2026-04-23 14:50:00+00:00,593.0,593.8900146484375,592.9400024414062,593.8800048828125,8863
2026-04-23 14:51:00+00:00,593.3400268554688,594.1799926757812,593.3400268554688,594.1799926757812,2197
2026-04-23 14:52:00+00:00,594.3200073242188,596.1599731445312,594.0,594.9349975585938,11677
2026-04-23 14:53:00+00:00,595.4099731445312,595.7899780273438,595.010009765625,595.75,5305
2026-04-23 14:54:00+00:00,595.010009765625,596.2999877929688,594.47998046875,596.2999877929688,6869
2026-04-23 14:55:00+00:00,595.6099853515625,597.7100219726562,595.6099853515625,597.4000244140625,14375
2026-04-23 14:56:00+00:00,597.5399780273438,598.0,596.2650146484375,596.2650146484375,19258
2026-04-23 14:57:00+00:00,596.8400268554688,598.5599975585938,596.77001953125,598.5599975585938,6445
2026-04-23 14:58:00+00:00,598.5399780273438,598.659912109375,597.7750244140625,598.6199951171875,7140
2026-04-23 14:59:00+00:00,598.5850219726562,598.9749755859375,598.4500122070312,598.8699951171875,10195
2026-04-23 15:00:00+00:00,598.8900146484375,598.989990234375,598.4949951171875,598.5750122070312,9288
2026-04-23 15:01:00+00:00,598.9299926757812,598.9299926757812,598.0499877929688,598.5999755859375,12562
2026-04-23 15:02:00+00:00,598.0499877929688,598.510009765625,598.0499877929688,598.0549926757812,4984
2026-04-23 15:03:00+00:00,598.5999755859375,600.9199829101562,598.5999755859375,600.5150146484375,15221
2026-04-23 15:04:00+00:00,601.0,601.4949951171875,600.1699829101562,600.1699829101562,6670
2026-04-23 15:05:00+00:00,599.5560302734375,601.3400268554688,599.4100952148438,601.3400268554688,5979
2026-04-23 15:06:00+00:00,601.4500122070312,601.47998046875,600.2548217773438,600.655029296875,2620
2026-04-23 15:07:00+00:00,600.655029296875,600.655029296875,599.1900024414062,599.1900024414062,13071
2026-04-23 15:08:00+00:00,599.2899780273438,600.1024780273438,598.9500122070312,598.9500122070312,5363
2026-04-23 15:09:00+00:00,599.594970703125,601.4000244140625,599.594970703125,600.7150268554688,3940
2026-04-23 15:10:00+00:00,600.7150268554688,601.2066040039062,600.030029296875,600.5050048828125,10170
2026-04-23 15:11:00+00:00,600.280029296875,600.510009765625,600.280029296875,600.4000244140625,1636
2026-04-23 15:12:00+00:00,600.489990234375,601.1900024414062,600.0800170898438,601.1099853515625,6315
2026-04-23 15:13:00+00:00,600.97998046875,601.47998046875,600.9000244140625,601.469970703125,7201
2026-04-23 15:14:00+00:00,601.1900024414062,602.0,600.9981079101562,601.7147827148438,14544
2026-04-23 15:15:00+00:00,600.9000244140625,600.9249877929688,600.510009765625,600.510009765625,5791
2026-04-23 15:16:00+00:00,600.5050048828125,600.97998046875,600.0300903320312,600.5050048828125,6569
2026-04-23 15:17:00+00:00,600.5,600.97998046875,600.364990234375,600.4525146484375,11090
2026-04-23 15:18:00+00:00,600.7100219726562,601.7025146484375,600.6900024414062,601.3800048828125,4813
2026-04-23 15:19:00+00:00,601.5800170898438,603.0,601.5800170898438,603.0,10157
2026-04-23 15:20:00+00:00,602.8499755859375,603.4885864257812,602.7999877929688,603.0399780273438,10863
2026-04-23 15:21:00+00:00,603.4400024414062,603.8400268554688,603.0,603.8400268554688,9824
2026-04-23 15:22:00+00:00,603.8900146484375,605.4000244140625,603.8900146484375,604.9000244140625,17022
2026-04-23 15:23:00+00:00,604.9000244140625,605.3151245117188,604.4500122070312,605.0,9978
2026-04-23 15:24:00+00:00,604.7000122070312,606.469970703125,604.7000122070312,605.3453979492188,15251
2026-04-23 15:25:00+00:00,605.4000244140625,605.739990234375,605.0399780273438,605.72998046875,7677
2026-04-23 15:26:00+00:00,605.9099731445312,605.9500122070312,604.5499877929688,605.1500244140625,13817
2026-04-23 15:27:00+00:00,605.0999755859375,605.7899780273438,604.9625244140625,605.7899780273438,5077
2026-04-23 15:28:00+00:00,605.719970703125,606.1500244140625,605.0850219726562,605.25,7207
2026-04-23 15:29:00+00:00,605.25,605.5,604.6500244140625,604.6500244140625,9507
2026-04-23 15:30:00+00:00,604.344970703125,604.739990234375,603.52001953125,604.7100219726562,11422
2026-04-23 15:31:00+00:00,604.844970703125,606.0,604.6799926757812,605.8400268554688,5738
2026-04-23 15:32:00+00:00,605.5499877929688,606.469970703125,605.4400024414062,606.469970703125,9215
2026-04-23 15:33:00+00:00,606.3499755859375,607.0900268554688,606.0900268554688,606.0900268554688,8662
2026-04-23 15:34:00+00:00,606.4500122070312,606.60498046875,605.609619140625,605.8599853515625,4404
2026-04-23 15:35:00+00:00,605.7999877929688,605.9500122070312,605.0,605.9500122070312,13832
2026-04-23 15:36:00+00:00,605.5,606.14501953125,605.5,605.5,5856
2026-04-23 15:37:00+00:00,605.8300170898438,605.8400268554688,605.0800170898438,605.719970703125,5459
2026-04-23 15:38:00+00:00,605.9990234375,606.5,605.8900146484375,606.4500122070312,6617
2026-04-23 15:39:00+00:00,606.8800048828125,607.02001953125,606.530029296875,606.530029296875,4846
2026-04-23 15:40:00+00:00,606.7000122070312,607.0900268554688,606.3599853515625,607.0900268554688,3191
2026-04-23 15:41:00+00:00,607.0900268554688,607.8900146484375,606.4201049804688,607.6599731445312,10197
2026-04-23 15:42:00+00:00,607.5399780273438,607.5399780273438,605.3200073242188,605.4650268554688,16315
2026-04-23 15:43:00+00:00,605.4650268554688,605.905517578125,604.7100219726562,604.7100219726562,17820
2026-04-23 15:44:00+00:00,604.5,604.6900024414062,603.3599853515625,604.135498046875,10497
2026-04-23 15:45:00+00:00,604.0,604.1799926757812,602.6400146484375,603.1400146484375,6154
2026-04-23 15:46:00+00:00,602.989990234375,603.3098754882812,602.1749877929688,602.1749877929688,3415
2026-04-23 15:47:00+00:00,602.5700073242188,602.9099731445312,602.4099731445312,602.6500244140625,4734
2026-04-23 15:48:00+00:00,603.0,603.8198852539062,602.614990234375,602.8317260742188,6065
2026-04-23 15:49:00+00:00,602.3699951171875,602.52001953125,601.6033935546875,601.8900146484375,4064
2026-04-23 15:50:00+00:00,601.5,601.72998046875,601.0,601.72998046875,6361
2026-04-23 15:51:00+00:00,601.2999877929688,602.0499877929688,601.2999877929688,602.0499877929688,4812
2026-04-23 15:52:00+00:00,601.6950073242188,601.7050170898438,600.780029296875,600.780029296875,5003
2026-04-23 15:53:00+00:00,600.530029296875,601.0999755859375,599.0,599.0001220703125,8321
2026-04-23 15:54:00+00:00,599.625,599.8599853515625,599.0399780273438,599.7949829101562,25439
2026-04-23 15:55:00+00:00,600.0,600.47998046875,599.6500244140625,600.2899780273438,5315
2026-04-23 15:56:00+00:00,600.6400146484375,601.5,600.6400146484375,600.7000122070312,4171
2026-04-23 15:57:00+00:00,600.97998046875,601.5599975585938,599.9500122070312,601.5599975585938,2745
2026-04-23 15:58:00+00:00,600.7349853515625,601.280029296875,600.260009765625,600.5,7035
2026-04-23 15:59:00+00:00,600.5,600.72998046875,598.0,598.6699829101562,8698
2026-04-23 16:00:00+00:00,598.9199829101562,599.0,597.0599975585938,597.8250122070312,11134
2026-04-23 16:01:00+00:00,597.3200073242188,598.510009765625,597.3200073242188,597.8300170898438,10908
2026-04-23 16:02:00+00:00,598.0599975585938,598.8699951171875,597.0,597.6799926757812,12940
2026-04-23 16:03:00+00:00,597.0,597.9000244140625,596.2999877929688,596.9299926757812,16840
2026-04-23 16:04:00+00:00,596.25341796875,597.0700073242188,595.0,595.489990234375,12860
2026-04-23 16:05:00+00:00,595.489990234375,595.7899780273438,594.9299926757812,595.489990234375,10472
2026-04-23 16:06:00+00:00,595.2000122070312,596.47998046875,595.2000122070312,596.4749755859375,7583
2026-04-23 16:07:00+00:00,596.7100219726562,596.7100219726562,596.2550048828125,596.7100219726562,2518
2026-04-23 16:08:00+00:00,596.7100219726562,597.260009765625,595.0599975585938,595.5,16036
2026-04-23 16:09:00+00:00,596.0,596.3150024414062,595.4299926757812,596.239990234375,6145
2026-04-23 16:10:00+00:00,596.409912109375,596.8499755859375,596.3300170898438,596.8499755859375,3365
2026-04-23 16:11:00+00:00,597.25,597.25,595.3099975585938,596.0800170898438,11194
2026-04-23 16:12:00+00:00,595.7750244140625,596.530029296875,595.7100219726562,596.530029296875,4055
2026-04-23 16:13:00+00:00,595.864990234375,596.8099975585938,595.864990234375,596.8099975585938,3600
2026-04-23 16:14:00+00:00,596.9600219726562,597.1199951171875,596.8400268554688,597.1199951171875,2463
2026-04-23 16:15:00+00:00,597.3900146484375,597.9099731445312,597.3900146484375,597.52001953125,6418
2026-04-23 16:16:00+00:00,597.2050170898438,597.5399780273438,596.719970703125,596.719970703125,909
2026-04-23 16:17:00+00:00,597.3150024414062,597.4000244140625,596.1599731445312,597.0999755859375,8320
2026-04-23 16:18:00+00:00,598.0,598.0,597.594970703125,597.594970703125,1733
2026-04-23 16:19:00+00:00,597.5999755859375,597.9998779296875,596.5,596.5,9228
2026-04-23 16:20:00+00:00,597.2999877929688,597.2999877929688,596.0700073242188,596.0700073242188,3842
2026-04-23 16:21:00+00:00,596.4299926757812,597.0,596.0,596.625,4314
2026-04-23 16:22:00+00:00,596.625,596.8400268554688,596.4400024414062,596.4400024414062,2672
2026-04-23 16:23:00+00:00,596.489990234375,596.6699829101562,595.510009765625,595.510009765625,15090
2026-04-23 16:24:00+00:00,596.1649780273438,596.6199951171875,595.760009765625,596.6199951171875,3127
2026-04-23 16:25:00+00:00,596.6199951171875,597.469970703125,596.1649780273438,596.8300170898438,6470
2026-04-23 16:26:00+00:00,597.0700073242188,597.469970703125,596.875,597.405029296875,1976
2026-04-23 16:27:00+00:00,597.47998046875,597.6500244140625,597.1199951171875,597.1199951171875,1843
2026-04-23 16:28:00+00:00,597.6099853515625,598.0599975585938,597.1199951171875,597.8900146484375,3365
2026-04-23 16:29:00+00:00,598.4398803710938,598.4400024414062,597.89501953125,597.89501953125,2588
2026-04-23 16:30:00+00:00,597.8499755859375,598.6900024414062,597.8499755859375,598.4550170898438,5108
2026-04-23 16:31:00+00:00,598.4550170898438,600.4312744140625,598.4550170898438,599.9749755859375,4351
2026-04-23 16:32:00+00:00,600.030029296875,600.030029296875,599.5,599.8099975585938,6554
2026-04-23 16:33:00+00:00,600.0,600.4500122070312,599.8099975585938,600.260009765625,6927
2026-04-23 16:34:00+00:00,600.0700073242188,601.0499267578125,600.0700073242188,600.6400146484375,2784
2026-04-23 16:35:00+00:00,601.0399780273438,601.3699951171875,600.030029296875,601.2100219726562,6909
2026-04-23 16:36:00+00:00,600.5872802734375,600.5872802734375,599.0100708007812,600.0800170898438,3789
2026-04-23 16:37:00+00:00,600.3718872070312,600.5900268554688,599.010009765625,599.010009765625,7197
2026-04-23 16:38:00+00:00,599.8400268554688,600.5999755859375,599.8400268554688,600.5999755859375,2882
2026-04-23 16:39:00+00:00,600.7899780273438,600.7899780273438,599.8817138671875,599.8817138671875,3045
2026-04-23 16:40:00+00:00,599.8574829101562,600.5900268554688,599.8574829101562,600.0900268554688,7196
2026-04-23 16:41:00+00:00,599.969970703125,600.22998046875,598.2000122070312,598.9650268554688,6924
2026-04-23 16:42:00+00:00,599.5999755859375,599.8099975585938,599.0,599.780029296875,2895
2026-04-23 16:43:00+00:00,599.0,599.77001953125,598.219970703125,598.9949951171875,1847
2026-04-23 16:44:00+00:00,598.9949951171875,599.4600219726562,598.219970703125,598.9949951171875,2363
2026-04-23 16:45:00+00:00,598.9949951171875,599.780029296875,598.9949951171875,599.5625,4246
2026-04-23 16:46:00+00:00,599.5599975585938,599.5599975585938,599.4299926757812,599.4299926757812,2842
2026-04-23 16:47:00+00:00,599.469970703125,599.7000122070312,599.1599731445312,599.1599731445312,11645
2026-04-23 16:48:00+00:00,599.2926025390625,599.4600219726562,599.2926025390625,599.4000244140625,1321
2026-04-23 16:49:00+00:00,599.5399780273438,599.64501953125,599.3800048828125,599.5399780273438,9778
2026-04-23 16:50:00+00:00,599.5349731445312,599.8699951171875,599.2000122070312,599.5599975585938,13585
2026-04-23 16:51:00+00:00,599.6599731445312,600.85498046875,599.6599731445312,600.7100219726562,11059
2026-04-23 16:52:00+00:00,600.6300048828125,601.5999145507812,600.469970703125,601.5999145507812,6828
2026-04-23 16:53:00+00:00,602.0399780273438,602.5,601.77001953125,602.0599975585938,1841
2026-04-23 16:54:00+00:00,601.9099731445312,602.4249877929688,601.72998046875,601.94873046875,6848
2026-04-23 16:55:00+00:00,601.6400146484375,601.9149780273438,601.0150146484375,601.0349731445312,4536
2026-04-23 16:56:00+00:00,601.0349731445312,601.1649780273438,600.5001220703125,601.0999755859375,2037
2026-04-23 16:57:00+00:00,601.1649780273438,601.4406127929688,601.1649780273438,601.1649780273438,597
2026-04-23 16:58:00+00:00,601.1649780273438,601.1649780273438,600.8674926757812,600.9450073242188,3224
2026-04-23 16:59:00+00:00,601.0349731445312,601.2999877929688,600.5700073242188,600.5700073242188,1894
2026-04-23 17:00:00+00:00,600.9000244140625,601.8599853515625,600.9000244140625,601.8599853515625,3350
2026-04-23 17:01:00+00:00,602.1900024414062,602.1900024414062,599.9199829101562,599.9199829101562,4236
2026-04-23 17:02:00+00:00,600.5598754882812,600.5598754882812,597.9099731445312,597.9099731445312,7249
2026-04-23 17:03:00+00:00,599.6599731445312,599.6599731445312,597.8377075195312,598.02001953125,2175
2026-04-23 17:04:00+00:00,598.5,598.5,595.9946899414062,596.2899780273438,5558
2026-04-23 17:05:00+00:00,596.3599853515625,596.3599853515625,595.2092895507812,596.0,5246
2026-04-23 17:06:00+00:00,596.0,596.2999877929688,594.0,594.3049926757812,6535
2026-04-23 17:07:00+00:00,595.1527099609375,595.1527099609375,594.3051147460938,594.989990234375,4181
2026-04-23 17:08:00+00:00,595.155029296875,595.700927734375,594.0,594.0,7362
2026-04-23 17:09:00+00:00,594.489990234375,594.5,593.4400024414062,594.0625,4048
2026-04-23 17:10:00+00:00,593.3699951171875,593.5900268554688,592.9500122070312,593.5900268554688,10957
2026-04-23 17:11:00+00:00,593.5599975585938,593.5800170898438,593.0399780273438,593.1950073242188,2854
2026-04-23 17:12:00+00:00,593.8800048828125,594.385009765625,593.0,593.010009765625,11072
2026-04-23 17:13:00+00:00,593.39501953125,593.39501953125,593.3800048828125,593.39501953125,937
2026-04-23 17:14:00+00:00,593.39501953125,595.239990234375,593.39501953125,594.0,4022
2026-04-23 17:15:00+00:00,594.6199951171875,594.6199951171875,593.0,593.4000244140625,3694
2026-04-23 17:16:00+00:00,593.2650146484375,593.4400024414062,591.0042724609375,591.0042724609375,18229
2026-04-23 17:17:00+00:00,591.8499755859375,591.8499755859375,591.260009765625,591.260009765625,7986
2026-04-23 17:18:00+00:00,591.0,591.6500244140625,590.219970703125,591.6500244140625,7480
2026-04-23 17:19:00+00:00,591.5999755859375,591.6900024414062,590.7401123046875,591.344970703125,4107
2026-04-23 17:20:00+00:00,591.4199829101562,591.4199829101562,590.85009765625,591.1500244140625,4270
2026-04-23 17:21:00+00:00,592.010009765625,592.8699951171875,592.010009765625,592.02001953125,3196
2026-04-23 17:22:00+00:00,591.6300048828125,591.6300048828125,590.6375122070312,591.3099975585938,7690
2026-04-23 17:23:00+00:00,591.510009765625,592.5800170898438,591.510009765625,591.8599853515625,5901
2026-04-23 17:24:00+00:00,591.4500122070312,591.510009765625,591.4500122070312,591.4500122070312,2304
2026-04-23 17:25:00+00:00,590.85498046875,590.989990234375,590.510009765625,590.7550048828125,2846
2026-04-23 17:26:00+00:00,590.780029296875,593.2899780273438,590.77001953125,593.0150146484375,7180
2026-04-23 17:27:00+00:00,592.25,592.8900146484375,592.22998046875,592.8900146484375,805
2026-04-23 17:28:00+00:00,592.2899780273438,592.2899780273438,590.4099731445312,591.5700073242188,4275
2026-04-23 17:29:00+00:00,591.75,591.75,590.7100219726562,591.2550048828125,3750
2026-04-23 17:30:00+00:00,591.1699829101562,591.7999877929688,590.7100219726562,591.530029296875,6486
2026-04-23 17:31:00+00:00,591.7399291992188,591.7999877929688,590.760009765625,591.7999877929688,3487
2026-04-23 17:32:00+00:00,591.780029296875,593.25,591.780029296875,592.5,6518
2026-04-23 17:33:00+00:00,593.0999755859375,593.7020263671875,593.0999755859375,593.0999755859375,925
2026-04-23 17:34:00+00:00,593.0549926757812,594.0800170898438,592.6439819335938,594.0800170898438,6008
2026-04-23 17:35:00+00:00,593.7061767578125,595.89990234375,593.7061767578125,594.030029296875,8611
2026-04-23 17:36:00+00:00,594.52001953125,594.9998779296875,592.260009765625,592.260009765625,10885
2026-04-23 17:37:00+00:00,592.39501953125,592.39501953125,592.0001220703125,592.3200073242188,1356
2026-04-23 17:38:00+00:00,592.4849853515625,592.6900024414062,591.72998046875,592.6199951171875,4080
2026-04-23 17:39:00+00:00,592.344970703125,592.6699829101562,592.0166015625,592.6699829101562,2336
2026-04-23 17:40:00+00:00,592.8099975585938,592.9000244140625,590.39501953125,590.39501953125,10622
2026-04-23 17:41:00+00:00,590.0349731445312,590.2764282226562,589.97998046875,590.1950073242188,33914
2026-04-23 17:42:00+00:00,590.1950073242188,590.1950073242188,588.5599975585938,588.70751953125,25327
2026-04-23 17:43:00+00:00,588.7150268554688,589.1699829101562,588.3300170898438,588.99951171875,10261
2026-04-23 17:44:00+00:00,588.39501953125,588.39501953125,586.3699951171875,587.1300048828125,4363
2026-04-23 17:45:00+00:00,586.8200073242188,586.969970703125,585.344482421875,586.85498046875,7629
2026-04-23 17:46:00+00:00,586.510009765625,587.9400024414062,584.344970703125,584.344970703125,5256
2026-04-23 17:47:00+00:00,584.4299926757812,587.1199951171875,584.1900024414062,587.1199951171875,6233
2026-04-23 17:48:00+00:00,586.7550048828125,587.0,586.7550048828125,587.0,943
2026-04-23 17:49:00+00:00,587.0999755859375,588.0599975585938,586.3355712890625,587.3900146484375,5840
2026-04-23 17:50:00+00:00,586.3300170898438,586.6137084960938,586.0,586.6137084960938,4371
2026-04-23 17:51:00+00:00,587.0900268554688,587.0900268554688,585.9949951171875,586.719970703125,2125
2026-04-23 17:52:00+00:00,586.260009765625,586.77001953125,585.969970703125,586.3200073242188,2678
2026-04-23 17:53:00+00:00,586.6950073242188,592.4000244140625,586.5,591.107421875,20419
2026-04-23 17:54:00+00:00,590.4000244140625,592.1199951171875,590.4000244140625,591.3300170898438,6928
2026-04-23 17:55:00+00:00,592.6599731445312,593.4537963867188,591.0900268554688,592.5700073242188,6621
2026-04-23 17:56:00+00:00,593.2849731445312,593.7412719726562,592.2000122070312,592.8599853515625,5784
2026-04-23 17:57:00+00:00,593.606201171875,593.606201171875,591.8701171875,592.8800048828125,2938
2026-04-23 17:58:00+00:00,593.280029296875,593.4149780273438,592.7899780273438,593.4149780273438,1637
2026-04-23 17:59:00+00:00,592.8234252929688,594.1900024414062,592.8234252929688,593.7899780273438,2569
2026-04-23 18:00:00+00:00,593.7899780273438,593.8150024414062,593.22998046875,593.8150024414062,4130
2026-04-23 18:01:00+00:00,592.969970703125,596.0650024414062,592.760009765625,596.0650024414062,7010
2026-04-23 18:02:00+00:00,596.52001953125,596.6710205078125,595.8300170898438,596.0,3079
2026-04-23 18:03:00+00:00,596.1799926757812,596.1799926757812,595.2449951171875,595.2449951171875,1686
2026-04-23 18:04:00+00:00,595.6500244140625,596.22998046875,594.1500244140625,594.1500244140625,3000
2026-04-23 18:05:00+00:00,593.4199829101562,594.6199951171875,593.1702270507812,594.6199951171875,2970
2026-04-23 18:06:00+00:00,593.2000122070312,594.6799926757812,593.2000122070312,594.6799926757812,1903
2026-04-23 18:07:00+00:00,594.405029296875,594.405029296875,594.0150146484375,594.0349731445312,2201
2026-04-23 18:08:00+00:00,594.1799926757812,594.1799926757812,593.1409912109375,593.780029296875,5103
2026-04-23 18:09:00+00:00,593.27001953125,593.9199829101562,593.0,593.0,4259
2026-04-23 18:10:00+00:00,593.3400268554688,594.5599975585938,593.0020141601562,593.8499755859375,7841
2026-04-23 18:11:00+00:00,593.7999877929688,594.4180297851562,593.010009765625,594.4180297851562,2635
2026-04-23 18:12:00+00:00,593.1749877929688,593.1749877929688,592.0700073242188,592.0700073242188,1776
2026-04-23 18:13:00+00:00,592.3150024414062,592.3150024414062,591.469970703125,591.719970703125,4678
2026-04-23 18:14:00+00:00,592.25,593.3563232421875,592.25,593.3563232421875,4520
2026-04-23 18:15:00+00:00,592.97998046875,593.4998779296875,592.6599731445312,592.6599731445312,2549
2026-04-23 18:16:00+00:00,592.6599731445312,593.4099731445312,592.6599731445312,592.9000244140625,1460
2026-04-23 18:17:00+00:00,593.7100219726562,593.7100219726562,592.3699951171875,593.2000122070312,5961
2026-04-23 18:18:00+00:00,594.2706298828125,594.2706298828125,593.2249755859375,593.6199951171875,1073
2026-04-23 18:19:00+00:00,593.5,593.5050048828125,593.5,593.5050048828125,902
2026-04-23 18:20:00+00:00,593.032470703125,594.4000244140625,592.7271728515625,593.5999755859375,1838
2026-04-23 18:21:00+00:00,594.0250244140625,594.0250244140625,592.77001953125,593.1199951171875,1573
2026-04-23 18:22:00+00:00,592.6199951171875,592.780029296875,592.0999755859375,592.3499755859375,2425
2026-04-23 18:23:00+00:00,592.6300048828125,593.1500244140625,592.6300048828125,592.9500122070312,623
2026-04-23 18:24:00+00:00,593.4349975585938,593.489990234375,593.2100219726562,593.489990234375,2385
2026-04-23 18:25:00+00:00,593.0800170898438,593.0800170898438,592.219970703125,592.8150024414062,2817
2026-04-23 18:26:00+00:00,592.4400024414062,592.4400024414062,592.0900268554688,592.0900268554688,708
2026-04-23 18:27:00+00:00,592.0999755859375,592.57080078125,591.1500244140625,591.1500244140625,9663
2026-04-23 18:28:00+00:00,590.9500122070312,591.7899780273438,590.9500122070312,591.4500122070312,3612
2026-04-23 18:29:00+00:00,591.4500122070312,592.60498046875,591.4500122070312,591.5,3279
2026-04-23 18:30:00+00:00,593.0,593.0,592.3200073242188,592.3200073242188,2534
2026-04-23 18:31:00+00:00,592.3200073242188,593.1400146484375,591.731689453125,592.3200073242188,1794
2026-04-23 18:32:00+00:00,592.5198974609375,592.72998046875,592.510009765625,592.52001953125,3246
2026-04-23 18:33:00+00:00,592.7100219726562,592.7100219726562,592.7100219726562,592.7100219726562,1025
2026-04-23 18:34:00+00:00,592.260009765625,592.260009765625,592.260009765625,592.260009765625,445
2026-04-23 18:35:00+00:00,592.3200073242188,593.3099975585938,592.3200073242188,593.3099975585938,5296
2026-04-23 18:37:00+00:00,593.2999877929688,593.2999877929688,592.5449829101562,592.5449829101562,2186
2026-04-23 18:38:00+00:00,592.5449829101562,592.5449829101562,592.2550048828125,592.2550048828125,1246
2026-04-23 18:39:00+00:00,591.7100219726562,592.0,591.7100219726562,592.0,1340
2026-04-23 18:40:00+00:00,591.9099731445312,592.4400024414062,591.8900146484375,591.9400024414062,4173
2026-04-23 18:41:00+00:00,592.0999755859375,592.0999755859375,592.0999755859375,592.0999755859375,840
2026-04-23 18:42:00+00:00,592.405029296875,592.405029296875,591.9600219726562,591.9600219726562,1532
2026-04-23 18:43:00+00:00,591.4500122070312,591.9450073242188,591.1799926757812,591.9450073242188,4121
2026-04-23 18:44:00+00:00,592.0150146484375,592.1201171875,592.0150146484375,592.1201171875,1601
2026-04-23 18:45:00+00:00,592.1400146484375,592.280029296875,592.1099853515625,592.25,3190
2026-04-23 18:46:00+00:00,592.27001953125,592.27001953125,592.27001953125,592.27001953125,235
2026-04-23 18:47:00+00:00,592.27001953125,592.3099975585938,591.6900024414062,592.0399780273438,2162
2026-04-23 18:48:00+00:00,592.0399780273438,592.0399780273438,591.239990234375,591.9349975585938,1986
2026-04-23 18:49:00+00:00,591.5499877929688,591.5499877929688,591.2999877929688,591.3250122070312,1814
2026-04-23 18:50:00+00:00,590.52001953125,590.7849731445312,590.010009765625,590.5599975585938,4842
2026-04-23 18:51:00+00:00,590.5599975585938,590.5599975585938,590.5599975585938,590.5599975585938,150
2026-04-23 18:52:00+00:00,590.5599975585938,590.6099853515625,590.25,590.5250244140625,3316
2026-04-23 18:53:00+00:00,590.7349853515625,590.7349853515625,590.7349853515625,590.7349853515625,1100
2026-04-23 18:54:00+00:00,590.8099975585938,590.8099975585938,590.0900268554688,590.0900268554688,1806
2026-04-23 18:55:00+00:00,590.0800170898438,590.6900024414062,589.8049926757812,590.3499755859375,4543
2026-04-23 18:56:00+00:00,590.010009765625,590.4598999023438,589.3165283203125,590.4598999023438,4004
2026-04-23 18:57:00+00:00,589.5750122070312,589.5900268554688,589.1500244140625,589.5850219726562,3012
2026-04-23 18:58:00+00:00,589.739990234375,589.780029296875,588.0399780273438,588.0399780273438,4030
2026-04-23 18:59:00+00:00,588.8300170898438,588.8300170898438,586.8900756835938,587.6900024414062,4334
2026-04-23 19:00:00+00:00,587.2899780273438,588.27001953125,587.0100708007812,587.0100708007812,6362
2026-04-23 19:01:00+00:00,588.1300048828125,588.1300048828125,587.0349731445312,587.260009765625,2786
2026-04-23 19:02:00+00:00,587.8900146484375,587.9000244140625,587.27001953125,587.4600219726562,4673
2026-04-23 19:03:00+00:00,587.4600219726562,587.9000244140625,587.4400024414062,587.9000244140625,2520
2026-04-23 19:04:00+00:00,587.4500122070312,587.4500122070312,586.1226196289062,586.885009765625,5232
2026-04-23 19:05:00+00:00,587.9000244140625,588.0900268554688,586.5692138671875,587.8200073242188,3909
2026-04-23 19:06:00+00:00,588.3099975585938,588.4124755859375,587.7249755859375,588.4124755859375,1929
2026-04-23 19:07:00+00:00,588.4390258789062,589.3699951171875,588.1400146484375,588.9949951171875,3960
2026-04-23 19:08:00+00:00,588.947509765625,589.3099975585938,588.947509765625,589.10498046875,1366
2026-04-23 19:09:00+00:00,589.10498046875,589.7999877929688,589.10498046875,589.7999877929688,3722
2026-04-23 19:10:00+00:00,589.4600219726562,589.5750122070312,589.4600219726562,589.5750122070312,1863
2026-04-23 19:11:00+00:00,589.3800048828125,589.5700073242188,589.3599853515625,589.4349975585938,2903
2026-04-23 19:12:00+00:00,589.0800170898438,589.0800170898438,588.4400024414062,588.4400024414062,1127
2026-04-23 19:13:00+00:00,588.8499755859375,589.0601196289062,588.6199951171875,588.6199951171875,2942
2026-04-23 19:14:00+00:00,588.5800170898438,589.260009765625,588.260009765625,588.5700073242188,4970
2026-04-23 19:15:00+00:00,589.0800170898438,589.7598876953125,589.0800170898438,589.7598876953125,5497
2026-04-23 19:16:00+00:00,589.02001953125,590.1099853515625,589.02001953125,590.1099853515625,4073
2026-04-23 19:17:00+00:00,589.719970703125,589.719970703125,589.6099853515625,589.6099853515625,1947
2026-04-23 19:18:00+00:00,589.3099975585938,589.3099975585938,589.219970703125,589.219970703125,1162
2026-04-23 19:19:00+00:00,589.1500244140625,589.6699829101562,589.0999755859375,589.6699829101562,3884
2026-04-23 19:20:00+00:00,589.4299926757812,589.4299926757812,588.3699951171875,588.3699951171875,2381
2026-04-23 19:21:00+00:00,588.6599731445312,589.469970703125,588.6599731445312,589.469970703125,2707
2026-04-23 19:22:00+00:00,589.3900146484375,589.489990234375,588.77001953125,588.77001953125,7918
2026-04-23 19:23:00+00:00,588.0,588.0399780273438,588.0,588.0399780273438,2011
2026-04-23 19:24:00+00:00,588.1099853515625,588.52001953125,588.010009765625,588.2000122070312,2589
2026-04-23 19:25:00+00:00,588.4749755859375,589.0599975585938,588.2999877929688,588.2999877929688,5972
2026-04-23 19:26:00+00:00,588.7849731445312,588.7849731445312,588.7849731445312,588.7849731445312,911
2026-04-23 19:27:00+00:00,588.72998046875,588.8499755859375,588.2249755859375,588.280029296875,5619
2026-04-23 19:28:00+00:00,588.5,588.7100219726562,588.405029296875,588.7100219726562,8874
2026-04-23 19:29:00+00:00,588.0800170898438,588.0800170898438,587.760009765625,587.8099975585938,2989
2026-04-23 19:30:00+00:00,587.3800048828125,587.72998046875,587.3200073242188,587.3200073242188,1096
2026-04-23 19:31:00+00:00,587.1199951171875,588.1998901367188,587.1199951171875,588.1998901367188,7262
2026-04-23 19:32:00+00:00,587.7999877929688,587.9650268554688,587.719970703125,587.719970703125,2344
2026-04-23 19:33:00+00:00,587.4099731445312,587.834716796875,587.1599731445312,587.260009765625,2502
2026-04-23 19:34:00+00:00,586.77001953125,586.7999877929688,586.3300170898438,586.3900146484375,3590
2026-04-23 19:35:00+00:00,586.3900146484375,586.3900146484375,585.1300048828125,586.2100219726562,8856
2026-04-23 19:36:00+00:00,586.010009765625,586.1699829101562,585.6600952148438,585.6600952148438,5121
2026-04-23 19:37:00+00:00,585.969970703125,586.02001953125,585.6600952148438,585.7000122070312,4073
2026-04-23 19:38:00+00:00,585.6599731445312,586.3400268554688,585.4500122070312,586.2150268554688,8919
2026-04-23 19:39:00+00:00,586.6500244140625,586.6951293945312,586.239990234375,586.3300170898438,2085
2026-04-23 19:40:00+00:00,586.6099853515625,586.760009765625,586.4400024414062,586.4400024414062,3916
2026-04-23 19:41:00+00:00,586.4500122070312,586.655029296875,586.280029296875,586.280029296875,2865
2026-04-23 19:42:00+00:00,586.583984375,586.7000122070312,586.260009765625,586.530029296875,4629
2026-04-23 19:43:00+00:00,586.97998046875,586.989990234375,586.2700805664062,586.5800170898438,4727
2026-04-23 19:44:00+00:00,586.7794799804688,586.9500122070312,585.97998046875,585.97998046875,9774
2026-04-23 19:45:00+00:00,586.1199951171875,586.5900268554688,586.0599975585938,586.2449951171875,5499
2026-04-23 19:46:00+00:00,586.4349975585938,586.5999755859375,586.010009765625,586.5999755859375,2629
2026-04-23 19:47:00+00:00,586.3200073242188,586.3200073242188,586.0,586.0800170898438,1849
2026-04-23 19:48:00+00:00,586.02001953125,586.0675048828125,585.5800170898438,585.8200073242188,7088
2026-04-23 19:49:00+00:00,585.6300048828125,586.1799926757812,585.5700073242188,585.9149780273438,8193
2026-04-23 19:50:00+00:00,585.7000122070312,586.5850219726562,584.7849731445312,586.3200073242188,15760
2026-04-23 19:51:00+00:00,586.219970703125,586.6699829101562,585.9299926757812,586.6699829101562,13216
2026-04-23 19:52:00+00:00,587.0,587.0,586.3300170898438,586.5050048828125,7437
2026-04-23 19:53:00+00:00,586.989990234375,587.2999877929688,586.4600219726562,586.72998046875,10010
2026-04-23 19:54:00+00:00,586.27001953125,586.719970703125,586.1699829101562,586.3699951171875,12030
2026-04-23 19:55:00+00:00,586.52001953125,586.9400024414062,585.989990234375,586.9400024414062,19715
2026-04-23 19:56:00+00:00,587.0999755859375,587.3699951171875,586.9000244140625,587.25,9533
2026-04-23 19:57:00+00:00,587.4000244140625,587.6300048828125,587.0,587.0900268554688,22656
2026-04-23 19:58:00+00:00,587.0900268554688,587.8499755859375,587.0900268554688,587.75,29049
2026-04-23 19:59:00+00:00,587.8400268554688,588.280029296875,587.6199951171875,587.6300048828125,35325
2026-04-24 13:30:00+00:00,593.010009765625,597.989990234375,590.760009765625,591.489990234375,162917
2026-04-24 13:31:00+00:00,591.5,593.4509887695312,587.3699951171875,593.0599975585938,55994
2026-04-24 13:32:00+00:00,594.0,596.669921875,593.0349731445312,595.25,14152
2026-04-24 13:33:00+00:00,596.4149780273438,599.9841918945312,594.5800170898438,596.0050048828125,18715
2026-04-24 13:34:00+00:00,594.0,595.010009765625,591.4494018554688,593.3499755859375,12452
2026-04-24 13:35:00+00:00,594.1699829101562,594.1699829101562,590.9199829101562,591.4600219726562,12667
2026-04-24 13:36:00+00:00,591.6749877929688,592.489990234375,590.8800048828125,590.97998046875,9172
2026-04-24 13:37:00+00:00,590.461181640625,591.9600219726562,590.3001098632812,590.3001098632812,6406
2026-04-24 13:38:00+00:00,590.3001098632812,591.989990234375,589.0,591.77001953125,24875
2026-04-24 13:39:00+00:00,592.2000122070312,592.969970703125,591.0001220703125,591.0001220703125,14486
2026-04-24 13:40:00+00:00,592.2449951171875,594.510009765625,591.5623168945312,594.510009765625,10595
2026-04-24 13:41:00+00:00,593.280029296875,594.510009765625,592.010009765625,592.72998046875,13670
2026-04-24 13:42:00+00:00,592.72998046875,595.469970703125,592.72998046875,593.030029296875,7960
2026-04-24 13:43:00+00:00,593.030029296875,593.030029296875,590.1400146484375,590.1500244140625,17237
2026-04-24 13:44:00+00:00,590.1400146484375,591.5449829101562,590.0001220703125,591.5449829101562,9099
2026-04-24 13:45:00+00:00,591.6900024414062,593.8699951171875,590.7650146484375,592.9749755859375,10052
2026-04-24 13:46:00+00:00,593.0750122070312,593.64990234375,591.4631958007812,591.7849731445312,4727
2026-04-24 13:47:00+00:00,591.5900268554688,591.780029296875,589.0,589.5900268554688,13447
2026-04-24 13:48:00+00:00,589.5,591.1199951171875,588.0,588.0,13667
2026-04-24 13:49:00+00:00,588.1749877929688,588.1749877929688,585.5449829101562,586.594970703125,10230
2026-04-24 13:50:00+00:00,586.594970703125,586.594970703125,582.8300170898438,583.0,14633
2026-04-24 13:51:00+00:00,582.5599975585938,583.3099975585938,580.4290161132812,582.6599731445312,23054
2026-04-24 13:52:00+00:00,581.905029296875,583.344970703125,581.905029296875,582.6950073242188,9986
2026-04-24 13:53:00+00:00,582.8699951171875,582.8699951171875,578.780029296875,581.3300170898438,14113
2026-04-24 13:54:00+00:00,581.385009765625,581.385009765625,579.5401000976562,581.0,8748
2026-04-24 13:55:00+00:00,581.1799926757812,581.7850952148438,578.4199829101562,579.1500244140625,15464
2026-04-24 13:56:00+00:00,579.2100219726562,580.4349975585938,578.4199829101562,580.4349975585938,11104
2026-04-24 13:57:00+00:00,580.4299926757812,583.0499267578125,580.4299926757812,582.1799926757812,6518
2026-04-24 13:58:00+00:00,582.0050048828125,582.68310546875,581.5050048828125,582.4199829101562,16408
2026-04-24 13:59:00+00:00,582.5,583.510009765625,582.2899780273438,583.1799926757812,5697
2026-04-24 14:00:00+00:00,582.0,582.3499755859375,580.97998046875,581.9400024414062,19621
2026-04-24 14:01:00+00:00,582.5399780273438,583.0,581.4299926757812,582.5599975585938,21790
2026-04-24 14:02:00+00:00,582.72998046875,582.739990234375,581.3300170898438,581.3300170898438,7338
2026-04-24 14:03:00+00:00,581.6749877929688,582.02001953125,579.010009765625,579.6400146484375,12761
2026-04-24 14:04:00+00:00,579.1199951171875,580.3699951171875,579.0700073242188,580.1400146484375,9787
2026-04-24 14:05:00+00:00,581.030029296875,583.2807006835938,580.75341796875,583.010009765625,5993
2026-04-24 14:06:00+00:00,583.1500244140625,586.0709838867188,583.1500244140625,585.0,6644
2026-04-24 14:07:00+00:00,585.0,586.4000244140625,584.3699951171875,586.197509765625,9821
2026-04-24 14:08:00+00:00,585.6799926757812,587.9299926757812,585.6649780273438,587.8699951171875,10708
2026-04-24 14:09:00+00:00,588.0,589.7999877929688,587.760009765625,589.540771484375,10995
2026-04-24 14:10:00+00:00,589.1300048828125,589.2999877929688,587.0,587.1599731445312,10740
2026-04-24 14:11:00+00:00,587.4362182617188,588.2349853515625,587.3499755859375,588.0,6832
2026-04-24 14:12:00+00:00,587.9600219726562,589.3900146484375,587.9600219726562,588.7000122070312,10411
2026-04-24 14:13:00+00:00,589.3900146484375,589.5900268554688,587.7899780273438,588.6400146484375,9259
2026-04-24 14:14:00+00:00,588.6500244140625,588.8699951171875,586.8734130859375,587.47998046875,9967
2026-04-24 14:15:00+00:00,587.10498046875,587.5800170898438,585.6099853515625,587.5800170898438,14866
2026-04-24 14:16:00+00:00,588.0,589.0999755859375,587.9213256835938,588.5930786132812,7867
2026-04-24 14:17:00+00:00,588.5050048828125,589.0,586.2100219726562,586.9099731445312,10294
2026-04-24 14:18:00+00:00,586.1300048828125,586.8499755859375,585.0700073242188,585.75,7271
2026-04-24 14:19:00+00:00,585.3900146484375,586.3800048828125,585.1400146484375,585.760009765625,11672
2026-04-24 14:20:00+00:00,585.8350219726562,586.2999877929688,585.0,585.385009765625,16474
2026-04-24 14:21:00+00:00,585.385009765625,586.7999877929688,585.0,586.5999755859375,17940
2026-04-24 14:22:00+00:00,587.1799926757812,587.989990234375,587.1500244140625,587.2750244140625,4909
2026-04-24 14:23:00+00:00,587.8699951171875,588.71630859375,587.8699951171875,588.219970703125,8077
2026-04-24 14:24:00+00:00,588.3800048828125,589.0,587.030029296875,589.0,9130
2026-04-24 14:25:00+00:00,588.9998779296875,588.9998779296875,587.6300048828125,588.47998046875,4581
2026-04-24 14:26:00+00:00,588.5,588.5,586.5850219726562,586.97998046875,13135
2026-04-24 14:27:00+00:00,586.97998046875,587.1699829101562,586.4400024414062,587.1699829101562,4413
2026-04-24 14:28:00+00:00,587.52001953125,589.5599975585938,587.52001953125,589.1898803710938,12834
2026-04-24 14:29:00+00:00,588.6500244140625,589.1900024414062,588.385009765625,589.0900268554688,6976
2026-04-24 14:30:00+00:00,588.5499877929688,589.1900024414062,588.3800048828125,589.0,7374
2026-04-24 14:31:00+00:00,588.0499877929688,588.6099853515625,587.6849975585938,587.6849975585938,11876
2026-04-24 14:32:00+00:00,587.8300170898438,588.0999755859375,587.0650024414062,588.0999755859375,6452
2026-04-24 14:33:00+00:00,588.47998046875,588.6500244140625,586.510009765625,586.780029296875,10187
2026-04-24 14:34:00+00:00,588.1900024414062,588.2000122070312,587.3200073242188,587.72998046875,7173
2026-04-24 14:35:00+00:00,587.9299926757812,588.4500122070312,587.9299926757812,588.4000244140625,3859
2026-04-24 14:36:00+00:00,589.0,589.260009765625,587.510009765625,587.510009765625,11894
2026-04-24 14:37:00+00:00,587.510009765625,588.6799926757812,586.1799926757812,588.510009765625,7983
2026-04-24 14:38:00+00:00,588.3900146484375,591.1500244140625,587.5599975585938,591.0,15548
2026-04-24 14:39:00+00:00,590.989990234375,592.3699951171875,590.5499877929688,591.1500244140625,10848
2026-04-24 14:40:00+00:00,590.5499877929688,592.280517578125,590.5499877929688,591.64501953125,2484
2026-04-24 14:41:00+00:00,592.2899780273438,593.4998779296875,592.0499877929688,593.0,14462
2026-04-24 14:42:00+00:00,593.5,593.5700073242188,591.8099975585938,591.8200073242188,16543
2026-04-24 14:43:00+00:00,592.2899780273438,592.2899780273438,591.739990234375,591.760009765625,2147
2026-04-24 14:44:00+00:00,591.2999877929688,591.9616088867188,591.1900024414062,591.5349731445312,2462
2026-04-24 14:45:00+00:00,592.0,592.3436279296875,591.6799926757812,591.6799926757812,3254
2026-04-24 14:46:00+00:00,592.1699829101562,592.6599731445312,591.8300170898438,591.8300170898438,5946
2026-04-24 14:47:00+00:00,591.6400146484375,591.6400146484375,590.0,590.8099975585938,4029
2026-04-24 14:48:00+00:00,591.47998046875,591.5900268554688,590.2000122070312,590.9600219726562,2807
2026-04-24 14:49:00+00:00,590.4000244140625,591.239990234375,590.4000244140625,590.75,2003
2026-04-24 14:50:00+00:00,590.1232299804688,592.010009765625,590.1232299804688,592.010009765625,3316
2026-04-24 14:51:00+00:00,591.489990234375,593.0,590.969970703125,593.0,5988
2026-04-24 14:52:00+00:00,593.1400146484375,593.1649780273438,591.8699951171875,591.875,6109
2026-04-24 14:53:00+00:00,592.7899780273438,592.7899780273438,591.875,591.9299926757812,936
2026-04-24 14:54:00+00:00,591.875,592.13427734375,591.719970703125,592.1099853515625,2093
2026-04-24 14:55:00+00:00,592.489990234375,593.4199829101562,592.489990234375,593.0,2385
2026-04-24 14:56:00+00:00,593.5,593.8150024414062,593.4550170898438,593.4550170898438,3525
2026-04-24 14:57:00+00:00,594.1400146484375,594.7999877929688,593.5100708007812,594.7999877929688,4732
2026-04-24 14:58:00+00:00,594.0125122070312,594.0125122070312,593.322509765625,593.3300170898438,3149
2026-04-24 14:59:00+00:00,593.77001953125,593.77001953125,592.2537231445312,592.2537231445312,2406
2026-04-24 15:00:00+00:00,592.9450073242188,593.4099731445312,591.6699829101562,592.25,4039
2026-04-24 15:01:00+00:00,591.885009765625,591.885009765625,591.8800048828125,591.8800048828125,814
2026-04-24 15:02:00+00:00,591.239990234375,591.75,590.9400024414062,591.719970703125,4776
2026-04-24 15:03:00+00:00,592.0599975585938,592.0599975585938,590.5001220703125,592.0,4708
2026-04-24 15:04:00+00:00,591.010009765625,592.0899047851562,591.010009765625,591.2949829101562,3846
2026-04-24 15:05:00+00:00,591.2949829101562,592.0900268554688,591.2949829101562,592.0900268554688,2071
2026-04-24 15:06:00+00:00,591.5599975585938,592.4299926757812,591.5599975585938,592.4299926757812,1747
2026-04-24 15:07:00+00:00,593.2199096679688,593.7999877929688,592.885009765625,592.885009765625,5661
2026-04-24 15:08:00+00:00,593.5599975585938,593.5599975585938,592.625,592.625,3203
2026-04-24 15:09:00+00:00,592.3599853515625,592.875,591.739990234375,592.27001953125,5692
2026-04-24 15:10:00+00:00,592.1300048828125,592.1300048828125,591.8699951171875,592.0449829101562,1393
2026-04-24 15:11:00+00:00,591.6099853515625,591.760009765625,591.4000244140625,591.760009765625,5526
2026-04-24 15:12:00+00:00,591.8200073242188,592.9998779296875,591.780029296875,592.0150146484375,6016
2026-04-24 15:13:00+00:00,592.489990234375,592.489990234375,592.3499755859375,592.3900146484375,2927
2026-04-24 15:14:00+00:00,592.3900146484375,592.3900146484375,592.3099975585938,592.3099975585938,1603
2026-04-24 15:15:00+00:00,591.5800170898438,591.7999877929688,590.840087890625,591.7999877929688,3614
2026-04-24 15:16:00+00:00,591.9450073242188,591.9450073242188,591.4949951171875,591.4949951171875,391
2026-04-24 15:17:00+00:00,591.9450073242188,591.989990234375,591.5150146484375,591.5599975585938,3960
2026-04-24 15:18:00+00:00,591.9899291992188,591.989990234375,591.030029296875,591.030029296875,3187
2026-04-24 15:19:00+00:00,590.8400268554688,590.8400268554688,590.8400268554688,590.8400268554688,732
2026-04-24 15:20:00+00:00,590.5,591.239990234375,590.3350219726562,591.22998046875,3705
2026-04-24 15:21:00+00:00,591.3900146484375,591.52001953125,591.0,591.52001953125,3313
2026-04-24 15:22:00+00:00,591.6699829101562,591.8551025390625,590.8200073242188,591.8551025390625,1408
2026-04-24 15:23:00+00:00,591.97998046875,592.2000122070312,591.47998046875,592.0499877929688,4891
2026-04-24 15:25:00+00:00,591.85498046875,591.85498046875,591.260009765625,591.8499755859375,4559
2026-04-24 15:26:00+00:00,591.3137817382812,591.864990234375,591.3137817382812,591.7449951171875,3918
2026-04-24 15:27:00+00:00,591.0089721679688,591.9600219726562,591.0089721679688,591.9600219726562,1116
2026-04-24 15:28:00+00:00,591.6599731445312,592.3800048828125,591.6599731445312,591.9600219726562,3664
2026-04-24 15:29:00+00:00,592.3798828125,592.3798828125,591.3228759765625,591.3228759765625,793
2026-04-24 15:30:00+00:00,591.219970703125,591.27001953125,591.219970703125,591.27001953125,2831
2026-04-24 15:31:00+00:00,591.4000854492188,591.4000854492188,591.4000244140625,591.4000244140625,819
2026-04-24 15:32:00+00:00,591.4000244140625,591.4000244140625,590.6799926757812,590.6799926757812,866
2026-04-24 15:33:00+00:00,590.7050170898438,590.7050170898438,590.280029296875,590.7000122070312,1391
2026-04-24 15:34:00+00:00,590.780029296875,591.0700073242188,590.780029296875,591.0700073242188,3012
2026-04-24 15:35:00+00:00,590.9299926757812,590.9299926757812,590.8699951171875,590.8699951171875,654
2026-04-24 15:36:00+00:00,590.8800048828125,590.8800048828125,590.3200073242188,590.3200073242188,1651
2026-04-24 15:37:00+00:00,590.4400024414062,590.4400024414062,589.2100219726562,589.6024780273438,7412
2026-04-24 15:38:00+00:00,589.5999755859375,589.6099853515625,589.5999755859375,589.6099853515625,1473
2026-04-24 15:39:00+00:00,590.010009765625,590.010009765625,589.0499877929688,589.5800170898438,3644
2026-04-24 15:40:00+00:00,590.1599731445312,590.1599731445312,590.1599731445312,590.1599731445312,1833
2026-04-24 15:41:00+00:00,590.8150024414062,591.0650024414062,590.8150024414062,591.0650024414062,963
2026-04-24 15:42:00+00:00,590.8099975585938,591.219970703125,590.8099975585938,591.1199951171875,2405
2026-04-24 15:43:00+00:00,591.1199951171875,591.1199951171875,591.0501098632812,591.0501098632812,1129
2026-04-24 15:44:00+00:00,591.5435791015625,593.6500244140625,590.8355712890625,593.6500244140625,5663
2026-04-24 15:45:00+00:00,594.0,595.3800048828125,593.760009765625,594.7598876953125,11605
2026-04-24 15:46:00+00:00,593.7999877929688,594.3104858398438,592.2501220703125,592.2501220703125,1829
2026-04-24 15:47:00+00:00,594.5,595.0,594.5,594.7849731445312,3177
2026-04-24 15:48:00+00:00,594.780029296875,595.125,594.780029296875,594.8900146484375,2611
2026-04-24 15:49:00+00:00,594.780029296875,594.780029296875,593.7000122070312,594.0,4270
2026-04-24 15:50:00+00:00,594.1400146484375,594.760009765625,593.7999877929688,594.760009765625,1577
2026-04-24 15:51:00+00:00,595.010009765625,595.239990234375,594.4500122070312,595.239990234375,1143
2026-04-24 15:52:00+00:00,595.3200073242188,595.9998779296875,595.1099853515625,595.1099853515625,12074
2026-04-24 15:53:00+00:00,595.489990234375,595.489990234375,594.3900146484375,594.3900146484375,2086
2026-04-24 15:54:00+00:00,594.7849731445312,594.7849731445312,594.780029296875,594.780029296875,1806
2026-04-24 15:55:00+00:00,595.2698974609375,595.2698974609375,594.6400146484375,595.2698974609375,1669
2026-04-24 15:56:00+00:00,595.0639038085938,595.27001953125,594.3499755859375,594.7449951171875,2448
2026-04-24 15:57:00+00:00,594.969970703125,595.780029296875,594.739990234375,595.3699951171875,3067
2026-04-24 15:58:00+00:00,595.5599975585938,595.6644287109375,595.5599975585938,595.6644287109375,607
2026-04-24 15:59:00+00:00,595.3699951171875,596.3800048828125,595.3699951171875,596.3800048828125,2900
2026-04-24 16:00:00+00:00,596.0850219726562,596.4400024414062,596.0850219726562,596.4400024414062,2148
2026-04-24 16:01:00+00:00,596.1099853515625,596.5120239257812,596.1099853515625,596.2849731445312,1643
2026-04-24 16:02:00+00:00,596.4400024414062,596.7882080078125,596.0549926757812,596.7882080078125,7965
2026-04-24 16:03:00+00:00,596.1799926757812,596.3499755859375,596.0,596.3499755859375,2160
2026-04-24 16:04:00+00:00,596.4650268554688,596.9299926757812,596.3499755859375,596.5175170898438,1400
2026-04-24 16:05:00+00:00,596.4450073242188,597.4600219726562,596.0100708007812,596.4224853515625,4806
2026-04-24 16:06:00+00:00,596.0789794921875,596.5050048828125,596.010009765625,596.5050048828125,2666
2026-04-24 16:07:00+00:00,596.0,596.5,595.6599731445312,595.6849975585938,3458
2026-04-24 16:08:00+00:00,595.6799926757812,595.6799926757812,595.6799926757812,595.6799926757812,257
2026-04-24 16:09:00+00:00,595.6900024414062,595.6900024414062,595.2100219726562,595.2100219726562,2322
2026-04-24 16:10:00+00:00,595.6699829101562,595.9329223632812,595.510009765625,595.6849975585938,3605
2026-04-24 16:11:00+00:00,595.4450073242188,595.6799926757812,595.2100830078125,595.6599731445312,1288
2026-04-24 16:12:00+00:00,596.0,596.0,594.72998046875,595.0650024414062,3907
2026-04-24 16:13:00+00:00,594.989990234375,595.6900024414062,594.989990234375,595.3400268554688,2183
2026-04-24 16:14:00+00:00,595.6898803710938,595.6898803710938,594.510009765625,594.5100708007812,2000
2026-04-24 16:15:00+00:00,595.0999755859375,595.0999755859375,594.510009765625,594.510009765625,2126
2026-04-24 16:16:00+00:00,594.9395751953125,595.5,594.489990234375,595.2100219726562,3726
2026-04-24 16:17:00+00:00,595.0700073242188,595.4299926757812,595.0650024414062,595.4299926757812,923
2026-04-24 16:18:00+00:00,595.1224975585938,595.4500122070312,594.2999877929688,594.6500244140625,2982
2026-04-24 16:19:00+00:00,594.2899780273438,594.2899780273438,593.8099975585938,594.22998046875,4200
2026-04-24 16:20:00+00:00,594.5150146484375,594.8300170898438,594.5150146484375,594.8300170898438,1722
2026-04-24 16:21:00+00:00,595.0,595.0,595.0,595.0,315
2026-04-24 16:22:00+00:00,595.669921875,595.669921875,595.0,595.0,428
2026-04-24 16:23:00+00:00,595.3099975585938,595.6599731445312,595.1699829101562,595.6599731445312,2340
2026-04-24 16:24:00+00:00,595.5050048828125,595.8699951171875,595.5,595.5,1310
2026-04-24 16:25:00+00:00,596.0,596.5599975585938,596.0,596.5,3246
2026-04-24 16:26:00+00:00,596.4450073242188,596.4450073242188,594.9299926757812,594.9299926757812,2244
2026-04-24 16:27:00+00:00,595.594970703125,595.594970703125,595.5900268554688,595.5900268554688,769
2026-04-24 16:28:00+00:00,595.5900268554688,595.9849853515625,595.5900268554688,595.9849853515625,963
2026-04-24 16:29:00+00:00,595.9849853515625,595.9849853515625,595.5150146484375,595.5150146484375,4977
2026-04-24 16:30:00+00:00,596.3300170898438,596.4199829101562,596.3300170898438,596.4000244140625,1332
2026-04-24 16:31:00+00:00,595.378173828125,596.6298828125,595.378173828125,596.6298828125,1933
2026-04-24 16:32:00+00:00,596.0,596.0,596.0,596.0,295
2026-04-24 16:33:00+00:00,596.010009765625,596.0650024414062,595.5001220703125,595.5001220703125,1073
2026-04-24 16:34:00+00:00,595.5001220703125,596.6300048828125,595.5001220703125,596.6300048828125,643
2026-04-24 16:35:00+00:00,596.6300048828125,596.6300048828125,596.385009765625,596.385009765625,1451
2026-04-24 16:36:00+00:00,596.364990234375,596.364990234375,596.364990234375,596.364990234375,921
2026-04-24 16:37:00+00:00,596.3200073242188,597.0,596.3200073242188,597.0,4296
2026-04-24 16:38:00+00:00,597.4998779296875,597.4998779296875,596.6099853515625,597.0050048828125,2420
2026-04-24 16:39:00+00:00,596.1799926757812,596.6300048828125,596.1799926757812,596.6300048828125,3629
2026-04-24 16:40:00+00:00,596.2125244140625,596.2125244140625,596.2125244140625,596.2125244140625,1087
2026-04-24 16:41:00+00:00,596.8060913085938,597.0999755859375,596.8060913085938,596.89501953125,1516
2026-04-24 16:42:00+00:00,596.89501953125,597.280029296875,596.89501953125,597.0,6066
2026-04-24 16:43:00+00:00,597.0,597.7899169921875,596.530029296875,596.530029296875,6899
2026-04-24 16:44:00+00:00,596.5850219726562,596.5850219726562,596.5850219726562,596.5850219726562,1262
2026-04-24 16:45:00+00:00,596.6699829101562,596.8599853515625,596.52001953125,596.52001953125,1826
2026-04-24 16:46:00+00:00,596.52001953125,596.52001953125,596.52001953125,596.52001953125,7014
2026-04-24 16:47:00+00:00,596.239990234375,596.239990234375,596.239990234375,596.239990234375,471
2026-04-24 16:48:00+00:00,596.4149780273438,596.4149780273438,596.4149780273438,596.4149780273438,468
2026-04-24 16:49:00+00:00,596.4099731445312,596.75,595.9500122070312,596.1400146484375,5558
2026-04-24 16:50:00+00:00,596.7999877929688,596.7999877929688,596.7999877929688,596.7999877929688,467
2026-04-24 16:51:00+00:00,595.9199829101562,595.9199829101562,595.9199829101562,595.9199829101562,271
2026-04-24 16:52:00+00:00,596.2249755859375,596.2249755859375,596.2249755859375,596.2249755859375,706
2026-04-24 16:53:00+00:00,596.2249755859375,596.2249755859375,596.2249755859375,596.2249755859375,1170
2026-04-24 16:55:00+00:00,596.6799926757812,596.6849975585938,595.9841918945312,595.9841918945312,3801
2026-04-24 16:56:00+00:00,595.7899780273438,596.364990234375,595.7899780273438,596.0,4363
2026-04-24 16:57:00+00:00,596.0999755859375,596.969970703125,596.0999755859375,596.3599853515625,1064
2026-04-24 16:58:00+00:00,596.2949829101562,596.2949829101562,596.2949829101562,596.2949829101562,514
2026-04-24 16:59:00+00:00,596.2951049804688,596.8300170898438,596.2951049804688,596.8300170898438,511
2026-04-24 17:00:00+00:00,596.8400268554688,596.8400268554688,596.8400268554688,596.8400268554688,559
2026-04-24 17:01:00+00:00,596.2899780273438,596.7999877929688,596.2899780273438,596.5250244140625,3880
2026-04-24 17:02:00+00:00,597.0,597.1599731445312,596.5900268554688,596.8499755859375,2112
2026-04-24 17:03:00+00:00,596.7100219726562,597.1300048828125,596.5900268554688,596.5900268554688,1614
2026-04-24 17:04:00+00:00,596.0599975585938,596.9815063476562,595.8400268554688,596.4249877929688,18152
2026-04-24 17:05:00+00:00,596.4249877929688,596.4249877929688,596.4249877929688,596.4249877929688,902
2026-04-24 17:06:00+00:00,596.4249877929688,596.4949951171875,596.02001953125,596.219970703125,3198
2026-04-24 17:07:00+00:00,596.5,596.5,594.8900146484375,595.2100219726562,6196
2026-04-24 17:08:00+00:00,595.239990234375,595.4199829101562,595.239990234375,595.364990234375,4410
2026-04-24 17:09:00+00:00,594.7150268554688,595.2199096679688,594.60498046875,594.60498046875,873
2026-04-24 17:10:00+00:00,594.5,594.8900146484375,594.1199951171875,594.6400146484375,5534
2026-04-24 17:11:00+00:00,594.4199829101562,595.0499877929688,594.4199829101562,594.64501953125,889
2026-04-24 17:12:00+00:00,594.8400268554688,594.8400268554688,594.1199951171875,594.489990234375,853
2026-04-24 17:13:00+00:00,594.4824829101562,594.4824829101562,592.3300170898438,593.0800170898438,29955
2026-04-24 17:14:00+00:00,593.1799926757812,593.6599731445312,593.1799926757812,593.6599731445312,1228
2026-04-24 17:15:00+00:00,593.5999755859375,593.8300170898438,592.72998046875,592.72998046875,2614
2026-04-24 17:16:00+00:00,592.5999755859375,592.9957275390625,592.1500244140625,592.9957275390625,1416
2026-04-24 17:17:00+00:00,593.3599853515625,594.1090698242188,593.3599853515625,594.0,4513
2026-04-24 17:18:00+00:00,594.094970703125,594.10498046875,593.2150268554688,594.10498046875,1572
2026-04-24 17:19:00+00:00,594.5399780273438,594.5399780273438,593.7949829101562,593.7949829101562,838
2026-04-24 17:20:00+00:00,594.5250244140625,594.5999755859375,593.9500122070312,593.969970703125,2316
2026-04-24 17:21:00+00:00,593.4749755859375,593.4749755859375,593.4749755859375,593.4749755859375,338
2026-04-24 17:22:00+00:00,593.1199951171875,593.1199951171875,593.1199951171875,593.1199951171875,540
2026-04-24 17:23:00+00:00,592.969970703125,592.969970703125,591.9400024414062,592.469970703125,8297
2026-04-24 17:25:00+00:00,593.0,593.3900146484375,592.5100708007812,593.1199951171875,1708
2026-04-24 17:26:00+00:00,593.0050048828125,593.0050048828125,592.7000122070312,593.0,1486
2026-04-24 17:27:00+00:00,593.0,593.22998046875,593.0,593.22998046875,926
2026-04-24 17:28:00+00:00,593.219970703125,593.219970703125,592.8300170898438,593.0474853515625,4229
2026-04-24 17:29:00+00:00,593.3800048828125,593.8900146484375,593.0,593.530029296875,2451
2026-04-24 17:30:00+00:00,593.5150146484375,593.5150146484375,592.2899780273438,592.7449951171875,5103
2026-04-24 17:31:00+00:00,592.7449951171875,592.8599853515625,590.4400024414062,590.6016235351562,40095
2026-04-24 17:32:00+00:00,590.162109375,590.510009765625,587.280029296875,589.260009765625,39727
2026-04-24 17:33:00+00:00,589.1099853515625,589.469970703125,589.1099853515625,589.1099853515625,1401
2026-04-24 17:34:00+00:00,589.469970703125,590.5900268554688,589.469970703125,589.9199829101562,3809
2026-04-24 17:35:00+00:00,590.5650024414062,591.3599853515625,590.3900146484375,591.1849975585938,2415
2026-04-24 17:36:00+00:00,590.7100219726562,591.3699951171875,590.6849975585938,591.3699951171875,2931
2026-04-24 17:37:00+00:00,591.0250244140625,591.0650024414062,590.6749877929688,591.0650024414062,2106
2026-04-24 17:38:00+00:00,590.989990234375,590.989990234375,589.5,589.5,6557
2026-04-24 17:39:00+00:00,589.9462280273438,589.9462280273438,589.9462280273438,589.9462280273438,739
2026-04-24 17:40:00+00:00,589.3699951171875,590.010009765625,589.0,589.969970703125,1821
2026-04-24 17:41:00+00:00,590.4869995117188,591.2050170898438,589.2999877929688,590.7578125,7375
2026-04-24 17:42:00+00:00,590.2449951171875,590.2899780273438,590.2449951171875,590.2899780273438,1199
2026-04-24 17:43:00+00:00,590.0449829101562,590.1950073242188,590.0449829101562,590.1950073242188,1249
2026-04-24 17:45:00+00:00,590.5850219726562,590.5850219726562,590.2899780273438,590.2999877929688,1878
2026-04-24 17:46:00+00:00,590.9199829101562,591.1900024414062,590.5750122070312,590.9149780273438,3533
2026-04-24 17:47:00+00:00,591.381103515625,591.381103515625,590.989990234375,590.989990234375,968
2026-04-24 17:48:00+00:00,590.77001953125,590.77001953125,590.47998046875,590.47998046875,2324
2026-04-24 17:49:00+00:00,591.0399780273438,591.0399780273438,591.0399780273438,591.0399780273438,296
2026-04-24 17:50:00+00:00,591.5076293945312,591.5076293945312,590.280029296875,591.094970703125,1181
2026-04-24 17:51:00+00:00,591.0499877929688,591.0999755859375,591.0,591.0999755859375,1716
2026-04-24 17:52:00+00:00,591.0,591.4500122070312,591.0,591.27001953125,684
2026-04-24 17:53:00+00:00,591.2750244140625,591.7449951171875,591.2750244140625,591.7449951171875,3195
2026-04-24 17:54:00+00:00,591.7999877929688,593.1500244140625,591.7999877929688,592.7465209960938,7673
2026-04-24 17:55:00+00:00,592.239990234375,592.239990234375,592.1699829101562,592.1699829101562,1340
2026-04-24 17:56:00+00:00,592.6810302734375,593.4500122070312,592.1801147460938,592.9000244140625,11391
2026-04-24 17:57:00+00:00,592.530029296875,593.5900268554688,592.530029296875,592.8674926757812,11716
2026-04-24 17:58:00+00:00,593.3599853515625,593.594970703125,593.3599853515625,593.594970703125,936
2026-04-24 17:59:00+00:00,593.8599853515625,594.27001953125,593.4000854492188,593.8350219726562,2483
2026-04-24 18:00:00+00:00,593.8350219726562,593.8350219726562,593.2999877929688,593.2999877929688,12441
2026-04-24 18:01:00+00:00,594.0009155273438,594.780029296875,594.0009155273438,594.780029296875,2720
2026-04-24 18:02:00+00:00,594.2301025390625,594.5800170898438,594.22998046875,594.22998046875,1199
2026-04-24 18:03:00+00:00,594.489990234375,594.489990234375,593.010009765625,593.010009765625,6315
2026-04-24 18:04:00+00:00,592.8200073242188,592.8599853515625,592.1599731445312,592.8599853515625,8877
2026-04-24 18:05:00+00:00,592.9000244140625,593.2899780273438,592.52001953125,593.2899780273438,4880
2026-04-24 18:06:00+00:00,593.2899780273438,593.5399780273438,593.2899780273438,593.52001953125,1253
2026-04-24 18:07:00+00:00,593.3900146484375,593.5800170898438,593.3900146484375,593.5800170898438,2190
2026-04-24 18:08:00+00:00,593.1099853515625,593.1099853515625,592.5501098632812,593.1099853515625,3675
2026-04-24 18:09:00+00:00,593.02001953125,593.3699951171875,592.5399780273438,593.3699951171875,3972
2026-04-24 18:10:00+00:00,592.9000244140625,592.9000244140625,592.9000244140625,592.9000244140625,1147
2026-04-24 18:11:00+00:00,592.6749877929688,592.6749877929688,592.2100219726562,592.2100219726562,1010
2026-04-24 18:12:00+00:00,592.0701293945312,592.3400268554688,591.6749877929688,591.6749877929688,4447
2026-04-24 18:13:00+00:00,590.52001953125,592.0399780273438,590.52001953125,592.0399780273438,1641
2026-04-24 18:14:00+00:00,592.0700073242188,592.0700073242188,591.5399780273438,592.0,1218
2026-04-24 18:15:00+00:00,592.0,592.3599853515625,591.510009765625,591.510009765625,3895
2026-04-24 18:16:00+00:00,591.9752807617188,592.22998046875,591.22998046875,591.22998046875,2328
2026-04-24 18:17:00+00:00,591.219970703125,591.6599731445312,591.1799926757812,591.6599731445312,2022
2026-04-24 18:18:00+00:00,591.1849975585938,591.6599731445312,590.1099853515625,590.5999755859375,11943
2026-04-24 18:19:00+00:00,590.2999877929688,591.2899169921875,590.0001220703125,590.7100219726562,11973
2026-04-24 18:20:00+00:00,590.3499755859375,590.4199829101562,589.6199951171875,590.1900024414062,11196
2026-04-24 18:21:00+00:00,589.9400024414062,590.8300170898438,589.6950073242188,590.8300170898438,5125
2026-04-24 18:22:00+00:00,590.2899780273438,590.77001953125,590.2899780273438,590.5675048828125,7052
2026-04-24 18:23:00+00:00,590.5850219726562,591.0900268554688,590.530029296875,590.6649780273438,4781
2026-04-24 18:24:00+00:00,590.6649780273438,591.8300170898438,590.3099975585938,591.8300170898438,14562
2026-04-24 18:25:00+00:00,591.4949951171875,592.1900024414062,591.4949951171875,592.1900024414062,3513
2026-04-24 18:26:00+00:00,592.3300170898438,592.5800170898438,592.0,592.280029296875,4430
2026-04-24 18:27:00+00:00,591.8200073242188,592.22998046875,591.8099975585938,591.8699951171875,2181
2026-04-24 18:28:00+00:00,592.1900024414062,592.530029296875,591.52001953125,591.9199829101562,4064
2026-04-24 18:29:00+00:00,591.9099731445312,591.9099731445312,591.89501953125,591.89501953125,1451
2026-04-24 18:30:00+00:00,592.1199951171875,592.1199951171875,591.8800048828125,591.8800048828125,3527
2026-04-24 18:31:00+00:00,592.3599853515625,592.864990234375,592.3599853515625,592.60498046875,2816
2026-04-24 18:32:00+00:00,592.719970703125,593.159912109375,592.719970703125,593.159912109375,2065
2026-04-24 18:33:00+00:00,592.6900024414062,592.6900024414062,592.5,592.64501953125,1650
2026-04-24 18:34:00+00:00,592.8200073242188,593.2299194335938,592.7349853515625,592.8699951171875,3366
2026-04-24 18:35:00+00:00,593.0,593.22998046875,592.8699951171875,593.22998046875,2654
2026-04-24 18:36:00+00:00,592.8300170898438,592.989990234375,592.8250122070312,592.989990234375,2310
2026-04-24 18:37:00+00:00,592.510009765625,592.510009765625,592.2349853515625,592.2349853515625,2884
2026-04-24 18:38:00+00:00,592.2349853515625,592.5399780273438,592.2349853515625,592.5399780273438,2463
2026-04-24 18:39:00+00:00,592.2864990234375,592.4600219726562,592.1900024414062,592.1900024414062,8153
2026-04-24 18:40:00+00:00,592.489990234375,592.5,592.3900146484375,592.3900146484375,1469
2026-04-24 18:41:00+00:00,592.6500244140625,592.8900146484375,592.6500244140625,592.8499755859375,2753
2026-04-24 18:42:00+00:00,592.5999755859375,592.5999755859375,592.47998046875,592.47998046875,1775
2026-04-24 18:43:00+00:00,592.47998046875,592.47998046875,592.47998046875,592.47998046875,1658
2026-04-24 18:44:00+00:00,592.4749755859375,592.9500122070312,592.405029296875,592.9500122070312,3434
2026-04-24 18:45:00+00:00,592.9500122070312,592.9500122070312,592.9500122070312,592.9500122070312,731
2026-04-24 18:46:00+00:00,593.0900268554688,593.5842895507812,593.0,593.4749755859375,2483
2026-04-24 18:47:00+00:00,593.0750122070312,593.5,593.0750122070312,593.405029296875,1252
2026-04-24 18:48:00+00:00,592.9301147460938,593.385009765625,592.2899780273438,592.2899780273438,5881
2026-04-24 18:49:00+00:00,592.2100219726562,592.6900024414062,591.0399780273438,591.5900268554688,14121
2026-04-24 18:50:00+00:00,591.760009765625,591.9500122070312,591.3800048828125,591.8200073242188,5677
2026-04-24 18:51:00+00:00,591.7000122070312,592.3200073242188,591.3900146484375,592.0700073242188,4920
2026-04-24 18:52:00+00:00,592.3699951171875,592.7100219726562,591.9849853515625,591.9849853515625,7419
2026-04-24 18:53:00+00:00,592.10498046875,592.10498046875,591.9600219726562,592.010009765625,2114
2026-04-24 18:54:00+00:00,592.010009765625,592.010009765625,591.52001953125,591.7349853515625,6140
2026-04-24 18:55:00+00:00,591.7349853515625,592.1400146484375,591.7349853515625,592.1400146484375,2753
2026-04-24 18:56:00+00:00,591.760009765625,592.0900268554688,591.760009765625,592.0900268554688,1511
2026-04-24 18:57:00+00:00,592.2100219726562,592.2100219726562,591.8300170898438,592.0,4534
2026-04-24 18:58:00+00:00,591.8699951171875,591.8699951171875,591.677490234375,591.677490234375,2684
2026-04-24 18:59:00+00:00,591.7000122070312,591.7000122070312,591.280029296875,591.280029296875,1549
2026-04-24 19:00:00+00:00,591.280029296875,591.5599975585938,591.0399780273438,591.10498046875,3765
2026-04-24 19:01:00+00:00,591.3300170898438,591.7899780273438,591.2449951171875,591.7899780273438,3840
2026-04-24 19:02:00+00:00,591.7449951171875,591.9949951171875,591.7449951171875,591.9949951171875,3759
2026-04-24 19:03:00+00:00,591.8400268554688,592.0599975585938,591.0,591.0,5668
2026-04-24 19:04:00+00:00,590.89501953125,591.4249877929688,590.8300170898438,590.8300170898438,2584
2026-04-24 19:05:00+00:00,591.4025268554688,591.4025268554688,591.1116943359375,591.3250122070312,1317
2026-04-24 19:06:00+00:00,590.739990234375,591.0700073242188,590.5349731445312,590.5349731445312,2118
2026-04-24 19:07:00+00:00,590.5499877929688,590.5599975585938,590.1599731445312,590.5599975585938,1122
2026-04-24 19:08:00+00:00,590.6599731445312,591.25,590.6599731445312,591.22998046875,2983
2026-04-24 19:09:00+00:00,591.25,591.25,591.0900268554688,591.25,3733
2026-04-24 19:10:00+00:00,591.27001953125,591.27001953125,590.2999877929688,590.2999877929688,3947
2026-04-24 19:11:00+00:00,590.75,590.75,590.75,590.75,2785
2026-04-24 19:12:00+00:00,590.6900024414062,590.6900024414062,590.3099975585938,590.6500244140625,2097
2026-04-24 19:13:00+00:00,590.501708984375,590.501708984375,590.0250244140625,590.489990234375,5699
2026-04-24 19:14:00+00:00,590.3049926757812,590.3049926757812,590.3049926757812,590.3049926757812,542
2026-04-24 19:15:00+00:00,590.5999755859375,590.7000122070312,590.4349975585938,590.7000122070312,2441
2026-04-24 19:16:00+00:00,590.3499755859375,590.4199829101562,590.3499755859375,590.4199829101562,3527
2026-04-24 19:17:00+00:00,590.5349731445312,590.5349731445312,590.5349731445312,590.5349731445312,1792
2026-04-24 19:18:00+00:00,589.9000244140625,590.7899169921875,589.75,590.1500244140625,4411
2026-04-24 19:19:00+00:00,590.2000122070312,590.2100219726562,589.6401977539062,589.97998046875,4214
2026-04-24 19:20:00+00:00,590.239990234375,590.239990234375,589.3001098632812,589.3001098632812,5649
2026-04-24 19:21:00+00:00,589.344970703125,589.889892578125,588.780029296875,589.1199951171875,3872
2026-04-24 19:22:00+00:00,589.4902954101562,589.5900268554688,589.3599853515625,589.3599853515625,2229
2026-04-24 19:23:00+00:00,589.3699951171875,589.3699951171875,588.5999755859375,588.5999755859375,3311
2026-04-24 19:24:00+00:00,588.3800048828125,588.3800048828125,588.0800170898438,588.2899780273438,4643
2026-04-24 19:25:00+00:00,588.5999755859375,588.7249755859375,588.5999755859375,588.7249755859375,2051
2026-04-24 19:26:00+00:00,588.5750122070312,588.5750122070312,587.52001953125,588.0999755859375,6026
2026-04-24 19:27:00+00:00,588.1799926757812,588.1799926757812,587.5300903320312,587.9949951171875,2660
2026-04-24 19:28:00+00:00,588.0850219726562,588.0900268554688,588.0850219726562,588.0900268554688,2175
2026-04-24 19:29:00+00:00,588.1126708984375,588.4500122070312,587.72998046875,588.094970703125,1863
2026-04-24 19:30:00+00:00,588.0800170898438,588.1099853515625,587.72998046875,588.0,5841
2026-04-24 19:31:00+00:00,588.2899780273438,588.7000122070312,588.0999755859375,588.530029296875,5192
2026-04-24 19:32:00+00:00,588.6699829101562,589.4500122070312,588.6699829101562,589.2650146484375,6185
2026-04-24 19:33:00+00:00,589.260009765625,589.5499877929688,588.9600219726562,589.030029296875,9036
2026-04-24 19:34:00+00:00,588.5800170898438,588.7249755859375,588.2899780273438,588.2899780273438,2289
2026-04-24 19:35:00+00:00,588.2999877929688,588.530029296875,587.8099975585938,588.4600219726562,10966
2026-04-24 19:36:00+00:00,587.7999877929688,588.4000244140625,587.75,588.0599975585938,2051
2026-04-24 19:37:00+00:00,588.3800048828125,589.0599975585938,588.3800048828125,588.5,4111
2026-04-24 19:38:00+00:00,588.2150268554688,588.7999267578125,587.3494873046875,587.739990234375,10061
2026-04-24 19:39:00+00:00,587.9199829101562,588.1798706054688,587.3200073242188,587.510009765625,4047
2026-04-24 19:40:00+00:00,587.719970703125,588.02001953125,587.1199951171875,587.9099731445312,9458
2026-04-24 19:41:00+00:00,587.8300170898438,588.0900268554688,587.1400146484375,587.9099731445312,2401
2026-04-24 19:42:00+00:00,587.9600219726562,588.1900024414062,587.22998046875,587.5,7094
2026-04-24 19:43:00+00:00,587.5,587.7100219726562,587.4949951171875,587.5,5052
2026-04-24 19:44:00+00:00,587.6599731445312,588.1400146484375,587.6500244140625,588.1400146484375,4948
2026-04-24 19:45:00+00:00,587.6500244140625,587.6500244140625,587.405029296875,587.405029296875,4329
2026-04-24 19:46:00+00:00,587.3800048828125,587.7000122070312,587.0700073242188,587.7000122070312,5634
2026-04-24 19:47:00+00:00,587.8049926757812,588.1799926757812,587.4301147460938,588.1799926757812,4447
2026-04-24 19:48:00+00:00,588.1900024414062,588.1900024414062,587.7200927734375,587.7200927734375,4507
2026-04-24 19:49:00+00:00,588.0499877929688,588.0499877929688,587.780029296875,587.9390258789062,3120
2026-04-24 19:50:00+00:00,587.7899780273438,588.219970703125,587.0,587.1749877929688,12289
2026-04-24 19:51:00+00:00,587.1199951171875,587.4199829101562,586.989990234375,587.0289916992188,12356
2026-04-24 19:52:00+00:00,587.239990234375,587.4450073242188,586.4000244140625,586.4000244140625,8444
2026-04-24 19:53:00+00:00,586.1500244140625,586.6500244140625,586.0599975585938,586.3350219726562,12827
2026-04-24 19:54:00+00:00,586.2100219726562,586.27001953125,585.5850219726562,585.8300170898438,19115
2026-04-24 19:55:00+00:00,585.8300170898438,587.2100219726562,585.3699951171875,585.7999877929688,26697
2026-04-24 19:56:00+00:00,585.6099853515625,586.0499877929688,585.510009765625,585.72998046875,23130
2026-04-24 19:57:00+00:00,585.5399780273438,585.5700073242188,585.0,585.489990234375,26706
2026-04-24 19:58:00+00:00,585.5800170898438,585.948974609375,585.2100219726562,585.489990234375,31154
2026-04-24 19:59:00+00:00,585.6599731445312,586.3099975585938,585.3400268554688,585.8400268554688,82463
2026-04-29 13:30:00+00:00,667.97998046875,693.0,662.0,687.52001953125,954831
2026-04-29 13:31:00+00:00,688.6599731445312,693.7000122070312,672.017822265625,675.0,344320
2026-04-29 13:32:00+00:00,674.280029296875,684.5850219726562,670.25,676.6599731445312,118146
2026-04-29 13:33:00+00:00,676.8800048828125,681.1099853515625,665.9500122070312,668.739990234375,99518
2026-04-29 13:34:00+00:00,669.1799926757812,680.0,668.5,675.1932983398438,90981
2026-04-29 13:35:00+00:00,675.6599731445312,683.3200073242188,675.6300048828125,681.35498046875,113909
2026-04-29 13:36:00+00:00,682.0,685.9749755859375,677.6600952148438,685.760009765625,125077
2026-04-29 13:37:00+00:00,685.0,693.239990234375,684.760009765625,691.7349853515625,117755
2026-04-29 13:38:00+00:00,692.0,695.989990234375,685.2899780273438,686.97998046875,122343
2026-04-29 13:39:00+00:00,687.1599731445312,691.219970703125,687.1599731445312,690.5,59944
2026-04-29 13:40:00+00:00,690.010009765625,697.0,690.0,693.625,96439
2026-04-29 13:41:00+00:00,693.625,693.989990234375,689.5,690.1099853515625,71031
2026-04-29 13:42:00+00:00,690.02001953125,690.8800048828125,687.0499877929688,688.343994140625,80490
2026-04-29 13:43:00+00:00,688.27001953125,690.7000122070312,680.9000244140625,680.9000244140625,71040
2026-04-29 13:44:00+00:00,681.3599853515625,685.4000244140625,680.360107421875,685.1500244140625,62749
2026-04-29 13:45:00+00:00,684.239990234375,685.0,676.739990234375,676.7899780273438,76021
2026-04-29 13:46:00+00:00,677.030029296875,679.7999877929688,671.9149780273438,672.3729248046875,91236
2026-04-29 13:47:00+00:00,672.2122802734375,677.9998779296875,672.2122802734375,675.5700073242188,55030
2026-04-29 13:48:00+00:00,675.6668701171875,676.6500244140625,666.6600952148438,669.0,98744
2026-04-29 13:49:00+00:00,668.0599975585938,671.0599975585938,665.0,666.9500122070312,69892
2026-04-29 13:50:00+00:00,667.3200073242188,672.5700073242188,666.6300048828125,672.3599853515625,36671
2026-04-29 13:51:00+00:00,672.3599853515625,673.97998046875,668.0,671.5499877929688,42581
2026-04-29 13:52:00+00:00,672.0,674.0,671.6799926757812,672.5999755859375,37793
2026-04-29 13:53:00+00:00,673.47998046875,675.8098754882812,671.6799926757812,674.60498046875,50434
2026-04-29 13:54:00+00:00,674.60498046875,675.1599731445312,672.2999877929688,673.7999877929688,30447
2026-04-29 13:55:00+00:00,673.7999877929688,674.8099975585938,671.5100708007812,673.9824829101562,44461
2026-04-29 13:56:00+00:00,673.9998779296875,674.780029296875,670.3001098632812,672.4039916992188,29368
2026-04-29 13:57:00+00:00,672.1900024414062,675.4337158203125,669.7999877929688,674.8099975585938,62293
2026-04-29 13:58:00+00:00,675.0,677.9965209960938,674.239990234375,674.9249877929688,48574
2026-04-29 13:59:00+00:00,675.6500244140625,677.1500244140625,672.0,673.8936157226562,38510
2026-04-29 14:00:00+00:00,673.4774780273438,676.5,672.0001220703125,675.7449951171875,23320
2026-04-29 14:01:00+00:00,675.5050048828125,676.0900268554688,671.0001220703125,672.0999755859375,30496
2026-04-29 14:02:00+00:00,672.094970703125,677.4000244140625,671.2000122070312,676.1901245117188,61483
2026-04-29 14:03:00+00:00,677.3699951171875,677.3800048828125,675.739990234375,676.405029296875,18585
2026-04-29 14:04:00+00:00,676.344970703125,676.719970703125,670.0,670.8300170898438,46360
2026-04-29 14:05:00+00:00,670.7249755859375,673.5037231445312,669.3200073242188,672.0,26107
2026-04-29 14:06:00+00:00,671.1699829101562,671.3400268554688,668.1099853515625,668.2800903320312,69447
2026-04-29 14:07:00+00:00,668.6400146484375,671.0698852539062,668.280029296875,669.0750122070312,15644
2026-04-29 14:08:00+00:00,668.719970703125,669.5999755859375,667.10009765625,667.10009765625,18118
2026-04-29 14:09:00+00:00,667.14208984375,669.5999755859375,666.5001220703125,668.7999877929688,21502
2026-04-29 14:10:00+00:00,668.4199829101562,668.7949829101562,664.8099975585938,664.8099975585938,39913
2026-04-29 14:11:00+00:00,664.8099975585938,666.2349853515625,662.8900146484375,663.1199951171875,63684
2026-04-29 14:12:00+00:00,663.1199951171875,665.877685546875,662.6600952148438,664.3699951171875,46464
2026-04-29 14:13:00+00:00,664.0399780273438,665.0,658.9793090820312,659.719970703125,59423
2026-04-29 14:14:00+00:00,659.625,660.4500122070312,658.0,659.8200073242188,43908
2026-04-29 14:15:00+00:00,659.5700073242188,663.7100219726562,659.0,662.35498046875,21352
2026-04-29 14:16:00+00:00,662.0399780273438,663.0,659.5,659.7050170898438,40727
2026-04-29 14:17:00+00:00,659.4199829101562,662.739501953125,658.9400024414062,662.1199951171875,44498
2026-04-29 14:18:00+00:00,661.6699829101562,663.0,660.52001953125,660.8485107421875,32559
2026-04-29 14:19:00+00:00,661.239990234375,661.9171752929688,658.0001220703125,660.6400146484375,32750
2026-04-29 14:20:00+00:00,660.989990234375,661.1900024414062,658.7000122070312,660.3499755859375,32033
2026-04-29 14:21:00+00:00,660.5750122070312,660.5750122070312,658.0999755859375,658.7650146484375,24586
2026-04-29 14:22:00+00:00,658.1699829101562,658.3300170898438,654.38671875,657.1799926757812,61287
2026-04-29 14:23:00+00:00,657.8099975585938,661.0700073242188,657.8099975585938,659.7849731445312,29661
2026-04-29 14:24:00+00:00,659.02001953125,662.9600219726562,658.0900268554688,660.0,44709
2026-04-29 14:25:00+00:00,660.253173828125,660.6799926757812,658.3599853515625,659.6799926757812,13561
2026-04-29 14:26:00+00:00,659.3900146484375,660.669921875,655.1300048828125,655.7899780273438,21629
2026-04-29 14:27:00+00:00,655.6099853515625,657.27001953125,655.2777099609375,656.5,25007
2026-04-29 14:28:00+00:00,656.5,670.4349975585938,656.5,658.5399780273438,19039
2026-04-29 14:29:00+00:00,658.9542236328125,659.5900268554688,656.0,657.22998046875,46294
2026-04-29 14:30:00+00:00,656.989990234375,661.8900146484375,656.0001220703125,661.0499877929688,23962
2026-04-29 14:31:00+00:00,660.4600219726562,661.5,659.4500122070312,661.2449951171875,15020
2026-04-29 14:32:00+00:00,661.6699829101562,664.0601196289062,661.2449951171875,662.6699829101562,27498
2026-04-29 14:33:00+00:00,662.9400024414062,663.7199096679688,660.1500244140625,660.9000244140625,19560
2026-04-29 14:34:00+00:00,660.0,660.5900268554688,658.1400756835938,659.364990234375,16469
2026-04-29 14:35:00+00:00,658.6950073242188,661.760009765625,657.9099731445312,660.9849853515625,29645
2026-04-29 14:36:00+00:00,661.6199951171875,664.1599731445312,660.969970703125,662.760009765625,49196
2026-04-29 14:37:00+00:00,662.60498046875,664.8300170898438,662.0,664.2449951171875,28657
2026-04-29 14:38:00+00:00,664.27001953125,665.8499755859375,662.8200073242188,664.6900024414062,49997
2026-04-29 14:39:00+00:00,663.8499755859375,666.5999145507812,663.8499755859375,665.1589965820312,38074
2026-04-29 14:40:00+00:00,665.3900146484375,665.5449829101562,661.1099853515625,663.97998046875,15788
2026-04-29 14:41:00+00:00,663.0,663.510009765625,662.0,662.2949829101562,15889
2026-04-29 14:42:00+00:00,661.6799926757812,663.2999877929688,660.7899780273438,661.2650146484375,18821
2026-04-29 14:43:00+00:00,661.5800170898438,662.1599731445312,660.0499877929688,660.9299926757812,12156
2026-04-29 14:44:00+00:00,660.8699951171875,661.8499755859375,660.0501098632812,661.8499755859375,6146
2026-04-29 14:45:00+00:00,662.1599731445312,663.9190063476562,661.0,661.9349975585938,30368
2026-04-29 14:46:00+00:00,661.0,663.0,660.8300170898438,661.8049926757812,7484
2026-04-29 14:47:00+00:00,661.5700073242188,661.9998779296875,660.8300170898438,661.0720825195312,14017
2026-04-29 14:48:00+00:00,661.9199829101562,664.25,661.5,663.6099853515625,25692
2026-04-29 14:49:00+00:00,663.6300048828125,665.47998046875,662.9099731445312,664.1900024414062,19731
2026-04-29 14:50:00+00:00,664.4299926757812,666.5999145507812,662.9099731445312,665.7949829101562,13803
2026-04-29 14:51:00+00:00,666.3599853515625,668.4000244140625,665.8900146484375,667.4650268554688,24299
2026-04-29 14:52:00+00:00,667.260009765625,669.3099975585938,666.219970703125,669.0900268554688,18208
2026-04-29 14:53:00+00:00,668.8400268554688,671.0,668.0200805664062,668.0200805664062,36928
2026-04-29 14:54:00+00:00,668.2999877929688,669.6599731445312,668.0200805664062,668.6901245117188,42303
2026-04-29 14:55:00+00:00,669.4194946289062,671.3400268554688,669.2249755859375,671.3399047851562,29000
2026-04-29 14:56:00+00:00,671.375,672.9998779296875,670.7501220703125,671.8800048828125,27493
2026-04-29 14:57:00+00:00,671.1900024414062,671.5,669.6900024414062,670.3150024414062,13830
2026-04-29 14:58:00+00:00,670.8099975585938,671.47998046875,668.9400024414062,669.989990234375,18122
2026-04-29 14:59:00+00:00,669.5,671.02001953125,669.4199829101562,671.02001953125,6167
2026-04-29 15:00:00+00:00,671.3200073242188,672.9998779296875,671.3200073242188,671.4400024414062,17910
2026-04-29 15:01:00+00:00,671.030029296875,671.3900146484375,668.52001953125,669.1099853515625,16898
2026-04-29 15:02:00+00:00,668.5972900390625,669.2098999023438,667.52001953125,668.7750244140625,12924
2026-04-29 15:03:00+00:00,669.489990234375,669.489990234375,668.0001220703125,668.3699951171875,10699
2026-04-29 15:04:00+00:00,668.739990234375,668.7899780273438,666.0,666.0,22915
2026-04-29 15:05:00+00:00,666.1500244140625,667.9998779296875,665.875,667.2999877929688,9867
2026-04-29 15:06:00+00:00,666.4099731445312,668.344970703125,665.5700073242188,667.9500122070312,15391
2026-04-29 15:07:00+00:00,668.344970703125,670.0,667.9000244140625,670.0,18019
2026-04-29 15:08:00+00:00,670.2218017578125,672.0,670.02001953125,670.043212890625,18722
2026-04-29 15:09:00+00:00,669.3099975585938,669.60498046875,666.10009765625,666.1099853515625,15499
2026-04-29 15:10:00+00:00,665.8201293945312,667.5,665.8201293945312,667.5,7527
2026-04-29 15:11:00+00:00,666.77001953125,667.8800048828125,665.4000244140625,665.4000244140625,16015
2026-04-29 15:12:00+00:00,665.4000244140625,665.9450073242188,664.0,665.184814453125,14154
2026-04-29 15:13:00+00:00,665.0001220703125,666.3300170898438,665.0001220703125,665.6900024414062,8649
2026-04-29 15:14:00+00:00,666.6599731445312,668.9699096679688,666.5001220703125,667.60498046875,6932
2026-04-29 15:15:00+00:00,667.0101928710938,667.344970703125,665.02001953125,665.9500122070312,17564
2026-04-29 15:16:00+00:00,666.489990234375,668.2210083007812,665.7000122070312,666.6973876953125,18292
2026-04-29 15:17:00+00:00,666.6992797851562,666.8195190429688,664.0,665.1300048828125,34793
2026-04-29 15:18:00+00:00,664.4238891601562,666.0,663.2000732421875,664.0,16175
2026-04-29 15:19:00+00:00,664.2249755859375,664.5999755859375,663.4000854492188,664.3499755859375,6498
2026-04-29 15:20:00+00:00,663.7000122070312,666.0,663.47998046875,665.0100708007812,16029
2026-04-29 15:21:00+00:00,665.010009765625,665.010009765625,662.8099975585938,662.8099975585938,11056
2026-04-29 15:22:00+00:00,662.8200073242188,664.0,661.3400268554688,661.6699829101562,12832
2026-04-29 15:23:00+00:00,661.6699829101562,663.0,659.25,660.5750122070312,15743
2026-04-29 15:24:00+00:00,660.8300170898438,661.0499877929688,660.0,660.1599731445312,7658
2026-04-29 15:25:00+00:00,660.3474731445312,663.9799194335938,660.010009765625,662.5,9639
2026-04-29 15:26:00+00:00,662.5050048828125,663.9130249023438,662.5,663.4547119140625,8975
2026-04-29 15:27:00+00:00,663.6099853515625,664.39990234375,662.1099853515625,662.6427001953125,10692
2026-04-29 15:28:00+00:00,662.4168090820312,663.260009765625,661.090087890625,662.5599975585938,8507
2026-04-29 15:29:00+00:00,662.5499877929688,663.8464965820312,661.7849731445312,663.2050170898438,6588
2026-04-29 15:30:00+00:00,663.4000244140625,664.8800048828125,663.4000244140625,664.75,5604
2026-04-29 15:31:00+00:00,664.3699951171875,667.0,663.8300170898438,666.2999877929688,10263
2026-04-29 15:32:00+00:00,666.4299926757812,669.0,666.4199829101562,667.4749755859375,7090
2026-04-29 15:33:00+00:00,668.2833251953125,671.280029296875,667.4299926757812,670.47998046875,24427
2026-04-29 15:34:00+00:00,670.5050048828125,671.2252807617188,669.010009765625,670.0,18891
2026-04-29 15:35:00+00:00,671.0,671.0,669.0401000976562,669.5750122070312,6533
2026-04-29 15:36:00+00:00,669.5750122070312,670.9600219726562,669.5750122070312,670.1900024414062,6207
2026-04-29 15:37:00+00:00,670.9598999023438,671.1799926757812,669.0499877929688,669.0499877929688,15392
2026-04-29 15:38:00+00:00,669.0599975585938,669.1099853515625,668.0001220703125,668.4099731445312,10148
2026-04-29 15:39:00+00:00,668.3200073242188,669.7899780273438,667.0700073242188,667.7849731445312,10495
2026-04-29 15:40:00+00:00,667.7849731445312,668.1400146484375,665.75,666.510009765625,11181
2026-04-29 15:41:00+00:00,666.3900146484375,667.7799072265625,663.580078125,663.580078125,21633
2026-04-29 15:42:00+00:00,664.0800170898438,664.0800170898438,662.6400146484375,662.6400146484375,7956
2026-04-29 15:43:00+00:00,662.4299926757812,664.2000122070312,661.510009765625,662.85498046875,11402
2026-04-29 15:44:00+00:00,662.5549926757812,662.5599975585938,661.8800048828125,662.3049926757812,5136
2026-04-29 15:45:00+00:00,662.8499755859375,662.8499755859375,661.510009765625,661.510009765625,5444
2026-04-29 15:46:00+00:00,661.4949951171875,663.5494995117188,661.0,661.0,15041
2026-04-29 15:47:00+00:00,663.5521240234375,665.0,662.3099975585938,664.75,10212
2026-04-29 15:48:00+00:00,664.780029296875,665.4998779296875,660.522216796875,660.522216796875,13816
2026-04-29 15:49:00+00:00,661.6199951171875,662.1699829101562,660.5250244140625,661.9249877929688,7315
2026-04-29 15:50:00+00:00,662.0,662.0900268554688,660.1500244140625,660.9600219726562,10905
2026-04-29 15:51:00+00:00,661.37451171875,661.4749755859375,659.25,660.0,19572
2026-04-29 15:52:00+00:00,659.0001220703125,660.0496826171875,658.6599731445312,659.3300170898438,11123
2026-04-29 15:53:00+00:00,658.72998046875,660.0,658.4401245117188,659.0700073242188,9201
2026-04-29 15:54:00+00:00,658.5,659.7000122070312,657.1500244140625,658.4000244140625,9278
2026-04-29 15:55:00+00:00,658.4500122070312,659.6099243164062,657.5,659.0349731445312,8205
2026-04-29 15:56:00+00:00,659.3499755859375,660.1450805664062,659.3499755859375,660.0,5619
2026-04-29 15:57:00+00:00,659.0499877929688,659.989990234375,658.8201293945312,659.510009765625,7480
2026-04-29 15:58:00+00:00,659.510009765625,660.3599853515625,659.4299926757812,659.4749755859375,11836
2026-04-29 15:59:00+00:00,659.2999877929688,660.510009765625,658.8200073242188,659.0499877929688,8711
2026-04-29 16:00:00+00:00,658.0,658.47998046875,657.5,657.75,5403
2026-04-29 16:01:00+00:00,657.2000122070312,657.2000122070312,655.7000122070312,656.1599731445312,21317
2026-04-29 16:02:00+00:00,656.2000122070312,657.0700073242188,655.2000732421875,655.6950073242188,20052
2026-04-29 16:03:00+00:00,655.2000122070312,655.5800170898438,654.610107421875,655.0,22378
2026-04-29 16:04:00+00:00,655.2999877929688,655.9899291992188,653.8690185546875,654.39501953125,15054
2026-04-29 16:05:00+00:00,654.39501953125,654.97998046875,653.8001098632812,654.9000244140625,11131
2026-04-29 16:06:00+00:00,654.030029296875,654.6699829101562,653.0,653.030029296875,13516
2026-04-29 16:07:00+00:00,653.0,654.5999145507812,652.4149780273438,653.0399780273438,18078
2026-04-29 16:08:00+00:00,653.0399780273438,654.2620849609375,653.0,654.2620849609375,11833
2026-04-29 16:09:00+00:00,653.9450073242188,653.9450073242188,651.0,651.5,22983
2026-04-29 16:10:00+00:00,651.340087890625,653.2000122070312,650.8699951171875,652.9650268554688,12973
2026-04-29 16:11:00+00:00,652.9400024414062,654.2374877929688,652.0,652.0,36492
2026-04-29 16:12:00+00:00,651.0900268554688,652.7999267578125,650.2000122070312,650.2000732421875,63098
2026-04-29 16:13:00+00:00,651.1677856445312,652.9899291992188,650.7509765625,651.780029296875,17211
2026-04-29 16:14:00+00:00,652.25,652.3447875976562,650.260009765625,650.5189819335938,11557
2026-04-29 16:15:00+00:00,650.510009765625,650.52001953125,649.0,650.0050048828125,29141
2026-04-29 16:16:00+00:00,650.0050048828125,651.7399291992188,649.7999877929688,650.6900024414062,9085
2026-04-29 16:17:00+00:00,650.6900024414062,650.6900024414062,648.5,649.2550048828125,16973
2026-04-29 16:18:00+00:00,649.5599975585938,650.97998046875,648.6099853515625,648.6300048828125,12629
2026-04-29 16:19:00+00:00,648.9000244140625,648.9998779296875,647.260009765625,647.3099975585938,24857
2026-04-29 16:20:00+00:00,647.5,648.6693725585938,647.0,648.0850219726562,14437
2026-04-29 16:21:00+00:00,648.1325073242188,649.9000244140625,647.5100708007812,648.5,15885
2026-04-29 16:22:00+00:00,648.010009765625,648.9998779296875,647.6099853515625,648.4500122070312,11040
2026-04-29 16:23:00+00:00,648.4749755859375,648.9998779296875,647.9000244140625,648.0399780273438,6410
2026-04-29 16:24:00+00:00,648.0,648.52001953125,647.5401000976562,648.1699829101562,5418
2026-04-29 16:25:00+00:00,647.6400146484375,648.1699829101562,646.3350219726562,646.3499755859375,27246
2026-04-29 16:26:00+00:00,646.7150268554688,647.10498046875,646.0200805664062,647.0850219726562,12152
2026-04-29 16:27:00+00:00,646.6400146484375,650.0,646.1701049804688,650.0,16226
2026-04-29 16:28:00+00:00,649.5999755859375,653.756591796875,649.0399780273438,653.239990234375,27467
2026-04-29 16:29:00+00:00,653.1599731445312,654.9830932617188,653.0136108398438,653.5700073242188,29215
2026-04-29 16:30:00+00:00,653.5499877929688,654.02001953125,653.0,654.02001953125,13650
2026-04-29 16:31:00+00:00,654.0900268554688,654.0900268554688,652.0,653.4500122070312,15181
2026-04-29 16:32:00+00:00,653.02001953125,653.39990234375,651.7000122070312,652.5050048828125,11660
2026-04-29 16:33:00+00:00,653.0,653.9000244140625,651.5150146484375,651.5150146484375,11377
2026-04-29 16:34:00+00:00,651.0,651.7769775390625,650.2999877929688,651.25,13529
2026-04-29 16:35:00+00:00,651.4500122070312,652.0,649.0349731445312,649.0349731445312,18022
2026-04-29 16:36:00+00:00,648.6500244140625,649.9498901367188,648.4000244140625,648.4199829101562,14219
2026-04-29 16:37:00+00:00,648.5700073242188,649.7999877929688,648.0,648.20751953125,10956
2026-04-29 16:38:00+00:00,647.3400268554688,648.3270263671875,647.010009765625,647.7000122070312,20867
2026-04-29 16:39:00+00:00,647.7000122070312,648.7999877929688,647.7000122070312,648.7999877929688,17233
2026-04-29 16:40:00+00:00,648.9500122070312,649.8599243164062,648.219970703125,648.9000244140625,15285
2026-04-29 16:41:00+00:00,649.489990234375,649.489990234375,646.030029296875,648.3099975585938,18823
2026-04-29 16:42:00+00:00,649.4998779296875,649.5,646.489990234375,647.0999755859375,9376
2026-04-29 16:43:00+00:00,647.0150146484375,647.5986938476562,645.3300170898438,646.219970703125,27394
2026-04-29 16:44:00+00:00,648.0899047851562,649.7498779296875,646.2100830078125,649.0750122070312,20326
2026-04-29 16:45:00+00:00,649.7498779296875,650.1597900390625,648.489990234375,649.5650024414062,21033
2026-04-29 16:46:00+00:00,649.2675170898438,650.0999755859375,649.1099853515625,649.2650146484375,9598
2026-04-29 16:47:00+00:00,649.0,649.2650146484375,649.0,649.2650146484375,1792
2026-04-29 16:48:00+00:00,649.2750244140625,649.52001953125,648.5999755859375,649.27001953125,10937
2026-04-29 16:49:00+00:00,649.260009765625,650.2999877929688,648.8800048828125,649.8099975585938,9637
2026-04-29 16:50:00+00:00,649.2000122070312,649.5,648.719970703125,649.155029296875,18043
2026-04-29 16:51:00+00:00,650.0,650.405029296875,649.0700073242188,649.0700073242188,6038
2026-04-29 16:52:00+00:00,649.8250122070312,650.0,649.0,649.7067260742188,4947
2026-04-29 16:53:00+00:00,649.1699829101562,649.1699829101562,646.0,646.0,18469
2026-04-29 16:54:00+00:00,646.0800170898438,646.64990234375,643.3800048828125,645.1900024414062,19992
2026-04-29 16:55:00+00:00,644.7899780273438,645.0,643.0001220703125,644.1099853515625,22165
2026-04-29 16:56:00+00:00,644.030029296875,644.2999267578125,642.0599975585938,642.3720092773438,26799
2026-04-29 16:57:00+00:00,642.010009765625,643.984375,641.10009765625,642.5,22328
2026-04-29 16:58:00+00:00,642.7550048828125,642.7550048828125,640.1699829101562,642.2332763671875,21091
2026-04-29 16:59:00+00:00,641.47998046875,644.0,641.47998046875,642.9650268554688,17010
2026-04-29 17:00:00+00:00,643.0050048828125,643.4199829101562,641.5599975585938,642.9149780273438,15751
2026-04-29 17:01:00+00:00,643.0,643.364990234375,642.0,642.0,6094
2026-04-29 17:02:00+00:00,642.0,642.8800048828125,641.6701049804688,642.260009765625,11149
2026-04-29 17:03:00+00:00,641.6699829101562,642.6849975585938,639.010009765625,639.8200073242188,22871
2026-04-29 17:04:00+00:00,638.9450073242188,640.6798706054688,638.0100708007812,640.4998779296875,18316
2026-04-29 17:05:00+00:00,639.4400024414062,640.0,638.02001953125,639.6400146484375,15413
2026-04-29 17:06:00+00:00,639.6400146484375,640.22998046875,638.8499755859375,640.22998046875,12233
2026-04-29 17:07:00+00:00,640.2449951171875,641.7098999023438,639.9824829101562,641.7098999023438,8731
2026-04-29 17:08:00+00:00,641.0850219726562,641.1475219726562,640.030029296875,640.5499877929688,8334
2026-04-29 17:09:00+00:00,640.02001953125,640.5150146484375,639.8800048828125,639.8800048828125,7496
2026-04-29 17:10:00+00:00,639.8800048828125,640.6904907226562,639.5999755859375,640.6904907226562,10508
2026-04-29 17:11:00+00:00,640.3699951171875,641.8798828125,640.3350219726562,640.8300170898438,7715
2026-04-29 17:12:00+00:00,640.8300170898438,640.8300170898438,639.010009765625,640.1732788085938,9911
2026-04-29 17:13:00+00:00,639.6699829101562,640.0,638.5,640.0,9216
2026-04-29 17:14:00+00:00,639.9990234375,640.4400024414062,638.6533203125,640.010009765625,23630
2026-04-29 17:15:00+00:00,640.1900024414062,640.5399780273438,639.219970703125,640.0999755859375,14322
2026-04-29 17:16:00+00:00,640.10498046875,640.6400146484375,640.10498046875,640.4450073242188,5487
2026-04-29 17:17:00+00:00,640.4450073242188,642.909912109375,639.9450073242188,642.2949829101562,14461
2026-04-29 17:18:00+00:00,642.3300170898438,642.909912109375,642.125,642.7000122070312,9085
2026-04-29 17:19:00+00:00,642.7000122070312,643.1300048828125,641.0001220703125,641.0001220703125,15545
2026-04-29 17:20:00+00:00,642.5,643.489990234375,642.0,642.594970703125,4938
2026-04-29 17:21:00+00:00,642.989990234375,642.9949951171875,641.8499755859375,641.8499755859375,7670
2026-04-29 17:22:00+00:00,641.5050048828125,641.5050048828125,640.0,640.2999877929688,9639
2026-04-29 17:23:00+00:00,639.719970703125,641.5999755859375,639.719970703125,641.5900268554688,5345
2026-04-29 17:24:00+00:00,642.5,642.5,641.594970703125,641.6599731445312,6005
2026-04-29 17:25:00+00:00,642.0900268554688,642.2000122070312,641.22998046875,641.3900146484375,8928
2026-04-29 17:26:00+00:00,641.0250244140625,642.4500122070312,638.8101196289062,639.030029296875,9069
2026-04-29 17:27:00+00:00,638.9749755859375,639.469970703125,638.010009765625,638.3900146484375,8537
2026-04-29 17:28:00+00:00,638.77001953125,639.989990234375,638.510009765625,639.9899291992188,5024
2026-04-29 17:29:00+00:00,639.7100219726562,640.0,638.2999877929688,639.5,5333
2026-04-29 17:30:00+00:00,639.5,639.9699096679688,637.510009765625,638.7449951171875,38033
2026-04-29 17:31:00+00:00,638.7449951171875,638.7449951171875,638.2000122070312,638.27001953125,3311
2026-04-29 17:32:00+00:00,637.530029296875,638.2000122070312,635.3101196289062,636.10498046875,14285
2026-04-29 17:33:00+00:00,636.0,637.9998779296875,635.60009765625,637.9998779296875,10498
2026-04-29 17:34:00+00:00,637.3350219726562,637.3350219726562,635.6599731445312,636.14501953125,11486
2026-04-29 17:35:00+00:00,636.5399780273438,636.7598876953125,635.775390625,636.0,7241
2026-04-29 17:36:00+00:00,636.1300048828125,637.2999877929688,636.0,636.75,28108
2026-04-29 17:37:00+00:00,636.75,637.2899169921875,635.7432861328125,636.468505859375,11656
2026-04-29 17:38:00+00:00,635.5999755859375,636.3099975585938,634.0001220703125,636.3099975585938,27654
2026-04-29 17:39:00+00:00,636.030029296875,636.2299194335938,635.60009765625,636.125,5486
2026-04-29 17:40:00+00:00,636.2999877929688,636.6256713867188,634.5250244140625,634.64501953125,13985
2026-04-29 17:41:00+00:00,634.64501953125,635.0,633.760009765625,634.2949829101562,16087
2026-04-29 17:42:00+00:00,634.4791870117188,634.6500244140625,634.0900268554688,634.3350219726562,9470
2026-04-29 17:43:00+00:00,634.3200073242188,634.9183959960938,633.5449829101562,634.9183959960938,12401
2026-04-29 17:44:00+00:00,634.6799926757812,635.6563720703125,634.4849853515625,635.6563720703125,8964
2026-04-29 17:45:00+00:00,634.989990234375,636.0894775390625,634.7000122070312,635.503173828125,12391
2026-04-29 17:46:00+00:00,635.3400268554688,636.4500122070312,635.3400268554688,636.0599975585938,9490
2026-04-29 17:47:00+00:00,636.0599975585938,636.2999877929688,635.1500244140625,635.2000122070312,6881
2026-04-29 17:48:00+00:00,635.1500854492188,636.9259033203125,635.1500854492188,636.2550048828125,10970
2026-04-29 17:49:00+00:00,636.2550048828125,637.3900146484375,636.239990234375,636.9500122070312,15714
2026-04-29 17:50:00+00:00,636.9500122070312,636.9500122070312,635.280029296875,635.3200073242188,432955
2026-04-29 17:51:00+00:00,635.3200073242188,636.5599975585938,635.3099975585938,635.75,5795
2026-04-29 17:52:00+00:00,636.0499877929688,636.0499877929688,634.4500122070312,634.8350219726562,9815
2026-04-29 17:53:00+00:00,634.4450073242188,634.8099975585938,634.3049926757812,634.7100219726562,5822
2026-04-29 17:54:00+00:00,634.989990234375,635.3099975585938,634.2999877929688,635.2999877929688,7922
2026-04-29 17:55:00+00:00,635.2999877929688,637.1998901367188,634.60009765625,636.9910278320312,8804
2026-04-29 17:56:00+00:00,636.5999755859375,637.2799072265625,635.9299926757812,635.9299926757812,5106
2026-04-29 17:57:00+00:00,636.60498046875,637.0,636.2700805664062,637.0,8020
2026-04-29 17:58:00+00:00,637.114990234375,638.9998779296875,637.030029296875,638.9998779296875,24750
2026-04-29 17:59:00+00:00,638.9299926757812,639.27001953125,637.8900146484375,638.7849731445312,6663
2026-04-29 18:00:00+00:00,639.5460205078125,639.5460205078125,637.510009765625,637.510009765625,8924
2026-04-29 18:01:00+00:00,638.6649780273438,639.489990234375,636.0,636.0150146484375,13075
2026-04-29 18:02:00+00:00,635.4840087890625,637.010009765625,635.4840087890625,637.010009765625,5456
2026-04-29 18:03:00+00:00,637.0150146484375,637.319580078125,636.0,636.0,4897
2026-04-29 18:04:00+00:00,636.7899780273438,638.389892578125,635.5700073242188,637.989990234375,8457
2026-04-29 18:05:00+00:00,639.3098754882812,640.260009765625,638.155029296875,640.260009765625,13447
2026-04-29 18:06:00+00:00,640.4400024414062,640.77001953125,639.7100830078125,640.4650268554688,11344
2026-04-29 18:07:00+00:00,640.5,641.9500122070312,639.3800048828125,640.5999755859375,22490
2026-04-29 18:08:00+00:00,640.7000122070312,641.3812866210938,637.1838989257812,637.7050170898438,12354
2026-04-29 18:09:00+00:00,638.2070922851562,639.419921875,637.52001953125,638.4600219726562,10848
2026-04-29 18:10:00+00:00,638.3250122070312,638.9998779296875,637.5001220703125,638.3800048828125,3919
2026-04-29 18:11:00+00:00,638.25,638.3699951171875,637.4000244140625,637.4000244140625,7544
2026-04-29 18:12:00+00:00,638.489990234375,638.5,637.3201293945312,638.0999755859375,3894
2026-04-29 18:13:00+00:00,638.8099975585938,638.9998779296875,638.25,638.25,2398
2026-04-29 18:14:00+00:00,638.5499877929688,638.5499877929688,637.5,638.0,3312
2026-04-29 18:15:00+00:00,638.5733032226562,639.0650024414062,638.010009765625,638.010009765625,5450
2026-04-29 18:16:00+00:00,638.3250122070312,639.1500244140625,637.2899780273438,638.2399291992188,8755
2026-04-29 18:17:00+00:00,637.6199951171875,638.2199096679688,637.0001220703125,637.0001220703125,3269
2026-04-29 18:18:00+00:00,638.219970703125,639.0040283203125,638.135009765625,639.0040283203125,5875
2026-04-29 18:19:00+00:00,638.8800048828125,638.8800048828125,637.47998046875,637.47998046875,5051
2026-04-29 18:20:00+00:00,637.25,638.673095703125,637.0001220703125,637.844970703125,4445
2026-04-29 18:21:00+00:00,638.6900024414062,640.0,638.6900024414062,639.8200073242188,4597
2026-04-29 18:22:00+00:00,639.2349853515625,641.9500122070312,639.2349853515625,641.1500244140625,23455
2026-04-29 18:23:00+00:00,641.9400024414062,643.0,641.010009765625,642.7999877929688,8256
2026-04-29 18:24:00+00:00,642.2111206054688,644.9910278320312,642.2111206054688,644.9910278320312,32504
2026-04-29 18:25:00+00:00,644.8800048828125,645.58837890625,643.7501220703125,645.58837890625,13841
2026-04-29 18:26:00+00:00,644.8250122070312,645.7100219726562,644.0001220703125,645.530029296875,10558
2026-04-29 18:27:00+00:00,645.6099853515625,646.1624755859375,644.0001220703125,644.1699829101562,12472
2026-04-29 18:28:00+00:00,644.375,644.989990234375,643.9600219726562,644.3200073242188,8873
2026-04-29 18:29:00+00:00,644.1801147460938,644.75,642.75,642.75,7379
2026-04-29 18:30:00+00:00,643.260009765625,643.6699829101562,640.4400024414062,641.47998046875,37964
2026-04-29 18:31:00+00:00,641.2550048828125,642.0,640.3200073242188,640.3200073242188,4627
2026-04-29 18:32:00+00:00,640.5701293945312,641.1400146484375,640.0,640.9500122070312,7382
2026-04-29 18:33:00+00:00,641.9998779296875,641.9998779296875,641.1099853515625,641.9799194335938,3929
2026-04-29 18:34:00+00:00,641.5549926757812,644.0650024414062,641.5,644.0650024414062,19836
2026-04-29 18:35:00+00:00,644.02001953125,646.4298706054688,644.0,645.905029296875,23527
2026-04-29 18:36:00+00:00,645.3800048828125,647.3784790039062,642.5001220703125,642.5001831054688,28007
2026-04-29 18:37:00+00:00,644.6500244140625,644.6500244140625,642.52001953125,643.7700805664062,4035
2026-04-29 18:38:00+00:00,643.77001953125,643.77001953125,640.4500122070312,641.9500122070312,13699
2026-04-29 18:39:00+00:00,641.8599853515625,642.0499877929688,640.010009765625,640.3400268554688,5712
2026-04-29 18:40:00+00:00,640.010009765625,640.9998779296875,638.6400146484375,638.9299926757812,10862
2026-04-29 18:41:00+00:00,639.9600219726562,640.0,637.0499877929688,638.7274780273438,14868
2026-04-29 18:42:00+00:00,637.719970703125,638.7999267578125,637.1099853515625,637.3099975585938,9476
2026-04-29 18:43:00+00:00,638.7999877929688,639.5800170898438,637.9249877929688,639.0,7924
2026-04-29 18:44:00+00:00,639.0399780273438,639.0399780273438,637.5399780273438,638.1300048828125,5386
2026-04-29 18:45:00+00:00,637.6400146484375,638.719970703125,637.0499877929688,637.885009765625,7861
2026-04-29 18:46:00+00:00,638.719970703125,639.469970703125,637.8800048828125,638.4949951171875,10456
2026-04-29 18:47:00+00:00,638.6300048828125,639.35498046875,638.0,639.35498046875,9289
2026-04-29 18:48:00+00:00,639.72998046875,641.0,639.0001220703125,639.8200073242188,13119
2026-04-29 18:49:00+00:00,639.6300048828125,639.6300048828125,637.5599975585938,637.6199951171875,11348
2026-04-29 18:50:00+00:00,638.3201293945312,638.6900024414062,637.0499877929688,638.0,8391
2026-04-29 18:51:00+00:00,637.0499877929688,638.22998046875,637.0499877929688,637.0900268554688,5998
2026-04-29 18:52:00+00:00,637.6799926757812,638.3090209960938,636.7000122070312,637.3250122070312,14509
2026-04-29 18:53:00+00:00,637.3250122070312,639.0599975585938,636.8800048828125,637.010009765625,18734
2026-04-29 18:54:00+00:00,637.0,638.0,635.7000122070312,637.2750244140625,19565
2026-04-29 18:55:00+00:00,637.219970703125,638.2100219726562,637.219970703125,638.2100219726562,7811
2026-04-29 18:56:00+00:00,638.125,639.7100219726562,638.0493774414062,639.489990234375,11743
2026-04-29 18:57:00+00:00,639.489990234375,640.7050170898438,639.0700073242188,640.5451049804688,31788
2026-04-29 18:58:00+00:00,640.919921875,641.1500244140625,637.9526977539062,641.1400146484375,34774
2026-04-29 18:59:00+00:00,640.9199829101562,641.369873046875,639.5349731445312,639.9299926757812,11284
2026-04-29 19:00:00+00:00,639.9849853515625,640.969970703125,639.0499877929688,640.5,13136
2026-04-29 19:01:00+00:00,640.1199951171875,640.1199951171875,638.5700073242188,638.5700073242188,9977
2026-04-29 19:02:00+00:00,638.5,639.10498046875,638.0,639.10498046875,13557
2026-04-29 19:03:00+00:00,639.0,639.10498046875,638.60498046875,638.6099853515625,6174
2026-04-29 19:04:00+00:00,639.2000122070312,639.2000122070312,638.010009765625,638.8099975585938,6912
2026-04-29 19:05:00+00:00,637.3599853515625,637.9000244140625,637.0,637.010009765625,5935
2026-04-29 19:06:00+00:00,637.4749755859375,637.9400024414062,636.5599975585938,637.2849731445312,15125
2026-04-29 19:07:00+00:00,637.2849731445312,637.2849731445312,636.0,636.6400146484375,8161
2026-04-29 19:08:00+00:00,637.0,638.5549926757812,636.010009765625,638.5399780273438,18186
2026-04-29 19:09:00+00:00,638.9998779296875,638.9998779296875,636.010009765625,637.0399780273438,7958
2026-04-29 19:10:00+00:00,638.0900268554688,638.2799072265625,637.0,637.7849731445312,15391
2026-04-29 19:11:00+00:00,638.5900268554688,638.594970703125,637.6099853515625,637.9500122070312,7611
2026-04-29 19:12:00+00:00,637.5050048828125,638.1799926757812,637.010009765625,637.6699829101562,5996
2026-04-29 19:13:00+00:00,637.594970703125,639.4149780273438,637.594970703125,637.719970703125,19587
2026-04-29 19:14:00+00:00,638.4600219726562,639.5,637.030029296875,637.22998046875,15838
2026-04-29 19:15:00+00:00,637.02001953125,638.0900268554688,637.02001953125,637.8400268554688,6553
2026-04-29 19:16:00+00:00,637.8900146484375,639.1599731445312,637.8900146484375,639.1599731445312,8777
2026-04-29 19:17:00+00:00,638.8499755859375,639.3900146484375,636.9450073242188,637.4600219726562,27538
2026-04-29 19:18:00+00:00,637.594970703125,637.6799926757812,636.528076171875,636.528076171875,20869
2026-04-29 19:19:00+00:00,637.0999755859375,637.4400024414062,635.9299926757812,636.0,14367
2026-04-29 19:20:00+00:00,636.4949951171875,636.4949951171875,634.0,634.0,23515
2026-04-29 19:21:00+00:00,634.4996948242188,634.8099975585938,632.0,632.8599853515625,28744
2026-04-29 19:22:00+00:00,633.2650146484375,634.5399780273438,632.8300170898438,634.0549926757812,22666
2026-04-29 19:23:00+00:00,634.0275268554688,635.1300048828125,633.5,635.114990234375,12258
2026-04-29 19:24:00+00:00,634.738525390625,638.0,634.738525390625,637.7949829101562,15199
2026-04-29 19:25:00+00:00,638.8099975585938,641.0,638.52001953125,639.9650268554688,16146
2026-04-29 19:26:00+00:00,640.25,642.0,639.969970703125,641.6799926757812,18558
2026-04-29 19:27:00+00:00,641.6649780273438,642.0,639.1300048828125,639.510009765625,26975
2026-04-29 19:28:00+00:00,639.510009765625,642.0,639.510009765625,640.5,14923
2026-04-29 19:29:00+00:00,640.5050048828125,642.1599731445312,640.5,641.8900146484375,18537
2026-04-29 19:30:00+00:00,641.280029296875,641.4000244140625,639.8900146484375,640.6500244140625,19355
2026-04-29 19:31:00+00:00,640.6699829101562,641.0,638.0,638.89501953125,44217
2026-04-29 19:32:00+00:00,638.9000244140625,640.9600219726562,638.4102783203125,638.4199829101562,9298
2026-04-29 19:33:00+00:00,638.7150268554688,638.7150268554688,636.6699829101562,637.6799926757812,12135
2026-04-29 19:34:00+00:00,637.9500122070312,638.9998779296875,636.6699829101562,638.2449951171875,11245
2026-04-29 19:35:00+00:00,638.2449951171875,638.2449951171875,636.0,637.25,21490
2026-04-29 19:36:00+00:00,637.47998046875,640.1699829101562,637.4100952148438,640.030029296875,16118
2026-04-29 19:37:00+00:00,640.030029296875,640.8499755859375,639.1950073242188,639.2197875976562,6450
2026-04-29 19:38:00+00:00,639.4400024414062,639.7322998046875,637.4099731445312,637.4099731445312,7378
2026-04-29 19:39:00+00:00,638.5474853515625,638.6950073242188,637.4299926757812,637.9400024414062,13072
2026-04-29 19:40:00+00:00,637.6500244140625,639.5650024414062,637.4299926757812,639.5650024414062,28292
2026-04-29 19:41:00+00:00,639.6998901367188,640.119873046875,638.75,639.4349975585938,14787
2026-04-29 19:42:00+00:00,638.2899780273438,638.4299926757812,637.0,637.3200073242188,9405
2026-04-29 19:43:00+00:00,637.875,639.5499877929688,637.4000244140625,639.2899780273438,23784
2026-04-29 19:44:00+00:00,639.27001953125,640.5,638.9400024414062,639.6950073242188,32344
2026-04-29 19:45:00+00:00,639.7899780273438,640.2000122070312,638.75,639.6998901367188,16900
2026-04-29 19:46:00+00:00,638.7700805664062,640.1099853515625,638.7700805664062,639.7949829101562,18287
2026-04-29 19:47:00+00:00,639.7949829101562,640.0999755859375,639.1950073242188,639.5850219726562,14266
2026-04-29 19:48:00+00:00,639.0999755859375,639.47998046875,638.4000244140625,638.6400146484375,19273
2026-04-29 19:49:00+00:00,639.0349731445312,639.3599853515625,638.0100708007812,638.0100708007812,23335
2026-04-29 19:50:00+00:00,638.1900024414062,638.1900024414062,634.360107421875,634.9022216796875,42944
2026-04-29 19:51:00+00:00,634.8400268554688,636.9000244140625,634.5,636.77001953125,44491
2026-04-29 19:52:00+00:00,636.8798828125,637.5499877929688,636.3599853515625,637.2849731445312,36813
2026-04-29 19:53:00+00:00,637.25,639.6998901367188,637.0,639.0,50612
2026-04-29 19:54:00+00:00,639.280029296875,639.5198974609375,636.4600219726562,636.510009765625,54583
2026-04-29 19:55:00+00:00,637.3400268554688,639.1799926757812,637.0999755859375,638.8099975585938,59260
2026-04-29 19:56:00+00:00,638.9299926757812,640.905029296875,638.9299926757812,640.719970703125,175892
2026-04-29 19:57:00+00:00,640.7949829101562,644.3800048828125,640.6500244140625,644.0599975585938,95468
2026-04-29 19:58:00+00:00,644.0800170898438,644.0800170898438,642.5399780273438,642.8400268554688,72757
2026-04-29 19:59:00+00:00,642.9299926757812,644.0,642.4000244140625,643.3099975585938,156000
2026-04-30 13:30:00+00:00,654.614990234375,656.5900268554688,648.0001220703125,655.3800048828125,236688
2026-04-30 13:31:00+00:00,657.5900268554688,657.9998779296875,650.0,651.2550048828125,24910
2026-04-30 13:32:00+00:00,651.4099731445312,655.0466918945312,650.4400024414062,651.5,30323
2026-04-30 13:33:00+00:00,650.0,652.9600219726562,647.1099853515625,647.1649780273438,32878
2026-04-30 13:34:00+00:00,647.52001953125,650.9998779296875,645.0,650.9998779296875,29535
2026-04-30 13:35:00+00:00,650.0,652.9600219726562,650.0,651.530029296875,15632
2026-04-30 13:36:00+00:00,651.030029296875,652.5360107421875,647.5,647.5,20742
2026-04-30 13:37:00+00:00,649.3699951171875,650.8900146484375,647.030029296875,650.2899780273438,23468
2026-04-30 13:38:00+00:00,649.1649780273438,650.0,647.010009765625,649.2750244140625,17495
2026-04-30 13:39:00+00:00,648.5499877929688,653.27001953125,648.1154174804688,653.27001953125,18935
2026-04-30 13:40:00+00:00,652.5349731445312,655.1842041015625,652.510009765625,654.0150146484375,17343
2026-04-30 13:41:00+00:00,653.0,656.6146240234375,652.7999877929688,654.7249755859375,17183
2026-04-30 13:42:00+00:00,653.3134765625,658.0,653.3134765625,656.3300170898438,18510
2026-04-30 13:43:00+00:00,656.3300170898438,662.489990234375,656.1099853515625,662.489990234375,29379
2026-04-30 13:44:00+00:00,662.4400024414062,663.4429931640625,661.2000122070312,662.3200073242188,29378
2026-04-30 13:45:00+00:00,663.0050048828125,666.0,660.030029296875,664.5999755859375,38024
2026-04-30 13:46:00+00:00,666.2498779296875,666.6300048828125,659.9500122070312,660.6300048828125,33347
2026-04-30 13:47:00+00:00,660.635009765625,661.842529296875,658.5800170898438,661.842529296875,34908
2026-04-30 13:48:00+00:00,663.25,668.9998779296875,663.0,668.6088256835938,27981
2026-04-30 13:49:00+00:00,668.8300170898438,673.4000244140625,668.0,673.4000244140625,37589
2026-04-30 13:50:00+00:00,673.4000244140625,675.4598999023438,672.0,673.5150146484375,46484
2026-04-30 13:51:00+00:00,673.2650146484375,676.989990234375,671.1300048828125,672.3699951171875,77432
2026-04-30 13:52:00+00:00,672.5999755859375,677.4500122070312,671.5399780273438,677.0700073242188,20115
2026-04-30 13:53:00+00:00,677.3499755859375,680.625,674.1099853515625,675.4650268554688,47475
2026-04-30 13:54:00+00:00,673.4400024414062,674.0,671.4047241210938,673.0150146484375,31855
2026-04-30 13:55:00+00:00,673.530029296875,673.9998779296875,671.1300048828125,672.0850219726562,34697
2026-04-30 13:56:00+00:00,672.3800048828125,673.5,671.0700073242188,672.1950073242188,27365
2026-04-30 13:57:00+00:00,672.094970703125,672.6699829101562,668.97998046875,669.4000244140625,35682
2026-04-30 13:58:00+00:00,668.0700073242188,672.364990234375,668.0700073242188,672.3599853515625,21093
2026-04-30 13:59:00+00:00,672.77001953125,677.4998779296875,672.5700073242188,677.4998779296875,23757
2026-04-30 14:00:00+00:00,676.39501953125,676.4000244140625,670.0001220703125,671.010009765625,20641
2026-04-30 14:01:00+00:00,670.5150146484375,674.0,670.02001953125,672.5100708007812,11751
2026-04-30 14:02:00+00:00,673.9400024414062,673.989990234375,672.9199829101562,673.989990234375,12851
2026-04-30 14:03:00+00:00,672.239990234375,674.9899291992188,671.780029296875,673.010009765625,9089
2026-04-30 14:04:00+00:00,673.27001953125,674.9899291992188,672.260009765625,672.260009765625,12339
2026-04-30 14:05:00+00:00,672.260009765625,672.989990234375,671.0,672.5549926757812,13395
2026-04-30 14:06:00+00:00,670.8900756835938,671.6300048828125,670.0,670.9810180664062,18962
2026-04-30 14:07:00+00:00,671.5473022460938,671.989990234375,668.510009765625,670.5900268554688,21628
2026-04-30 14:08:00+00:00,670.6199951171875,670.7000122070312,666.0,666.594970703125,26922
2026-04-30 14:09:00+00:00,666.594970703125,666.594970703125,660.1099853515625,660.6749877929688,35207
2026-04-30 14:10:00+00:00,660.6749877929688,662.9409790039062,660.02001953125,660.47998046875,23287
2026-04-30 14:11:00+00:00,660.0689697265625,662.9400024414062,658.8900146484375,662.4249877929688,16422
2026-04-30 14:12:00+00:00,662.4249877929688,664.7139282226562,661.0001220703125,662.3150024414062,20532
2026-04-30 14:13:00+00:00,662.3099975585938,666.0,662.0,664.875,26833
2026-04-30 14:14:00+00:00,664.2449951171875,664.9998779296875,662.1400146484375,662.1400146484375,6557
2026-04-30 14:15:00+00:00,662.1300048828125,662.1300048828125,659.0001220703125,659.0001220703125,15677
2026-04-30 14:16:00+00:00,659.010009765625,659.9243774414062,656.4140014648438,659.0,16369
2026-04-30 14:17:00+00:00,659.0278930664062,661.1483154296875,659.0,661.1483154296875,13264
2026-04-30 14:18:00+00:00,660.0850219726562,661.169921875,659.510009765625,659.75,12195
2026-04-30 14:19:00+00:00,660.0900268554688,663.5050048828125,659.8134155273438,663.5050048828125,28469
2026-04-30 14:20:00+00:00,663.5,664.2100219726562,662.02001953125,662.22998046875,24035
2026-04-30 14:21:00+00:00,663.7667236328125,663.7667236328125,660.5,662.739990234375,18620
2026-04-30 14:22:00+00:00,662.72998046875,667.5900268554688,662.1099853515625,667.5900268554688,12542
2026-04-30 14:23:00+00:00,666.3609008789062,668.8800048828125,666.0100708007812,668.0,11990
2026-04-30 14:24:00+00:00,667.4400024414062,671.0,666.0,670.47998046875,40183
2026-04-30 14:25:00+00:00,669.0,670.4000244140625,667.9500122070312,667.9600219726562,20469
2026-04-30 14:26:00+00:00,667.9500122070312,667.9500122070312,665.989990234375,666.27001953125,6376
2026-04-30 14:27:00+00:00,666.27001953125,667.3599853515625,665.6199951171875,666.6099243164062,9120
2026-04-30 14:28:00+00:00,665.8099975585938,667.9998779296875,665.8099975585938,666.760009765625,14181
2026-04-30 14:29:00+00:00,666.3392944335938,666.3392944335938,664.6799926757812,664.6799926757812,5506
2026-04-30 14:30:00+00:00,664.3200073242188,666.3560180664062,663.9099731445312,666.3560180664062,8380
2026-04-30 14:31:00+00:00,666.3800048828125,666.5999755859375,664.6749877929688,664.8200073242188,15396
2026-04-30 14:32:00+00:00,664.0,667.3099975585938,664.0,667.3099975585938,14834
2026-04-30 14:33:00+00:00,665.844970703125,665.989990234375,664.2000122070312,665.1400146484375,5570
2026-04-30 14:34:00+00:00,664.8599853515625,664.9699096679688,661.0999755859375,662.6500244140625,8441
2026-04-30 14:35:00+00:00,664.0999755859375,664.0999755859375,662.1112060546875,663.0,7804
2026-04-30 14:36:00+00:00,663.8599853515625,663.8599853515625,661.7999877929688,662.6599731445312,8232
2026-04-30 14:37:00+00:00,663.219970703125,663.4249877929688,659.010009765625,661.1900024414062,20766
2026-04-30 14:38:00+00:00,660.0,660.2249755859375,659.4000244140625,659.4000244140625,4627
2026-04-30 14:39:00+00:00,659.0,659.4949951171875,656.10009765625,656.2999877929688,10995
2026-04-30 14:40:00+00:00,657.125,659.298095703125,656.4000244140625,657.9000244140625,5603
2026-04-30 14:41:00+00:00,658.0800170898438,659.5999755859375,657.0499877929688,659.5999755859375,10372
2026-04-30 14:42:00+00:00,658.2000732421875,659.5999755859375,657.5999755859375,657.5999755859375,7601
2026-04-30 14:43:00+00:00,657.5651245117188,659.0,657.1701049804688,658.8699951171875,8519
2026-04-30 14:44:00+00:00,658.280029296875,660.0,658.280029296875,659.5800170898438,14095
2026-04-30 14:45:00+00:00,658.9500122070312,660.0,657.989990234375,659.64990234375,8124
2026-04-30 14:46:00+00:00,658.4249877929688,661.0900268554688,658.4249877929688,661.0900268554688,15399
2026-04-30 14:47:00+00:00,662.22998046875,662.5999755859375,659.9500122070312,660.4000244140625,18671
2026-04-30 14:48:00+00:00,659.5250244140625,659.5250244140625,657.0900268554688,658.5700073242188,8789
2026-04-30 14:49:00+00:00,657.989990234375,658.8156127929688,656.4000244140625,656.4019775390625,8742
2026-04-30 14:50:00+00:00,656.0,657.7598876953125,655.844970703125,657.7598876953125,10611
2026-04-30 14:51:00+00:00,656.864990234375,661.0,656.8082275390625,661.0,9097
2026-04-30 14:52:00+00:00,659.5399780273438,660.9998779296875,658.1500244140625,658.4492797851562,7088
2026-04-30 14:53:00+00:00,658.1500244140625,658.8200073242188,658.1500244140625,658.8200073242188,6086
2026-04-30 14:54:00+00:00,658.8300170898438,660.8200073242188,658.0,658.8800048828125,7952
2026-04-30 14:55:00+00:00,658.9949951171875,660.669921875,658.5001220703125,660.0900268554688,6097
2026-04-30 14:56:00+00:00,659.5850219726562,661.2899780273438,659.4550170898438,660.2100830078125,9046
2026-04-30 14:57:00+00:00,660.2100219726562,661.0399780273438,658.8099975585938,659.8350219726562,7426
2026-04-30 14:58:00+00:00,658.510009765625,659.9036865234375,656.2999877929688,656.3400268554688,14750
2026-04-30 14:59:00+00:00,656.4478149414062,657.6900024414062,655.8200073242188,656.1799926757812,13566
2026-04-30 15:00:00+00:00,656.760009765625,657.969970703125,656.760009765625,657.614990234375,20988
2026-04-30 15:01:00+00:00,657.9500122070312,659.280029296875,657.9500122070312,658.9000244140625,9788
2026-04-30 15:02:00+00:00,658.030029296875,659.239990234375,657.7374877929688,658.52001953125,11074
2026-04-30 15:03:00+00:00,659.10498046875,659.1749877929688,656.25,657.0,19062
2026-04-30 15:04:00+00:00,656.9299926757812,658.5,656.9299926757812,658.5,6867
2026-04-30 15:05:00+00:00,658.5,658.9099731445312,656.969970703125,656.969970703125,6319
2026-04-30 15:06:00+00:00,658.719970703125,659.625,657.5574951171875,658.375,10410
2026-04-30 15:07:00+00:00,659.0,659.3499755859375,657.5,658.7999877929688,7743
2026-04-30 15:08:00+00:00,659.0999755859375,663.0,659.0999755859375,662.0750122070312,16200
2026-04-30 15:09:00+00:00,662.0750122070312,666.5999145507812,661.1599731445312,664.8300170898438,31994
2026-04-30 15:10:00+00:00,664.5399780273438,666.739990234375,664.5399780273438,665.8699951171875,5722
2026-04-30 15:11:00+00:00,665.875,666.9299926757812,663.969970703125,664.8200073242188,23238
2026-04-30 15:12:00+00:00,663.8599853515625,664.8099975585938,661.469970703125,662.2100219726562,11325
2026-04-30 15:13:00+00:00,661.1099853515625,661.4650268554688,660.010009765625,660.2999877929688,8449
2026-04-30 15:14:00+00:00,660.97998046875,662.409912109375,659.5499877929688,661.2050170898438,9898
2026-04-30 15:15:00+00:00,660.010009765625,661.6400146484375,659.8599853515625,660.989990234375,6751
2026-04-30 15:16:00+00:00,660.7474975585938,660.989990234375,657.97998046875,658.35498046875,9538
2026-04-30 15:17:00+00:00,657.75,658.7050170898438,657.5681762695312,657.97998046875,8097
2026-04-30 15:18:00+00:00,658.114990234375,659.208984375,657.60009765625,659.208984375,5627
2026-04-30 15:19:00+00:00,659.0,659.0,658.010009765625,658.3599853515625,8834
2026-04-30 15:20:00+00:00,658.3300170898438,659.2000122070312,658.0001220703125,658.60498046875,7253
2026-04-30 15:21:00+00:00,659.2100219726562,659.280029296875,657.010009765625,658.0750122070312,20214
2026-04-30 15:22:00+00:00,658.0549926757812,658.530029296875,656.0,656.0551147460938,20417
2026-04-30 15:23:00+00:00,657.0,657.2100219726562,655.5700073242188,656.7550048828125,7427
2026-04-30 15:24:00+00:00,657.2100219726562,657.4600219726562,655.9199829101562,656.5650024414062,10167
2026-04-30 15:25:00+00:00,656.594970703125,656.594970703125,655.739990234375,656.5150146484375,8403
2026-04-30 15:26:00+00:00,656.7000122070312,657.2100219726562,656.7000122070312,656.9000244140625,5463
2026-04-30 15:27:00+00:00,656.3900146484375,657.4199829101562,656.3900146484375,656.631591796875,7660
2026-04-30 15:28:00+00:00,656.6300048828125,659.7999877929688,656.6300048828125,658.8099975585938,9998
2026-04-30 15:29:00+00:00,659.8298950195312,660.75,658.2100219726562,658.2100219726562,11950
2026-04-30 15:30:00+00:00,658.2100219726562,659.4199829101562,657.456787109375,658.780029296875,6737
2026-04-30 15:31:00+00:00,658.780029296875,660.1300048828125,658.4199829101562,659.75,9804
2026-04-30 15:32:00+00:00,660.5,661.0,659.75,659.75,7030
2026-04-30 15:33:00+00:00,659.75,660.2349853515625,659.4555053710938,659.4555053710938,5380
2026-04-30 15:34:00+00:00,659.75,660.5,659.75,659.7999877929688,3510
2026-04-30 15:35:00+00:00,659.530029296875,659.530029296875,658.4205932617188,659.4600219726562,10439
2026-04-30 15:36:00+00:00,659.10498046875,660.0999755859375,658.3001098632812,659.8400268554688,5307
2026-04-30 15:37:00+00:00,660.0800170898438,660.9349975585938,658.6500244140625,658.6500244140625,7731
2026-04-30 15:38:00+00:00,658.0,659.2990112304688,658.0,659.2899780273438,4982
2026-04-30 15:39:00+00:00,659.1199951171875,659.1199951171875,657.610107421875,658.8300170898438,5885
2026-04-30 15:40:00+00:00,659.2899780273438,659.5800170898438,659.2150268554688,659.2150268554688,3945
2026-04-30 15:41:00+00:00,659.1300048828125,659.1300048828125,659.1300048828125,659.1300048828125,803
2026-04-30 15:42:00+00:00,658.4299926757812,659.1300048828125,656.5001220703125,656.5001220703125,4296
2026-04-30 15:43:00+00:00,657.27001953125,657.4299926757812,656.5,657.2949829101562,3930
2026-04-30 15:44:00+00:00,657.4349975585938,657.4349975585938,656.5,656.7999877929688,10371
2026-04-30 15:45:00+00:00,656.22998046875,657.594970703125,656.22998046875,657.594970703125,9381
2026-04-30 15:46:00+00:00,657.9650268554688,657.9650268554688,657.4400024414062,657.6199951171875,3964
2026-04-30 15:47:00+00:00,657.239990234375,657.239990234375,655.0,655.1400146484375,16617
2026-04-30 15:48:00+00:00,655.2000122070312,656.0999755859375,655.0009765625,655.9949951171875,7510
2026-04-30 15:49:00+00:00,656.10498046875,656.530029296875,656.0,656.364990234375,4518
2026-04-30 15:50:00+00:00,656.385009765625,657.0800170898438,656.0,657.0800170898438,7198
2026-04-30 15:51:00+00:00,657.4149780273438,658.2999877929688,656.0999755859375,656.0999755859375,8906
2026-04-30 15:52:00+00:00,657.2698974609375,657.6950073242188,655.9613037109375,657.6950073242188,4530
2026-04-30 15:53:00+00:00,658.0399780273438,658.5999755859375,658.0399780273438,658.5700073242188,4845
2026-04-30 15:54:00+00:00,658.5800170898438,658.5800170898438,657.1986083984375,657.1986083984375,6751
2026-04-30 15:55:00+00:00,657.0,657.7550048828125,657.0,657.7550048828125,2775
2026-04-30 15:56:00+00:00,657.6599731445312,657.6599731445312,656.5,656.5,9046
2026-04-30 15:57:00+00:00,656.875,657.0549926757812,656.30859375,657.0549926757812,2310
2026-04-30 15:58:00+00:00,657.0549926757812,658.0900268554688,655.0,655.3599853515625,17348
2026-04-30 15:59:00+00:00,654.010009765625,654.489990234375,653.0399780273438,653.2999877929688,8335
2026-04-30 16:00:00+00:00,653.02001953125,653.5250244140625,651.1799926757812,651.260009765625,17583
2026-04-30 16:01:00+00:00,652.5700073242188,652.5700073242188,650.4600219726562,651.0250854492188,12607
2026-04-30 16:02:00+00:00,651.3499755859375,651.4400024414062,650.5999755859375,651.1300048828125,10727
2026-04-30 16:03:00+00:00,651.4500122070312,651.6500244140625,649.280029296875,650.1699829101562,70053
2026-04-30 16:04:00+00:00,650.3300170898438,650.7100219726562,649.2100219726562,649.338623046875,10670
2026-04-30 16:05:00+00:00,649.0499877929688,650.0,647.719970703125,648.8900146484375,58795
2026-04-30 16:06:00+00:00,648.8900146484375,649.1699829101562,647.1199951171875,648.14501953125,8902
2026-04-30 16:07:00+00:00,647.7000122070312,649.416015625,647.7000122070312,648.4849853515625,6549
2026-04-30 16:08:00+00:00,648.8699951171875,649.9199829101562,648.5900268554688,649.9199829101562,11783
2026-04-30 16:09:00+00:00,650.1375122070312,650.1624755859375,648.4099731445312,649.2000122070312,8940
2026-04-30 16:10:00+00:00,649.75,650.0,649.1400146484375,649.2750854492188,6450
2026-04-30 16:11:00+00:00,649.2750244140625,649.2750244140625,648.0032958984375,649.0,6053
2026-04-30 16:12:00+00:00,649.094970703125,649.094970703125,649.094970703125,649.094970703125,578
2026-04-30 16:13:00+00:00,649.094970703125,649.7000122070312,649.094970703125,649.489990234375,7621
2026-04-30 16:14:00+00:00,649.5150146484375,649.8798828125,648.4600219726562,648.4600219726562,9991
2026-04-30 16:15:00+00:00,649.0050048828125,649.0050048828125,647.75,647.75,12111
2026-04-30 16:16:00+00:00,647.0800170898438,647.760009765625,647.0800170898438,647.6900024414062,2594
2026-04-30 16:17:00+00:00,647.760009765625,648.4600219726562,647.739990234375,648.4500122070312,6176
2026-04-30 16:18:00+00:00,648.4000244140625,648.47998046875,647.4500122070312,647.4500122070312,6321
2026-04-30 16:19:00+00:00,647.760009765625,647.7999877929688,646.4500122070312,647.625,17513
2026-04-30 16:20:00+00:00,647.3049926757812,647.5,646.25,646.5800170898438,5808
2026-04-30 16:21:00+00:00,646.5800170898438,646.9000244140625,645.739990234375,646.0,11239
2026-04-30 16:22:00+00:00,645.969970703125,649.0399780273438,645.969970703125,647.9000244140625,36485
2026-04-30 16:23:00+00:00,647.0,648.8021850585938,646.9600219726562,647.5170288085938,11525
2026-04-30 16:24:00+00:00,647.6041259765625,648.8298950195312,647.135009765625,647.719970703125,8895
2026-04-30 16:25:00+00:00,647.4600219726562,648.6199951171875,646.5499877929688,648.375,13003
2026-04-30 16:26:00+00:00,648.9500122070312,649.4400024414062,648.3200073242188,649.4400024414062,10587
2026-04-30 16:27:00+00:00,648.9299926757812,649.22998046875,648.6599731445312,648.7449951171875,2915
2026-04-30 16:28:00+00:00,648.8300170898438,650.0,648.6849975585938,649.47998046875,14415
2026-04-30 16:29:00+00:00,649.47998046875,650.0,649.1799926757812,649.47998046875,16529
2026-04-30 16:30:00+00:00,649.7125244140625,649.97998046875,648.1099853515625,649.4949951171875,8996
2026-04-30 16:31:00+00:00,649.0,649.47998046875,647.010009765625,647.010009765625,5381
2026-04-30 16:32:00+00:00,648.010009765625,648.5050048828125,646.4299926757812,648.2999267578125,3720
2026-04-30 16:33:00+00:00,647.364990234375,648.27001953125,646.4299926757812,648.2100219726562,8407
2026-04-30 16:34:00+00:00,648.219970703125,648.2650146484375,646.010009765625,647.635009765625,14368
2026-04-30 16:35:00+00:00,647.635009765625,648.5800170898438,646.4600219726562,648.4451293945312,10927
2026-04-30 16:36:00+00:00,649.3200073242188,649.4849853515625,648.0,648.6666259765625,7938
2026-04-30 16:37:00+00:00,648.6649780273438,649.0750122070312,647.6300048828125,648.4500122070312,9771
2026-04-30 16:38:00+00:00,648.4450073242188,650.0,648.4450073242188,648.7000122070312,11203
2026-04-30 16:39:00+00:00,648.0900268554688,648.8099975585938,648.0,648.7999877929688,6840
2026-04-30 16:40:00+00:00,649.5106201171875,649.5106201171875,647.2901000976562,647.8200073242188,6435
2026-04-30 16:41:00+00:00,647.8499755859375,648.369873046875,647.8499755859375,648.369873046875,1197
2026-04-30 16:42:00+00:00,648.2899780273438,648.2999877929688,646.5001220703125,647.4349975585938,7285
2026-04-30 16:43:00+00:00,648.3800048828125,649.0,648.0,648.0399780273438,6878
2026-04-30 16:44:00+00:00,647.2813110351562,648.0800170898438,647.2813110351562,647.7650146484375,2511
2026-04-30 16:45:00+00:00,648.0499877929688,649.1199951171875,647.8192138671875,648.2849731445312,8794
2026-04-30 16:46:00+00:00,648.3800048828125,648.3800048828125,646.994873046875,647.1599731445312,9900
2026-04-30 16:47:00+00:00,646.5,647.0999755859375,646.5,647.0999755859375,3461
2026-04-30 16:48:00+00:00,646.5,646.8300170898438,643.6801147460938,645.5399169921875,19786
2026-04-30 16:49:00+00:00,644.6300048828125,645.3300170898438,643.719970703125,644.1500244140625,7744
2026-04-30 16:50:00+00:00,644.0,644.1500244140625,642.3699951171875,643.4199829101562,8419
2026-04-30 16:51:00+00:00,643.4199829101562,643.8599853515625,643.0,643.1199951171875,4175
2026-04-30 16:52:00+00:00,643.2899780273438,643.844970703125,643.0001220703125,643.844970703125,2124
2026-04-30 16:53:00+00:00,643.0,643.844970703125,643.0,643.844970703125,4138
2026-04-30 16:54:00+00:00,643.9949951171875,643.9949951171875,642.2000122070312,643.3800048828125,2942
2026-04-30 16:55:00+00:00,643.3800048828125,644.0,643.2949829101562,644.0,4695
2026-04-30 16:56:00+00:00,644.8098754882812,644.8098754882812,643.1799926757812,643.1799926757812,5525
2026-04-30 16:57:00+00:00,643.0,643.3200073242188,642.1699829101562,643.3200073242188,7238
2026-04-30 16:58:00+00:00,643.4949951171875,643.4949951171875,642.4600219726562,643.3049926757812,3200
2026-04-30 16:59:00+00:00,643.2999877929688,644.166015625,642.5499877929688,643.280029296875,15672
2026-04-30 17:00:00+00:00,643.3900146484375,644.2100219726562,643.239990234375,643.9169921875,14150
2026-04-30 17:01:00+00:00,643.8400268554688,644.0499877929688,643.719970703125,643.8699951171875,10265
2026-04-30 17:02:00+00:00,643.989990234375,643.989990234375,642.5700073242188,643.3524780273438,5415
2026-04-30 17:03:00+00:00,642.9949951171875,643.0,642.2000122070312,642.5850219726562,10951
2026-04-30 17:04:00+00:00,642.5850219726562,642.5850219726562,641.27001953125,641.27001953125,9434
2026-04-30 17:05:00+00:00,641.5399780273438,641.5800170898438,639.360107421875,639.9600219726562,23233
2026-04-30 17:06:00+00:00,640.0,640.4400024414062,639.6900024414062,640.1699829101562,6322
2026-04-30 17:07:00+00:00,639.9000244140625,641.1849975585938,639.0501098632812,641.1849975585938,10660
2026-04-30 17:08:00+00:00,641.1849975585938,641.6500244140625,640.0,641.344970703125,35682
2026-04-30 17:09:00+00:00,641.3400268554688,642.989990234375,641.0399780273438,642.052001953125,15935
2026-04-30 17:10:00+00:00,641.6500244140625,643.9000244140625,641.47998046875,643.510009765625,12934
2026-04-30 17:11:00+00:00,642.9000244140625,644.7999877929688,642.9000244140625,644.3099975585938,18886
2026-04-30 17:12:00+00:00,644.9099731445312,645.1799926757812,644.189697265625,644.6900024414062,17284
2026-04-30 17:13:00+00:00,645.010009765625,645.7100219726562,643.9099731445312,644.4349975585938,24998
2026-04-30 17:14:00+00:00,644.47998046875,645.4498901367188,643.780029296875,644.4349975585938,2705
2026-04-30 17:15:00+00:00,643.4600219726562,644.4000244140625,643.4400024414062,643.739990234375,5963
2026-04-30 17:16:00+00:00,643.5,645.2100219726562,643.4199829101562,644.8900146484375,7908
2026-04-30 17:17:00+00:00,645.4398803710938,646.27099609375,645.1199951171875,645.4600830078125,16984
2026-04-30 17:18:00+00:00,645.4400024414062,646.469970703125,645.2852172851562,646.0,9414
2026-04-30 17:19:00+00:00,646.4849853515625,646.4849853515625,645.8099975585938,645.8499755859375,4828
2026-04-30 17:20:00+00:00,646.1799926757812,646.1799926757812,644.9199829101562,645.5750122070312,13212
2026-04-30 17:21:00+00:00,645.0700073242188,645.6799926757812,644.2999877929688,645.469970703125,9542
2026-04-30 17:22:00+00:00,645.27001953125,645.6799926757812,644.97998046875,645.22998046875,12245
2026-04-30 17:23:00+00:00,645.8300170898438,648.47998046875,645.260009765625,647.9199829101562,17527
2026-04-30 17:24:00+00:00,647.9199829101562,648.47998046875,645.9400024414062,647.1950073242188,9166
2026-04-30 17:25:00+00:00,647.1950073242188,648.3900146484375,645.719970703125,645.719970703125,12351
2026-04-30 17:26:00+00:00,646.25,647.29638671875,644.6099853515625,644.6099853515625,12564
2026-04-30 17:27:00+00:00,645.47998046875,647.4000244140625,644.427490234375,646.52001953125,9847
2026-04-30 17:28:00+00:00,645.375,646.5,644.2999877929688,644.4229125976562,3871
2026-04-30 17:29:00+00:00,645.0244750976562,646.1998901367188,643.969970703125,644.4451293945312,12236
2026-04-30 17:30:00+00:00,645.389892578125,646.5499267578125,644.4450073242188,645.8599853515625,8468
2026-04-30 17:31:00+00:00,645.6849975585938,646.5499877929688,642.719970703125,642.719970703125,14506
2026-04-30 17:32:00+00:00,642.3900146484375,643.2899780273438,641.72998046875,641.739990234375,22476
2026-04-30 17:33:00+00:00,641.25,642.010009765625,641.0999755859375,641.5595092773438,9655
2026-04-30 17:34:00+00:00,642.1535034179688,642.1535034179688,641.0,641.0,12884
2026-04-30 17:35:00+00:00,641.25,641.97998046875,640.8300170898438,641.3900146484375,14091
2026-04-30 17:36:00+00:00,640.81689453125,643.6798706054688,640.7999877929688,643.6790161132812,10136
2026-04-30 17:37:00+00:00,642.9199829101562,643.6099853515625,642.0399780273438,642.5,14047
2026-04-30 17:38:00+00:00,642.0399780273438,645.0806884765625,641.3607177734375,644.39501953125,31579
2026-04-30 17:39:00+00:00,644.39501953125,645.0,643.5200805664062,644.39501953125,5593
2026-04-30 17:40:00+00:00,644.68798828125,646.2698974609375,643.52001953125,644.9949951171875,13372
2026-04-30 17:41:00+00:00,645.8400268554688,647.1500244140625,645.3499755859375,646.2050170898438,13626
2026-04-30 17:42:00+00:00,646.2349853515625,647.8800048828125,644.4022216796875,645.5150146484375,11480
2026-04-30 17:43:00+00:00,645.7000122070312,645.7000122070312,644.6868286132812,645.2449951171875,4085
2026-04-30 17:44:00+00:00,644.7999877929688,646.9500122070312,644.7999877929688,646.4500122070312,7965
2026-04-30 17:45:00+00:00,646.5250244140625,647.114990234375,645.219970703125,647.0,14946
2026-04-30 17:46:00+00:00,647.8800048828125,648.489990234375,646.6749877929688,648.4849853515625,3607
2026-04-30 17:47:00+00:00,648.4002075195312,649.97998046875,647.7178955078125,649.97900390625,14503
2026-04-30 17:48:00+00:00,649.9899291992188,651.0,648.5399780273438,649.2650146484375,13557
2026-04-30 17:49:00+00:00,648.9199829101562,649.4525146484375,648.3300170898438,649.2899780273438,5431
2026-04-30 17:50:00+00:00,649.8256225585938,650.56298828125,649.5100708007812,649.5100708007812,11669
2026-04-30 17:51:00+00:00,650.0900268554688,650.489990234375,648.9500122070312,649.1279907226562,12284
2026-04-30 17:52:00+00:00,649.3400268554688,649.3400268554688,648.6599731445312,648.6599731445312,2512
2026-04-30 17:53:00+00:00,649.1199951171875,650.2899780273438,649.1199951171875,650.0,5133
2026-04-30 17:54:00+00:00,650.0,652.010009765625,650.0,650.739990234375,10173
2026-04-30 17:55:00+00:00,651.530029296875,652.010009765625,650.9600219726562,651.0700073242188,13321
2026-04-30 17:56:00+00:00,650.905029296875,651.6900024414062,649.4700927734375,650.2100219726562,11212
2026-04-30 17:57:00+00:00,650.2100219726562,650.5432739257812,649.4700927734375,649.8764038085938,4372
2026-04-30 17:58:00+00:00,650.5999755859375,650.9498901367188,649.5,650.2100219726562,4089
2026-04-30 17:59:00+00:00,650.2150268554688,650.2150268554688,649.469970703125,649.5800170898438,7228
2026-04-30 18:00:00+00:00,649.5900268554688,650.8499145507812,649.580078125,650.4249877929688,7650
2026-04-30 18:01:00+00:00,650.41748046875,650.52001953125,649.1400146484375,649.7349853515625,7558
2026-04-30 18:02:00+00:00,649.5449829101562,650.0,648.6900024414062,649.75,3595
2026-04-30 18:03:00+00:00,650.0,650.7000122070312,649.0999755859375,649.1099853515625,9966
2026-04-30 18:04:00+00:00,649.531494140625,650.7000122070312,649.1099853515625,649.5449829101562,12217
2026-04-30 18:05:00+00:00,649.5449829101562,649.97998046875,649.0,649.1799926757812,10710
2026-04-30 18:06:00+00:00,649.1749877929688,650.6798706054688,648.1799926757812,649.9749755859375,18323
2026-04-30 18:07:00+00:00,649.27001953125,651.5599975585938,649.27001953125,651.1900024414062,12503
2026-04-30 18:08:00+00:00,651.486328125,651.9199829101562,650.1300048828125,650.5750122070312,15890
2026-04-30 18:09:00+00:00,651.0,651.9400024414062,650.5700073242188,651.9400024414062,7991
2026-04-30 18:10:00+00:00,651.9000244140625,652.7999877929688,651.4400024414062,652.52001953125,18334
2026-04-30 18:11:00+00:00,652.52001953125,652.5399780273438,652.5150146484375,652.5150146484375,7254
2026-04-30 18:12:00+00:00,652.5150146484375,653.530029296875,652.02001953125,653.52001953125,8708
2026-04-30 18:13:00+00:00,653.510009765625,653.8800048828125,652.0,652.5599975585938,15876
2026-04-30 18:14:00+00:00,653.0399780273438,654.5499877929688,652.0700073242188,654.4199829101562,13285
2026-04-30 18:15:00+00:00,653.97998046875,655.5499267578125,653.97998046875,654.4099731445312,20360
2026-04-30 18:16:00+00:00,653.9500732421875,654.8599853515625,653.9500732421875,654.4749755859375,8590
2026-04-30 18:17:00+00:00,654.4749755859375,656.0,654.4749755859375,655.989990234375,10394
2026-04-30 18:18:00+00:00,655.9307250976562,657.989990234375,655.8317260742188,656.989990234375,16884
2026-04-30 18:19:00+00:00,656.989990234375,657.27001953125,654.807373046875,656.2999877929688,9350
2026-04-30 18:20:00+00:00,655.7999877929688,656.9033813476562,655.3400268554688,656.22998046875,6527
2026-04-30 18:21:00+00:00,656.489990234375,656.489990234375,655.4700927734375,655.989990234375,9795
2026-04-30 18:22:00+00:00,655.9949951171875,656.0866088867188,655.010009765625,655.1799926757812,13033
2026-04-30 18:23:00+00:00,655.6749877929688,657.0900268554688,655.5,656.6300048828125,16763
2026-04-30 18:24:00+00:00,655.760009765625,656.6199951171875,648.0,654.844970703125,13992
2026-04-30 18:25:00+00:00,655.0349731445312,656.0700073242188,654.614013671875,655.2999877929688,15511
2026-04-30 18:26:00+00:00,655.8900146484375,655.8900146484375,654.5999755859375,655.2050170898438,6635
2026-04-30 18:27:00+00:00,655.2050170898438,655.7669067382812,653.8599853515625,653.8599853515625,11307
2026-04-30 18:28:00+00:00,653.8599853515625,654.3599243164062,653.75,653.780029296875,4271
2026-04-30 18:29:00+00:00,654.3099975585938,654.3099975585938,653.2000732421875,653.72998046875,6804
2026-04-30 18:30:00+00:00,653.8900146484375,655.0,653.8900146484375,654.47998046875,9946
2026-04-30 18:31:00+00:00,654.4600219726562,654.8400268554688,653.864990234375,653.864990234375,5797
2026-04-30 18:32:00+00:00,653.2797241210938,654.8699951171875,652.8599853515625,653.864990234375,4456
2026-04-30 18:33:00+00:00,655.0,655.0,654.0850219726562,654.0850219726562,1155
2026-04-30 18:34:00+00:00,654.5,654.97998046875,652.405029296875,652.6599731445312,8197
2026-04-30 18:35:00+00:00,652.0,653.3800048828125,652.0,653.3800048828125,6256
2026-04-30 18:36:00+00:00,652.0499877929688,654.5800170898438,651.7028198242188,653.6950073242188,7809
2026-04-30 18:37:00+00:00,653.6500244140625,654.8098754882812,652.99658203125,653.6900024414062,4745
2026-04-30 18:38:00+00:00,653.8499755859375,654.8099975585938,652.1865234375,653.64990234375,6051
2026-04-30 18:39:00+00:00,652.3699951171875,652.8800048828125,651.635009765625,651.8400268554688,8695
2026-04-30 18:40:00+00:00,651.8400268554688,652.1900024414062,651.60498046875,652.1400146484375,7995
2026-04-30 18:41:00+00:00,652.1400146484375,652.1400146484375,651.0100708007812,651.760009765625,2719
2026-04-30 18:42:00+00:00,651.760009765625,651.760009765625,650.0300903320312,650.0300903320312,5007
2026-04-30 18:43:00+00:00,650.8099975585938,651.010009765625,650.10009765625,650.5999755859375,3469
2026-04-30 18:44:00+00:00,650.8099975585938,650.8101196289062,649.4299926757812,649.4299926757812,5902
2026-04-30 18:45:00+00:00,651.1798706054688,651.1798706054688,649.1901245117188,650.3800048828125,7131
2026-04-30 18:46:00+00:00,650.9998779296875,650.9998779296875,648.3101196289062,648.8305053710938,15516
2026-04-30 18:47:00+00:00,649.2550048828125,650.5399780273438,649.0399780273438,650.1849975585938,16014
2026-04-30 18:48:00+00:00,650.1849975585938,650.9998779296875,648.3101196289062,648.5,24366
2026-04-30 18:49:00+00:00,648.4099731445312,649.2999877929688,648.010009765625,649.1099853515625,13406
2026-04-30 18:50:00+00:00,649.239990234375,649.2852172851562,648.1500244140625,648.739990234375,12682
2026-04-30 18:51:00+00:00,648.739990234375,648.75,646.280029296875,646.9349975585938,14521
2026-04-30 18:52:00+00:00,647.3499755859375,648.5850219726562,646.8699951171875,648.52001953125,7942
2026-04-30 18:53:00+00:00,648.5850219726562,648.5850219726562,646.510009765625,646.510009765625,8032
2026-04-30 18:54:00+00:00,647.0150146484375,648.1500244140625,647.0,647.6199951171875,6207
2026-04-30 18:55:00+00:00,647.0123901367188,648.9998779296875,647.0,648.5,6162
2026-04-30 18:56:00+00:00,648.1500244140625,649.0,646.5100708007812,646.5100708007812,7513
2026-04-30 18:57:00+00:00,647.3200073242188,647.3200073242188,645.02001953125,645.8065185546875,30021
2026-04-30 18:58:00+00:00,645.7100219726562,646.239990234375,644.0001220703125,645.0399780273438,22335
2026-04-30 18:59:00+00:00,644.8150024414062,646.0598754882812,644.760009765625,645.02001953125,7017
2026-04-30 19:00:00+00:00,645.5399780273438,646.2698974609375,645.4000244140625,645.5800170898438,8716
2026-04-30 19:01:00+00:00,645.5,647.1300048828125,644.5999755859375,644.5999755859375,21912
2026-04-30 19:02:00+00:00,644.5250244140625,645.8499755859375,644.02001953125,645.0449829101562,24223
2026-04-30 19:03:00+00:00,645.0,647.0,645.0,645.010009765625,23922
2026-04-30 19:04:00+00:00,645.9600219726562,647.4500122070312,645.010009765625,647.2249755859375,10505
2026-04-30 19:05:00+00:00,647.219970703125,648.510009765625,647.219970703125,648.4400024414062,8974
2026-04-30 19:06:00+00:00,648.510009765625,649.9000244140625,648.3300170898438,649.4550170898438,9006
2026-04-30 19:07:00+00:00,649.4550170898438,649.9000244140625,648.5020751953125,648.5399780273438,9692
2026-04-30 19:08:00+00:00,649.5700073242188,649.5700073242188,648.885009765625,648.885009765625,4158
2026-04-30 19:09:00+00:00,648.89501953125,649.5,648.47998046875,649.02001953125,4238
2026-04-30 19:10:00+00:00,649.6876220703125,650.4500122070312,648.853515625,650.0349731445312,10746
2026-04-30 19:11:00+00:00,650.2750244140625,650.2750244140625,649.5089721679688,650.25,2760
2026-04-30 19:12:00+00:00,650.25,651.22998046875,649.8499755859375,650.280029296875,6926
2026-04-30 19:13:00+00:00,651.1300048828125,651.4099731445312,649.635009765625,649.7999877929688,10086
2026-04-30 19:14:00+00:00,650.0,650.0,649.2650146484375,649.510009765625,5997
2026-04-30 19:15:00+00:00,649.880126953125,650.8900146484375,649.880126953125,650.8900146484375,5000
2026-04-30 19:16:00+00:00,650.9000244140625,651.2100219726562,650.2999877929688,650.2999877929688,7718
2026-04-30 19:17:00+00:00,650.5650024414062,650.97998046875,650.4199829101562,650.489990234375,2176
2026-04-30 19:18:00+00:00,650.0401000976562,650.97998046875,650.0401000976562,650.4500122070312,7575
2026-04-30 19:19:00+00:00,650.4099731445312,651.489990234375,649.9099731445312,650.625,13397
2026-04-30 19:20:00+00:00,650.2000122070312,653.5499267578125,650.2000122070312,652.6099853515625,7857
2026-04-30 19:21:00+00:00,652.0599975585938,652.8200073242188,651.5100708007812,652.8200073242188,6469
2026-04-30 19:22:00+00:00,652.8200073242188,653.3900146484375,652.2999877929688,653.3400268554688,5428
2026-04-30 19:23:00+00:00,652.875,653.2288208007812,652.3001098632812,652.64501953125,5335
2026-04-30 19:24:00+00:00,652.2999877929688,652.7999877929688,652.2000122070312,652.5449829101562,6572
2026-04-30 19:25:00+00:00,652.4401245117188,654.9500122070312,652.4400024414062,654.3049926757812,15495
2026-04-30 19:26:00+00:00,654.0,654.9998779296875,653.8800048828125,654.0349731445312,7235
2026-04-30 19:27:00+00:00,653.9749755859375,653.9749755859375,652.9199829101562,653.0750122070312,7082
2026-04-30 19:28:00+00:00,653.739990234375,654.2550048828125,653.469970703125,653.64501953125,16882
2026-04-30 19:29:00+00:00,654.030029296875,654.260009765625,653.2550048828125,653.3200073242188,4260
2026-04-30 19:30:00+00:00,653.1079711914062,653.1079711914062,652.010009765625,652.510009765625,9665
2026-04-30 19:31:00+00:00,652.39501953125,653.4392700195312,652.25,652.85498046875,5311
2026-04-30 19:32:00+00:00,652.5518188476562,652.9375,652.47998046875,652.9375,5763
2026-04-30 19:33:00+00:00,653.6400146484375,656.969970703125,653.421875,656.5900268554688,25782
2026-04-30 19:34:00+00:00,656.969970703125,657.469970703125,655.569580078125,656.625,17459
2026-04-30 19:35:00+00:00,656.22998046875,657.1799926757812,655.9000244140625,656.3099975585938,4020
2026-04-30 19:36:00+00:00,656.9998779296875,657.4600219726562,655.5401000976562,657.3599853515625,9369
2026-04-30 19:37:00+00:00,657.2354125976562,657.4149780273438,656.6699829101562,657.219970703125,12536
2026-04-30 19:38:00+00:00,657.219970703125,657.8499145507812,657.0399780273438,657.27001953125,7766
2026-04-30 19:39:00+00:00,657.2449951171875,659.0599975585938,657.0701293945312,658.7100219726562,11747
2026-04-30 19:40:00+00:00,658.7150268554688,659.6099853515625,658.4299926757812,658.6400146484375,14016
2026-04-30 19:41:00+00:00,658.3900146484375,658.97998046875,658.0410766601562,658.3499755859375,8577
2026-04-30 19:42:00+00:00,658.97998046875,659.7999877929688,658.0001220703125,659.2100219726562,11033
2026-04-30 19:43:00+00:00,659.5,659.97998046875,659.2100830078125,659.60498046875,11321
2026-04-30 19:44:00+00:00,659.989990234375,660.3699951171875,659.4329223632812,659.7849731445312,15555
2026-04-30 19:45:00+00:00,659.7849731445312,661.010009765625,659.6599731445312,661.010009765625,13049
2026-04-30 19:46:00+00:00,660.5401000976562,662.5,660.5399780273438,662.5,16815
2026-04-30 19:47:00+00:00,662.0,663.5,662.0,663.3800048828125,12275
2026-04-30 19:48:00+00:00,663.5,664.718994140625,663.0900268554688,664.5800170898438,24543
2026-04-30 19:49:00+00:00,664.5800170898438,665.669921875,664.564208984375,665.0999755859375,15839
2026-04-30 19:50:00+00:00,664.9500122070312,664.9500122070312,660.364990234375,661.9600219726562,35301
2026-04-30 19:51:00+00:00,662.1099853515625,663.4559936523438,662.0,663.0900268554688,21094
2026-04-30 19:52:00+00:00,663.2750244140625,663.9174194335938,662.8499755859375,662.9199829101562,40977
2026-04-30 19:53:00+00:00,663.3800048828125,663.52001953125,662.2100219726562,662.530029296875,37031
2026-04-30 19:54:00+00:00,662.530029296875,664.9998779296875,660.6701049804688,664.9998779296875,48343
2026-04-30 19:55:00+00:00,664.989990234375,670.6998901367188,664.864990234375,670.1640014648438,84082
2026-04-30 19:56:00+00:00,670.1500244140625,670.25,668.4299926757812,669.6900024414062,60235
2026-04-30 19:57:00+00:00,670.0,673.3699951171875,669.5100708007812,672.60498046875,81002
2026-04-30 19:58:00+00:00,672.52001953125,673.2999267578125,672.080078125,672.7449951171875,86230
2026-04-30 19:59:00+00:00,672.7449951171875,674.3699951171875,670.2401123046875,673.5900268554688,183569
2026-05-01 13:30:00+00:00,666.10498046875,673.3499755859375,663.5999755859375,673.3499755859375,170666
2026-05-01 13:31:00+00:00,671.8051147460938,676.3300170898438,668.60009765625,673.4749755859375,34983
2026-05-01 13:32:00+00:00,674.93798828125,677.4500122070312,670.760009765625,676.219970703125,41911
2026-05-01 13:33:00+00:00,676.8200073242188,681.448974609375,675.010009765625,679.1599731445312,62241
2026-05-01 13:34:00+00:00,678.5079956054688,682.4299926757812,675.969970703125,676.0050048828125,62227
2026-05-01 13:35:00+00:00,676.5599975585938,681.8900146484375,675.8099975585938,681.0999755859375,26745
2026-05-01 13:36:00+00:00,681.0999755859375,686.5700073242188,680.0,685.89501953125,48222
2026-05-01 13:37:00+00:00,686.260009765625,690.4600219726562,685.7899780273438,689.9699096679688,39410
2026-05-01 13:38:00+00:00,689.3900146484375,696.0,689.3900146484375,693.280029296875,86913
2026-05-01 13:39:00+00:00,693.5499877929688,700.0,692.5,699.3900146484375,78680
2026-05-01 13:40:00+00:00,700.0,702.9998779296875,698.5300903320312,701.739990234375,67504
2026-05-01 13:41:00+00:00,700.864990234375,702.9199829101562,697.469970703125,698.1900024414062,59594
2026-05-01 13:42:00+00:00,698.4099731445312,701.5,697.0999755859375,700.0,38204
2026-05-01 13:43:00+00:00,699.5,704.3300170898438,699.4949951171875,703.6900024414062,56079
2026-05-01 13:44:00+00:00,704.0499877929688,707.3200073242188,703.7349853515625,705.864990234375,54792
2026-05-01 13:45:00+00:00,705.7750244140625,708.8900146484375,702.542724609375,706.8599853515625,53268
2026-05-01 13:46:00+00:00,707.1400146484375,710.52099609375,706.4000244140625,708.0700073242188,43844
2026-05-01 13:47:00+00:00,708.6699829101562,711.385009765625,703.7901000976562,705.0900268554688,53220
2026-05-01 13:48:00+00:00,705.0900268554688,709.0,704.630126953125,708.2949829101562,33320
2026-05-01 13:49:00+00:00,707.458984375,710.3699951171875,707.2999877929688,708.1699829101562,32426
2026-05-01 13:50:00+00:00,707.90478515625,711.2899780273438,707.0,710.85498046875,28604
2026-05-01 13:51:00+00:00,710.85498046875,711.6099853515625,707.0,708.106689453125,15348
2026-05-01 13:52:00+00:00,708.9000244140625,709.3200073242188,705.3099975585938,705.6600952148438,27997
2026-05-01 13:53:00+00:00,705.0,707.25,704.5499877929688,706.7999877929688,19183
2026-05-01 13:54:00+00:00,707.72998046875,710.9699096679688,707.5,709.7349853515625,19285
2026-05-01 13:55:00+00:00,709.8499755859375,717.5700073242188,708.843994140625,716.9949951171875,73380
2026-05-01 13:56:00+00:00,717.385009765625,718.5800170898438,715.0,716.3400268554688,56748
2026-05-01 13:57:00+00:00,716.2542114257812,719.469970703125,715.2946166992188,719.469970703125,39666
2026-05-01 13:58:00+00:00,719.4600219726562,721.0294799804688,716.6500244140625,719.7100219726562,44154
2026-05-01 13:59:00+00:00,719.530029296875,721.0700073242188,717.468994140625,719.0499877929688,31374
2026-05-01 14:00:00+00:00,718.9749755859375,720.3699951171875,716.75,717.3499755859375,36952
2026-05-01 14:01:00+00:00,716.2899780273438,723.52001953125,716.0001220703125,722.969970703125,52360
2026-05-01 14:02:00+00:00,723.5399780273438,727.1998901367188,723.2639770507812,725.0999755859375,62468
2026-05-01 14:03:00+00:00,724.4400024414062,725.969970703125,723.22998046875,725.3800048828125,28707
2026-05-01 14:04:00+00:00,726.0,726.1099853515625,723.4500732421875,724.72998046875,18486
2026-05-01 14:05:00+00:00,724.14501953125,725.6599731445312,721.1300048828125,721.1400146484375,27136
2026-05-01 14:06:00+00:00,721.72998046875,721.72998046875,715.6300048828125,716.7650146484375,50777
2026-05-01 14:07:00+00:00,716.385009765625,717.02099609375,714.5300903320312,715.4650268554688,26723
2026-05-01 14:08:00+00:00,715.4304809570312,717.1900024414062,712.9299926757812,712.9299926757812,42447
2026-05-01 14:09:00+00:00,712.8900146484375,714.9998779296875,711.8699951171875,714.5999755859375,30385
2026-05-01 14:10:00+00:00,714.4949951171875,715.2000122070312,711.2100219726562,711.85498046875,29862
2026-05-01 14:11:00+00:00,711.60498046875,714.7899780273438,711.2100219726562,714.1600952148438,14268
2026-05-01 14:12:00+00:00,713.3200073242188,715.833984375,713.0,714.260009765625,12191
2026-05-01 14:13:00+00:00,714.8150024414062,715.0009765625,711.6400146484375,712.1699829101562,16787
2026-05-01 14:14:00+00:00,711.8400268554688,712.1799926757812,709.0,709.75,19376
2026-05-01 14:15:00+00:00,709.5,710.9998779296875,708.6400146484375,708.6400146484375,15910
2026-05-01 14:16:00+00:00,709.0,711.5,709.0,710.3800048828125,18749
2026-05-01 14:17:00+00:00,710.030029296875,710.1099853515625,708.60009765625,709.0,17840
2026-05-01 14:18:00+00:00,708.4500122070312,708.4500122070312,705.5,706.8099975585938,26076
2026-05-01 14:19:00+00:00,706.8099975585938,707.9500122070312,705.051025390625,706.4600219726562,21428
2026-05-01 14:20:00+00:00,706.625,707.9598999023438,705.3800048828125,705.780029296875,19320
2026-05-01 14:21:00+00:00,706.6900024414062,709.0,706.0800170898438,706.0800170898438,11803
2026-05-01 14:22:00+00:00,706.0800170898438,711.0,706.0800170898438,711.0,13674
2026-05-01 14:23:00+00:00,710.4337158203125,710.9998779296875,708.64501953125,708.64501953125,21960
2026-05-01 14:24:00+00:00,708.9099731445312,709.9600219726562,707.6600952148438,708.77001953125,19108
2026-05-01 14:25:00+00:00,708.77001953125,708.9899291992188,706.8699951171875,708.1099853515625,13056
2026-05-01 14:26:00+00:00,708.6300048828125,709.7098999023438,707.6801147460938,707.6801147460938,10266
2026-05-01 14:27:00+00:00,708.6849975585938,708.989990234375,704.4201049804688,705.1400146484375,46530
2026-05-01 14:28:00+00:00,704.510009765625,706.27001953125,703.430908203125,704.0050048828125,13084
2026-05-01 14:29:00+00:00,703.9199829101562,704.9400024414062,702.3800048828125,703.0549926757812,14917
2026-05-01 14:30:00+00:00,702.3599853515625,703.0800170898438,701.0,701.1900024414062,16620
2026-05-01 14:31:00+00:00,701.010009765625,701.1900024414062,699.5001220703125,699.8800048828125,30389
2026-05-01 14:32:00+00:00,700.1500244140625,701.9998779296875,699.5800170898438,699.9500122070312,19816
2026-05-01 14:33:00+00:00,699.9500122070312,702.0,698.030029296875,700.64501953125,14569
2026-05-01 14:34:00+00:00,701.2899780273438,702.0,698.6400146484375,700.3798828125,10457
2026-05-01 14:35:00+00:00,699.9400024414062,701.52001953125,698.7750244140625,699.8200073242188,13393
2026-05-01 14:36:00+00:00,700.5200805664062,700.5200805664062,695.5933837890625,696.5700073242188,16911
2026-05-01 14:37:00+00:00,697.1599731445312,698.719970703125,696.25,696.760009765625,12209
2026-05-01 14:38:00+00:00,697.3200073242188,699.4000244140625,696.260009765625,699.4000244140625,37494
2026-05-01 14:39:00+00:00,699.4000244140625,700.0,697.4199829101562,697.4849853515625,11117
2026-05-01 14:40:00+00:00,697.552001953125,701.5499267578125,697.0100708007812,700.655029296875,14328
2026-05-01 14:41:00+00:00,700.7449951171875,701.0098876953125,699.3499755859375,699.3499755859375,11907
2026-05-01 14:42:00+00:00,699.3499755859375,701.9899291992188,698.1199951171875,699.9199829101562,14046
2026-05-01 14:43:00+00:00,699.9199829101562,702.5900268554688,699.9199829101562,702.5900268554688,14025
2026-05-01 14:44:00+00:00,702.7449951171875,703.4998779296875,700.0100708007812,701.239990234375,17094
2026-05-01 14:45:00+00:00,701.530029296875,703.5,701.530029296875,702.5250244140625,15454
2026-05-01 14:46:00+00:00,702.97998046875,704.3679809570312,701.5,702.1799926757812,19138
2026-05-01 14:47:00+00:00,702.2020874023438,702.52001953125,701.5399780273438,702.4849853515625,8471
2026-05-01 14:48:00+00:00,702.4500122070312,704.9678955078125,701.5700073242188,701.5700073242188,10246
2026-05-01 14:49:00+00:00,701.5700073242188,703.6599731445312,701.4600219726562,703.344970703125,7046
2026-05-01 14:50:00+00:00,702.8499755859375,702.8499755859375,699.0,699.4099731445312,25122
2026-05-01 14:51:00+00:00,699.4099731445312,702.27001953125,698.3400268554688,702.2100219726562,18771
2026-05-01 14:52:00+00:00,702.2999877929688,705.9998779296875,701.8300170898438,705.489990234375,18896
2026-05-01 14:53:00+00:00,705.4400024414062,708.2199096679688,705.4400024414062,706.9749755859375,20018
2026-05-01 14:54:00+00:00,706.9749755859375,707.419921875,705.4500122070312,705.6900024414062,11962
2026-05-01 14:55:00+00:00,705.530029296875,706.6550903320312,705.02001953125,706.260009765625,12171
2026-05-01 14:56:00+00:00,705.7000122070312,707.0800170898438,702.9000244140625,702.9000244140625,13576
2026-05-01 14:57:00+00:00,703.3800048828125,704.97998046875,702.0499877929688,703.010009765625,13977
2026-05-01 14:58:00+00:00,703.3800048828125,703.385009765625,700.0599975585938,700.6300048828125,15591
2026-05-01 14:59:00+00:00,700.6300048828125,701.3599853515625,700.0001220703125,700.9349975585938,24768
2026-05-01 15:00:00+00:00,700.6599731445312,703.0,700.510009765625,702.4099731445312,9196
2026-05-01 15:01:00+00:00,701.75,702.3599853515625,699.0,700.6400146484375,12110
2026-05-01 15:02:00+00:00,700.72998046875,700.72998046875,699.2100830078125,699.989990234375,8825
2026-05-01 15:03:00+00:00,699.8499755859375,702.0,699.8499755859375,700.8800048828125,9160
2026-05-01 15:04:00+00:00,701.4398803710938,703.9998779296875,700.5,703.469970703125,4680
2026-05-01 15:05:00+00:00,703.510009765625,703.510009765625,701.4251098632812,701.7349853515625,8565
2026-05-01 15:06:00+00:00,702.3104858398438,702.469970703125,699.9299926757812,700.385009765625,10621
2026-05-01 15:07:00+00:00,700.3800048828125,702.780029296875,700.3800048828125,702.739990234375,5846
2026-05-01 15:08:00+00:00,702.239990234375,706.0,701.72998046875,705.9998779296875,14888
2026-05-01 15:09:00+00:00,705.5,705.9998779296875,705.0001220703125,705.260009765625,14929
2026-05-01 15:10:00+00:00,705.1300048828125,706.0245971679688,704.3101196289062,705.280029296875,10243
2026-05-01 15:11:00+00:00,705.739990234375,707.77001953125,705.375,706.6199951171875,16067
2026-05-01 15:12:00+00:00,706.9299926757812,708.9500122070312,706.3577270507812,708.530029296875,18344
2026-05-01 15:13:00+00:00,708.7899780273438,708.7899780273438,706.780029296875,706.8129272460938,10481
2026-05-01 15:14:00+00:00,706.780029296875,707.3900146484375,706.3300170898438,706.85498046875,11374
2026-05-01 15:15:00+00:00,706.2901000976562,707.52001953125,706.0200805664062,707.0150146484375,12642
2026-05-01 15:16:00+00:00,707.52001953125,709.1699829101562,707.114990234375,708.4199829101562,23071
2026-05-01 15:17:00+00:00,708.5999755859375,709.3897094726562,707.5100708007812,709.3897094726562,13897
2026-05-01 15:18:00+00:00,708.7650146484375,709.9998779296875,708.3701171875,709.0800170898438,13855
2026-05-01 15:19:00+00:00,708.3809814453125,710.0,708.3809814453125,709.4650268554688,7048
2026-05-01 15:20:00+00:00,709.989990234375,711.4000244140625,709.8099975585938,710.5399780273438,19549
2026-05-01 15:21:00+00:00,710.1199951171875,711.0,708.989990234375,709.030029296875,9241
2026-05-01 15:22:00+00:00,708.9600219726562,709.3198852539062,707.385009765625,707.72998046875,18480
2026-05-01 15:23:00+00:00,707.8699951171875,709.1810302734375,707.3200073242188,707.9000854492188,16390
2026-05-01 15:24:00+00:00,709.1900024414062,709.4298706054688,707.9199829101562,708.364990234375,5921
2026-05-01 15:25:00+00:00,708.864990234375,710.8555908203125,708.6599731445312,710.1751098632812,8033
2026-05-01 15:26:00+00:00,710.14501953125,710.6799926757812,709.5513916015625,710.385009765625,6878
2026-05-01 15:27:00+00:00,710.3800048828125,710.385009765625,708.739990234375,709.22998046875,8036
2026-05-01 15:28:00+00:00,709.52001953125,710.2098999023438,708.0,708.489990234375,6222
2026-05-01 15:29:00+00:00,708.4949951171875,708.7705078125,707.3099975585938,707.4349975585938,10311
2026-05-01 15:30:00+00:00,707.357177734375,708.5,707.0001220703125,708.4249877929688,5756
2026-05-01 15:31:00+00:00,708.0,709.9534912109375,707.7899780273438,708.3800048828125,21437
2026-05-01 15:32:00+00:00,708.3800048828125,711.6950073242188,707.9700927734375,711.469970703125,15842
2026-05-01 15:33:00+00:00,711.469970703125,713.5700073242188,711.39501953125,712.52001953125,18400
2026-05-01 15:34:00+00:00,712.75,713.4163208007812,711.2999877929688,711.3099975585938,14082
2026-05-01 15:35:00+00:00,711.8049926757812,712.6199951171875,711.2349853515625,711.72998046875,9483
2026-05-01 15:36:00+00:00,711.5800170898438,711.989990234375,711.010009765625,711.6939697265625,5624
2026-05-01 15:37:00+00:00,711.3300170898438,712.2050170898438,710.780029296875,711.5499877929688,13960
2026-05-01 15:38:00+00:00,712.010009765625,712.47998046875,711.0,711.0250244140625,9634
2026-05-01 15:39:00+00:00,710.5599975585938,711.5700073242188,710.5599975585938,711.22998046875,4730
2026-05-01 15:40:00+00:00,710.8599853515625,711.530029296875,710.0001220703125,710.5449829101562,13127
2026-05-01 15:41:00+00:00,710.3900146484375,710.5750122070312,708.110107421875,708.7150268554688,15749
2026-05-01 15:42:00+00:00,709.2100219726562,709.2100219726562,708.1099853515625,708.2987060546875,11589
2026-05-01 15:43:00+00:00,709.0,709.8800048828125,709.0,709.510009765625,6083
2026-05-01 15:44:00+00:00,710.0,710.0,708.5,708.5,10211
2026-05-01 15:45:00+00:00,709.7332763671875,709.7332763671875,707.6199951171875,708.1500244140625,5856
2026-05-01 15:46:00+00:00,708.4299926757812,708.4699096679688,706.2891845703125,708.0549926757812,12737
2026-05-01 15:47:00+00:00,708.4500122070312,708.6199951171875,706.8099975585938,707.4199829101562,6483
2026-05-01 15:48:00+00:00,707.6699829101562,708.9600219726562,707.3900146484375,708.60498046875,7138
2026-05-01 15:49:00+00:00,708.6099853515625,709.8798828125,708.0,709.3200073242188,8451
2026-05-01 15:50:00+00:00,709.5599975585938,710.5899047851562,705.7999877929688,706.655029296875,17448
2026-05-01 15:51:00+00:00,706.655029296875,707.760009765625,705.4099731445312,707.375,16090
2026-05-01 15:52:00+00:00,707.02001953125,707.8400268554688,706.739990234375,707.364990234375,4365
2026-05-01 15:53:00+00:00,707.77197265625,707.77197265625,704.3300170898438,704.510009765625,10160
2026-05-01 15:54:00+00:00,704.9899291992188,710.75,704.510009765625,709.9550170898438,15395
2026-05-01 15:55:00+00:00,709.9550170898438,710.75,709.1599731445312,709.9600219726562,5812
2026-05-01 15:56:00+00:00,709.9600219726562,710.989990234375,709.1701049804688,710.0,5877
2026-05-01 15:57:00+00:00,710.125,711.0,709.3499755859375,710.60498046875,10174
2026-05-01 15:58:00+00:00,710.5999755859375,713.739990234375,710.344970703125,713.1649780273438,13075
2026-05-01 15:59:00+00:00,712.8200073242188,714.5399780273438,712.60009765625,713.8900146484375,12283
2026-05-01 16:00:00+00:00,713.52001953125,714.9484252929688,713.1500854492188,714.7100219726562,20508
2026-05-01 16:01:00+00:00,714.3400268554688,715.2000122070312,713.989990234375,714.5449829101562,11911
2026-05-01 16:02:00+00:00,714.5449829101562,715.7550048828125,714.5449829101562,714.8300170898438,15225
2026-05-01 16:03:00+00:00,714.8300170898438,715.219970703125,714.1500244140625,715.0999755859375,10231
2026-05-01 16:04:00+00:00,714.875,715.5900268554688,714.0499877929688,714.155029296875,9332
2026-05-01 16:05:00+00:00,714.260009765625,714.739990234375,713.010009765625,714.5,8564
2026-05-01 16:06:00+00:00,714.739990234375,716.3770141601562,714.739990234375,716.0050048828125,11636
2026-05-01 16:07:00+00:00,716.2899169921875,716.2899169921875,714.9600830078125,715.4299926757812,13899
2026-05-01 16:08:00+00:00,715.6900024414062,715.989990234375,714.3699951171875,715.14990234375,7099
2026-05-01 16:09:00+00:00,715.0167236328125,715.7570190429688,714.380126953125,714.7949829101562,4850
2026-05-01 16:10:00+00:00,714.844970703125,715.1500244140625,713.3381958007812,713.8099975585938,9569
2026-05-01 16:11:00+00:00,714.1699829101562,716.0499877929688,713.7166748046875,715.77001953125,8131
2026-05-01 16:12:00+00:00,716.0399780273438,716.469970703125,712.8499755859375,713.5399780273438,15018
2026-05-01 16:13:00+00:00,713.3499755859375,713.9500122070312,712.3101196289062,712.844970703125,13726
2026-05-01 16:14:00+00:00,712.7999877929688,712.97998046875,712.3099975585938,712.8200073242188,8186
2026-05-01 16:15:00+00:00,712.8200073242188,714.0700073242188,712.8200073242188,713.8599853515625,9386
2026-05-01 16:16:00+00:00,714.0999755859375,715.6099853515625,713.4299926757812,713.8800048828125,14387
2026-05-01 16:17:00+00:00,713.5599975585938,714.719970703125,713.5599975585938,714.5,5691
2026-05-01 16:18:00+00:00,714.010009765625,714.02001953125,712.7100219726562,712.85498046875,6996
2026-05-01 16:19:00+00:00,712.85498046875,713.4600219726562,711.9400024414062,713.4600219726562,8846
2026-05-01 16:20:00+00:00,713.219970703125,714.3699951171875,713.2100219726562,714.1699829101562,5641
2026-05-01 16:21:00+00:00,713.219970703125,714.5399780273438,713.0,714.1199951171875,4865
2026-05-01 16:22:00+00:00,714.5599975585938,714.8200073242188,713.7000122070312,714.8200073242188,5280
2026-05-01 16:23:00+00:00,714.3300170898438,714.8200073242188,712.1900024414062,712.6500244140625,10465
2026-05-01 16:24:00+00:00,712.9199829101562,713.9899291992188,712.4801025390625,713.2901000976562,6772
2026-05-01 16:25:00+00:00,713.6400756835938,714.2000122070312,712.219970703125,712.8800048828125,7430
2026-05-01 16:26:00+00:00,712.5549926757812,714.02001953125,712.5549926757812,713.6849975585938,6928
2026-05-01 16:27:00+00:00,713.6849975585938,714.4199829101562,713.4400024414062,713.9500122070312,6090
2026-05-01 16:28:00+00:00,713.5599975585938,714.4199829101562,713.5599975585938,714.0499877929688,4455
2026-05-01 16:29:00+00:00,714.0499877929688,714.0499877929688,711.3150024414062,711.3151245117188,21285
2026-05-01 16:30:00+00:00,711.5899047851562,712.1099853515625,710.8200073242188,711.8800048828125,9390
2026-05-01 16:31:00+00:00,712.510009765625,713.5900268554688,712.0399780273438,713.0399780273438,10941
2026-05-01 16:32:00+00:00,712.9349975585938,713.47998046875,712.4801025390625,713.0499877929688,6637
2026-05-01 16:33:00+00:00,713.0499877929688,713.3900146484375,712.6900024414062,712.8800048828125,6639
2026-05-01 16:34:00+00:00,712.875,713.2598876953125,712.1799926757812,712.530029296875,5281
2026-05-01 16:35:00+00:00,712.530029296875,713.8297729492188,712.3131713867188,713.4650268554688,9791
2026-05-01 16:36:00+00:00,713.4650268554688,714.4249877929688,712.8599853515625,714.4249877929688,11855
2026-05-01 16:37:00+00:00,714.4000854492188,714.4249877929688,712.9000244140625,714.1199951171875,7822
2026-05-01 16:38:00+00:00,714.1199951171875,714.489990234375,713.75,714.094970703125,5966
2026-05-01 16:39:00+00:00,714.3599853515625,714.8798828125,713.5700073242188,714.0,11497
2026-05-01 16:40:00+00:00,714.239990234375,714.869873046875,713.260009765625,713.635009765625,7198
2026-05-01 16:41:00+00:00,713.635009765625,714.5,713.260009765625,714.1851196289062,12627
2026-05-01 16:42:00+00:00,714.1799926757812,714.4400024414062,713.8800048828125,713.8900146484375,8171
2026-05-01 16:43:00+00:00,713.7150268554688,714.4500122070312,713.6199951171875,714.4500122070312,7627
2026-05-01 16:44:00+00:00,714.1300048828125,714.7698974609375,713.010009765625,713.219970703125,14942
2026-05-01 16:45:00+00:00,713.2150268554688,713.7100219726562,712.502685546875,713.260009765625,14504
2026-05-01 16:46:00+00:00,713.97998046875,714.0,712.8001098632812,713.7949829101562,10422
2026-05-01 16:47:00+00:00,713.7744750976562,714.510009765625,713.3800048828125,714.1400146484375,15602
2026-05-01 16:48:00+00:00,714.510009765625,715.0800170898438,713.75,714.0750122070312,13479
2026-05-01 16:49:00+00:00,714.0750122070312,715.5700073242188,713.7448120117188,715.4849853515625,13618
2026-05-01 16:50:00+00:00,715.6900024414062,715.8099975585938,714.8300170898438,715.4010009765625,7717
2026-05-01 16:51:00+00:00,715.405029296875,716.489990234375,715.405029296875,716.14501953125,12113
2026-05-01 16:52:00+00:00,716.4000244140625,716.989990234375,715.0399780273438,716.489990234375,36893
2026-05-01 16:53:00+00:00,716.239990234375,716.6798706054688,714.8300170898438,716.0750122070312,19598
2026-05-01 16:54:00+00:00,716.3049926757812,717.9998779296875,716.0,716.3200073242188,26347
2026-05-01 16:55:00+00:00,716.3499755859375,717.52001953125,716.3200073242188,717.3599853515625,21288
2026-05-01 16:56:00+00:00,717.3699951171875,717.719970703125,716.7999877929688,716.9500122070312,12270
2026-05-01 16:57:00+00:00,717.0599975585938,717.39501953125,716.010009765625,716.75,18506
2026-05-01 16:58:00+00:00,716.4000244140625,716.919921875,716.0001220703125,716.6300048828125,13772
2026-05-01 16:59:00+00:00,716.3400268554688,716.9099731445312,715.4000244140625,715.4000244140625,15329
2026-05-01 17:00:00+00:00,715.469970703125,716.1099853515625,715.2000122070312,715.6799926757812,7476
2026-05-01 17:01:00+00:00,716.1099853515625,718.14501953125,715.5499877929688,718.14501953125,18551
2026-05-01 17:02:00+00:00,718.14501953125,718.14501953125,716.7501220703125,717.10498046875,9844
2026-05-01 17:03:00+00:00,717.10498046875,717.4000244140625,716.2000122070312,716.3099975585938,11213
2026-05-01 17:04:00+00:00,716.2000122070312,716.5,715.25,715.4450073242188,8705
2026-05-01 17:05:00+00:00,715.739990234375,716.989990234375,715.4500122070312,716.030029296875,16468
2026-05-01 17:06:00+00:00,716.0700073242188,716.510009765625,715.489990234375,716.4351196289062,11171
2026-05-01 17:07:00+00:00,716.551025390625,716.8499755859375,716.1550903320312,716.4749755859375,4746
2026-05-01 17:08:00+00:00,716.4849853515625,716.8499755859375,715.489990234375,715.9500122070312,25249
2026-05-01 17:09:00+00:00,715.9400024414062,716.5,715.75,716.4199829101562,9688
2026-05-01 17:10:00+00:00,716.5,716.6400146484375,715.489990234375,715.760009765625,22370
2026-05-01 17:11:00+00:00,715.760009765625,717.2000122070312,715.4000244140625,717.0399780273438,12069
2026-05-01 17:12:00+00:00,716.5599975585938,717.2899780273438,716.2015991210938,717.0750122070312,6725
2026-05-01 17:13:00+00:00,717.0750122070312,717.3798828125,715.9301147460938,716.7899780273438,28748
2026-05-01 17:14:00+00:00,717.0800170898438,717.489990234375,717.0499877929688,717.3499755859375,5441
2026-05-01 17:15:00+00:00,717.3200073242188,718.1699829101562,717.0,717.5999755859375,12618
2026-05-01 17:16:00+00:00,717.844970703125,719.22998046875,717.5001220703125,718.9000244140625,12960
2026-05-01 17:17:00+00:00,719.010009765625,719.6898803710938,718.1400756835938,718.5650024414062,15796
2026-05-01 17:18:00+00:00,718.5650024414062,719.094970703125,717.6699829101562,718.3250122070312,21370
2026-05-01 17:19:00+00:00,718.9598999023438,718.9600219726562,717.764892578125,718.6500244140625,15506
2026-05-01 17:20:00+00:00,718.5850219726562,718.8900146484375,717.0100708007812,717.655029296875,13006
2026-05-01 17:21:00+00:00,717.2000122070312,718.7999877929688,717.0100708007812,717.625,19070
2026-05-01 17:22:00+00:00,717.625,718.0,716.8101196289062,717.47998046875,7044
2026-05-01 17:23:00+00:00,717.0599975585938,718.0,716.8699951171875,717.1099853515625,10454
2026-05-01 17:24:00+00:00,717.3499755859375,718.8098754882812,717.1599731445312,717.280029296875,15003
2026-05-01 17:25:00+00:00,717.2999877929688,717.9000244140625,716.219970703125,716.219970703125,21899
2026-05-01 17:26:00+00:00,716.239990234375,717.9000244140625,716.0,716.7000122070312,16761
2026-05-01 17:27:00+00:00,716.5800170898438,717.5999145507812,716.5050048828125,716.7999877929688,9301
2026-05-01 17:28:00+00:00,716.8699951171875,717.510009765625,716.469970703125,716.7999877929688,15332
2026-05-01 17:29:00+00:00,716.8099975585938,717.7000122070312,716.0,717.3900146484375,13266
2026-05-01 17:30:00+00:00,717.0800170898438,717.6599731445312,716.02001953125,716.780029296875,19150
2026-05-01 17:31:00+00:00,716.219970703125,716.780029296875,715.5001220703125,715.719970703125,13440
2026-05-01 17:32:00+00:00,716.0650024414062,717.5599975585938,715.7200927734375,717.135009765625,12454
2026-05-01 17:33:00+00:00,717.135009765625,717.7000122070312,716.7899780273438,717.5599975585938,8911
2026-05-01 17:34:00+00:00,717.6599731445312,717.6599731445312,716.6400146484375,717.0150146484375,17595
2026-05-01 17:35:00+00:00,716.6300048828125,717.3200073242188,716.1599731445312,716.8800048828125,12695
2026-05-01 17:36:00+00:00,716.344970703125,716.3499755859375,714.7949829101562,714.7949829101562,14672
2026-05-01 17:37:00+00:00,715.3300170898438,715.3300170898438,714.1500244140625,714.739990234375,8795
2026-05-01 17:38:00+00:00,714.739990234375,714.844970703125,711.35498046875,711.4400024414062,24886
2026-05-01 17:39:00+00:00,711.4400024414062,712.2899780273438,711.0,711.844970703125,20165
2026-05-01 17:40:00+00:00,711.85498046875,712.219970703125,711.3699951171875,711.3699951171875,5886
2026-05-01 17:41:00+00:00,711.3699951171875,712.0050048828125,711.1099853515625,712.0050048828125,6474
2026-05-01 17:42:00+00:00,712.1436767578125,712.3709716796875,710.0599975585938,710.8300170898438,11910
2026-05-01 17:43:00+00:00,710.3200073242188,711.4199829101562,710.0,711.4000244140625,9543
2026-05-01 17:44:00+00:00,711.25,712.27001953125,710.5001220703125,712.1900024414062,8767
2026-05-01 17:45:00+00:00,712.1500244140625,713.6300048828125,712.0,713.469970703125,12672
2026-05-01 17:46:00+00:00,713.5700073242188,713.8300170898438,712.7000122070312,713.5761108398438,7870
2026-05-01 17:47:00+00:00,712.97998046875,714.5300903320312,712.7100219726562,714.5300903320312,12274
2026-05-01 17:48:00+00:00,714.2000122070312,715.0,714.2000122070312,714.5,15075
2026-05-01 17:49:00+00:00,714.5250244140625,715.22998046875,714.25,714.8300170898438,12098
2026-05-01 17:50:00+00:00,714.8300170898438,715.4000244140625,714.4299926757812,715.219970703125,13954
2026-05-01 17:51:00+00:00,715.219970703125,715.8098754882812,713.3900146484375,714.489990234375,17253
2026-05-01 17:52:00+00:00,714.4899291992188,714.989990234375,713.844970703125,714.8599853515625,4339
2026-05-01 17:53:00+00:00,714.8499755859375,714.9799194335938,713.4299926757812,714.489990234375,27369
2026-05-01 17:54:00+00:00,714.489990234375,714.780029296875,713.14501953125,713.4400024414062,14595
2026-05-01 17:55:00+00:00,713.4400024414062,715.3049926757812,713.4400024414062,715.2000122070312,10691
2026-05-01 17:56:00+00:00,715.1699829101562,716.6300048828125,715.1300048828125,715.8699951171875,6391
2026-05-01 17:57:00+00:00,715.5250854492188,715.5250854492188,714.0,714.0,9710
2026-05-01 17:58:00+00:00,714.010009765625,714.5,714.0,714.3099975585938,7516
2026-05-01 17:59:00+00:00,714.3800048828125,715.0700073242188,714.0,714.3300170898438,16078
2026-05-01 18:00:00+00:00,714.0933837890625,714.0933837890625,713.010009765625,713.6300048828125,22150
2026-05-01 18:01:00+00:00,713.085693359375,714.1400146484375,713.0100708007812,713.9600219726562,13416
2026-05-01 18:02:00+00:00,713.9600219726562,714.5250244140625,712.9000244140625,712.9375,15523
2026-05-01 18:03:00+00:00,713.25,714.0,712.8800048828125,713.9849853515625,11263
2026-05-01 18:04:00+00:00,713.9849853515625,714.47998046875,712.0092163085938,712.0092163085938,14307
2026-05-01 18:05:00+00:00,712.4550170898438,713.5,712.0001220703125,713.094970703125,9235
2026-05-01 18:06:00+00:00,713.094970703125,713.869873046875,713.0499877929688,713.52001953125,6460
2026-05-01 18:07:00+00:00,713.8599853515625,714.7929077148438,713.5399780273438,713.9199829101562,6969
2026-05-01 18:08:00+00:00,713.7899780273438,715.0399780273438,713.6500244140625,714.25,23366
2026-05-01 18:09:00+00:00,714.0349731445312,714.260009765625,713.1599731445312,713.4550170898438,5984
2026-05-01 18:10:00+00:00,713.5,713.5401000976562,711.5,711.780029296875,11904
2026-05-01 18:11:00+00:00,711.5,714.1300048828125,711.3049926757812,713.6500244140625,26568
2026-05-01 18:12:00+00:00,713.1300048828125,714.2999877929688,712.77001953125,714.0449829101562,9609
2026-05-01 18:13:00+00:00,714.0449829101562,714.369873046875,713.02001953125,714.0250244140625,37154
2026-05-01 18:14:00+00:00,713.8200073242188,714.9699096679688,713.6099853515625,714.4550170898438,6024
2026-05-01 18:15:00+00:00,714.4600219726562,715.77001953125,714.4600219726562,715.614990234375,9839
2026-05-01 18:16:00+00:00,715.614990234375,716.5698852539062,715.4199829101562,715.9400024414062,16711
2026-05-01 18:17:00+00:00,716.5698852539062,716.8599853515625,715.0,715.0,8890
2026-05-01 18:18:00+00:00,715.5900268554688,716.8099975585938,715.0,716.469970703125,9595
2026-05-01 18:19:00+00:00,716.4650268554688,717.8499755859375,716.2899780273438,717.719970703125,10139
2026-05-01 18:20:00+00:00,717.8049926757812,717.989990234375,716.9199829101562,717.0349731445312,9514
2026-05-01 18:21:00+00:00,717.0349731445312,717.14501953125,716.6300048828125,716.6400146484375,114005
2026-05-01 18:22:00+00:00,716.7999877929688,717.989990234375,716.0499877929688,717.0449829101562,137447
2026-05-01 18:23:00+00:00,717.719970703125,717.719970703125,716.3200073242188,716.8800048828125,6070
2026-05-01 18:24:00+00:00,716.8800048828125,718.780029296875,716.6699829101562,718.4749755859375,14541
2026-05-01 18:25:00+00:00,718.5399780273438,718.9299926757812,718.2899780273438,718.8200073242188,13504
2026-05-01 18:26:00+00:00,718.037109375,719.7000122070312,718.0001220703125,718.25,19691
2026-05-01 18:27:00+00:00,718.25,719.0,718.0,719.0,13757
2026-05-01 18:28:00+00:00,718.97998046875,719.4998779296875,718.010009765625,718.344970703125,11164
2026-05-01 18:29:00+00:00,718.239990234375,718.9000244140625,718.0100708007812,718.385009765625,8276
2026-05-01 18:30:00+00:00,718.1599731445312,718.385009765625,717.1300048828125,717.4600219726562,12129
2026-05-01 18:31:00+00:00,717.4000244140625,719.0,717.1400756835938,718.9349975585938,15636
2026-05-01 18:32:00+00:00,719.0499877929688,719.8800048828125,718.791015625,719.3900146484375,12265
2026-05-01 18:33:00+00:00,719.6699829101562,719.6699829101562,718.4000244140625,718.4000244140625,9234
2026-05-01 18:34:00+00:00,717.75,718.9299926757812,717.5999755859375,718.9299926757812,10472
2026-05-01 18:35:00+00:00,718.7301025390625,719.5,718.4849853515625,718.5650024414062,9769
2026-05-01 18:36:00+00:00,718.4000244140625,719.3200073242188,718.0759887695312,718.5650024414062,9201
2026-05-01 18:37:00+00:00,718.5651245117188,719.1599731445312,718.0,718.5449829101562,7799
2026-05-01 18:38:00+00:00,718.510009765625,719.2999877929688,718.0,719.280029296875,10382
2026-05-01 18:39:00+00:00,719.2800903320312,719.8798828125,718.75,719.6400146484375,12397
2026-05-01 18:40:00+00:00,719.6400146484375,720.0,719.4000854492188,719.7750244140625,16910
2026-05-01 18:41:00+00:00,719.8800048828125,720.1400146484375,718.4500122070312,718.625,31774
2026-05-01 18:42:00+00:00,718.625,719.469970703125,718.52001953125,719.2435913085938,5618
2026-05-01 18:43:00+00:00,718.9500122070312,719.4099731445312,718.511474609375,718.7750244140625,8717
2026-05-01 18:44:00+00:00,718.7750244140625,719.0,718.4199829101562,718.6799926757812,11337
2026-05-01 18:45:00+00:00,718.6199951171875,718.6199951171875,716.2775268554688,716.6300048828125,18031
2026-05-01 18:46:00+00:00,716.4849853515625,716.594970703125,714.260009765625,714.9299926757812,15227
2026-05-01 18:47:00+00:00,714.594970703125,715.0,713.75,714.4349975585938,12714
2026-05-01 18:48:00+00:00,713.8099975585938,714.9099731445312,712.1851196289062,712.97998046875,11216
2026-05-01 18:49:00+00:00,713.0,714.5900268554688,713.0,714.0599975585938,10850
2026-05-01 18:50:00+00:00,714.0700073242188,715.0999755859375,713.525390625,714.989990234375,11498
2026-05-01 18:51:00+00:00,714.8400268554688,715.7650146484375,714.2828979492188,715.4349975585938,13021
2026-05-01 18:52:00+00:00,715.364990234375,715.364990234375,714.1619873046875,714.594970703125,6790
2026-05-01 18:53:00+00:00,714.6900024414062,716.0700073242188,714.64501953125,715.5599975585938,5307
2026-05-01 18:54:00+00:00,715.5050048828125,715.8200073242188,715.1699829101562,715.635009765625,5433
2026-05-01 18:55:00+00:00,715.635009765625,716.1900024414062,715.469970703125,716.010009765625,7750
2026-05-01 18:56:00+00:00,716.1900024414062,716.2025146484375,715.6300048828125,715.8502807617188,11378
2026-05-01 18:57:00+00:00,715.6400146484375,715.969970703125,715.0,715.614990234375,9134
2026-05-01 18:58:00+00:00,715.7999877929688,716.0999755859375,715.52001953125,716.0,4007
2026-05-01 18:59:00+00:00,716.0,717.0,715.5,716.6799926757812,11162
2026-05-01 19:00:00+00:00,716.3900146484375,717.2785034179688,715.7999877929688,716.9550170898438,8671
2026-05-01 19:01:00+00:00,717.280029296875,718.010009765625,716.47998046875,716.7000122070312,11629
2026-05-01 19:02:00+00:00,716.3900146484375,716.7799072265625,716.219970703125,716.22998046875,12392
2026-05-01 19:03:00+00:00,716.4000854492188,717.281982421875,716.0,716.094970703125,6923
2026-05-01 19:04:00+00:00,716.094970703125,717.2000122070312,715.6699829101562,716.7899780273438,6754
2026-05-01 19:05:00+00:00,716.97998046875,717.5,716.6799926757812,716.75,6706
2026-05-01 19:06:00+00:00,716.6799926757812,718.2899169921875,716.6799926757812,717.6799926757812,12531
2026-05-01 19:07:00+00:00,717.3499755859375,718.0,716.4749755859375,716.594970703125,8983
2026-05-01 19:08:00+00:00,716.6849975585938,717.3309936523438,716.2000122070312,716.8049926757812,6135
2026-05-01 19:09:00+00:00,717.239990234375,718.2899169921875,717.155029296875,717.89501953125,10932
2026-05-01 19:10:00+00:00,717.8950805664062,718.9299926757812,717.60009765625,718.72998046875,10823
2026-05-01 19:11:00+00:00,718.72998046875,719.489990234375,718.530029296875,719.1699829101562,12419
2026-05-01 19:12:00+00:00,719.2849731445312,720.0,718.590087890625,719.0999755859375,12311
2026-05-01 19:13:00+00:00,719.4998779296875,720.8699951171875,719.0451049804688,720.4849853515625,15712
2026-05-01 19:14:00+00:00,720.1799926757812,720.6300048828125,718.7100219726562,718.8800048828125,12447
2026-05-01 19:15:00+00:00,718.9249877929688,718.9251098632812,718.0900268554688,718.89990234375,7523
2026-05-01 19:16:00+00:00,718.5,718.5999755859375,717.1699829101562,717.4249877929688,13122
2026-05-01 19:17:00+00:00,717.60498046875,719.2000122070312,717.5050048828125,719.2000122070312,9071
2026-05-01 19:18:00+00:00,719.0999755859375,719.8800048828125,718.7501220703125,719.4400024414062,6424
2026-05-01 19:19:00+00:00,719.1300048828125,719.22998046875,717.3889770507812,717.3889770507812,12781
2026-05-01 19:20:00+00:00,717.8699951171875,718.3400268554688,716.2623291015625,716.7249755859375,11858
2026-05-01 19:21:00+00:00,716.7249755859375,717.3699951171875,716.3099975585938,717.2999877929688,3889
2026-05-01 19:22:00+00:00,716.7999877929688,717.2899780273438,716.1900024414062,716.405029296875,12252
2026-05-01 19:23:00+00:00,716.5999755859375,716.8699951171875,715.635009765625,715.9099731445312,10477
2026-05-01 19:24:00+00:00,715.72998046875,716.4998779296875,715.72998046875,716.4998779296875,4803
2026-05-01 19:25:00+00:00,716.2550048828125,716.5,716.010009765625,716.489990234375,10639
2026-05-01 19:26:00+00:00,716.4199829101562,717.3399047851562,716.2999877929688,717.14501953125,15497
2026-05-01 19:27:00+00:00,716.9500122070312,717.7098999023438,716.9149780273438,716.9149780273438,10776
2026-05-01 19:28:00+00:00,716.885009765625,717.5,716.885009765625,717.3250122070312,4279
2026-05-01 19:29:00+00:00,717.6099853515625,717.72998046875,716.02001953125,716.4000244140625,18038
2026-05-01 19:30:00+00:00,716.4000854492188,717.4398803710938,715.9000244140625,716.4249877929688,11834
2026-05-01 19:31:00+00:00,716.6599731445312,717.989990234375,715.8201293945312,717.3699951171875,12280
2026-05-01 19:32:00+00:00,717.3699951171875,718.3400268554688,717.1701049804688,717.7899780273438,9404
2026-05-01 19:33:00+00:00,717.7949829101562,718.989990234375,717.0601196289062,718.3900146484375,11965
2026-05-01 19:34:00+00:00,718.385009765625,719.0999755859375,717.8900146484375,719.0999755859375,11230
2026-05-01 19:35:00+00:00,718.844970703125,719.1998901367188,718.2139892578125,718.5900268554688,12148
2026-05-01 19:36:00+00:00,718.635009765625,719.409912109375,718.4949951171875,719.1649780273438,18357
2026-05-01 19:37:00+00:00,719.1649780273438,719.1649780273438,718.4099731445312,718.5,14573
2026-05-01 19:38:00+00:00,718.5,718.9199829101562,717.7800903320312,718.530029296875,16678
2026-05-01 19:39:00+00:00,718.594970703125,719.0999755859375,718.2700805664062,718.6599731445312,7342
2026-05-01 19:40:00+00:00,718.6649780273438,719.0900268554688,718.0303955078125,718.7949829101562,21217
2026-05-01 19:41:00+00:00,718.7327880859375,719.2899780273438,718.7327880859375,719.2559814453125,10397
2026-05-01 19:42:00+00:00,719.0599975585938,719.2899780273438,718.239990234375,718.239990234375,19049
2026-05-01 19:43:00+00:00,718.4199829101562,720.869873046875,718.27001953125,720.227783203125,21710
2026-05-01 19:44:00+00:00,720.6849975585938,721.3800048828125,719.030029296875,720.239990234375,20696
2026-05-01 19:45:00+00:00,720.1824951171875,720.8098754882812,719.7100219726562,719.9099731445312,10953
2026-05-01 19:46:00+00:00,720.1199951171875,720.5299072265625,718.969970703125,719.64501953125,32410
2026-05-01 19:47:00+00:00,719.5850219726562,720.0700073242188,718.0,718.9849853515625,24816
2026-05-01 19:48:00+00:00,719.4600219726562,721.489990234375,719.4400024414062,721.1300048828125,15637
2026-05-01 19:49:00+00:00,721.4899291992188,721.7698974609375,720.77001953125,721.2949829101562,12534
2026-05-01 19:50:00+00:00,721.5599975585938,723.47998046875,721.27001953125,723.0650024414062,23376
2026-05-01 19:51:00+00:00,722.9099731445312,723.2100219726562,722.3300170898438,722.6099853515625,27163
2026-05-01 19:52:00+00:00,722.530029296875,722.8298950195312,721.2999877929688,721.6500244140625,23187
2026-05-01 19:53:00+00:00,721.6599731445312,723.8900146484375,721.6500244140625,723.4199829101562,21670
2026-05-01 19:54:00+00:00,723.4199829101562,723.8900146484375,722.6900024414062,723.7000122070312,45670
2026-05-01 19:55:00+00:00,723.8900146484375,726.0700073242188,723.889892578125,725.27001953125,56378
2026-05-01 19:56:00+00:00,725.3599853515625,727.0,725.0537109375,726.4299926757812,61786
2026-05-01 19:57:00+00:00,726.3350219726562,727.7000122070312,726.1400146484375,727.280029296875,61327
2026-05-01 19:58:00+00:00,727.4400024414062,728.0,727.27001953125,727.6500244140625,69039
2026-05-01 19:59:00+00:00,727.5974731445312,727.739990234375,726.6099853515625,726.9400024414062,111686
2026-05-04 13:30:00+00:00,741.7249755859375,748.739990234375,739.0150146484375,739.8400268554688,491433
2026-05-04 13:31:00+00:00,739.8400268554688,744.0399169921875,736.989990234375,740.780029296875,51681
2026-05-04 13:32:00+00:00,740.280029296875,744.0499877929688,732.8200073242188,733.7293090820312,55523
2026-05-04 13:33:00+00:00,732.4804077148438,739.3499755859375,731.9500122070312,739.0,35047
2026-05-04 13:34:00+00:00,738.844970703125,738.844970703125,734.2337036132812,736.0750122070312,30823
2026-05-04 13:35:00+00:00,736.22998046875,738.14990234375,733.0599975585938,734.594970703125,40416
2026-05-04 13:36:00+00:00,734.3699951171875,739.3599853515625,733.8200073242188,735.6500244140625,35683
2026-05-04 13:37:00+00:00,736.5399780273438,738.489990234375,735.4199829101562,737.989990234375,28457
2026-05-04 13:38:00+00:00,737.530029296875,740.635009765625,735.9500122070312,739.9600219726562,37234
2026-05-04 13:39:00+00:00,739.969970703125,743.8729248046875,738.6199951171875,743.5250244140625,39709
2026-05-04 13:40:00+00:00,743.5250244140625,744.989990234375,742.0,743.4600219726562,42403
2026-05-04 13:41:00+00:00,744.4998779296875,746.1300048828125,742.6699829101562,745.2000732421875,37746
2026-05-04 13:42:00+00:00,745.6649780273438,746.1300048828125,737.0,738.9400024414062,57029
2026-05-04 13:43:00+00:00,739.5399780273438,741.0999755859375,736.97998046875,737.75,23981
2026-05-04 13:44:00+00:00,738.0499877929688,738.0499877929688,733.3489990234375,733.5250244140625,39577
2026-05-04 13:45:00+00:00,733.5,736.8477172851562,730.3699951171875,735.3800048828125,38505
2026-05-04 13:46:00+00:00,736.3099975585938,741.0599975585938,736.3099975585938,740.260009765625,37205
2026-05-04 13:47:00+00:00,740.25,742.9600219726562,738.3699951171875,738.5499877929688,27577
2026-05-04 13:48:00+00:00,738.7999877929688,738.9949951171875,735.7999877929688,736.3200073242188,21683
2026-05-04 13:49:00+00:00,736.010009765625,738.2698974609375,731.989990234375,732.27001953125,39725
2026-05-04 13:50:00+00:00,732.1799926757812,733.4619750976562,729.7600708007812,732.3400268554688,40625
2026-05-04 13:51:00+00:00,731.8400268554688,738.7999877929688,731.8400268554688,738.0549926757812,23906
2026-05-04 13:52:00+00:00,738.0549926757812,744.5,738.0549926757812,744.0,25583
2026-05-04 13:53:00+00:00,743.8389892578125,745.5999755859375,742.7960815429688,745.216796875,25545
2026-05-04 13:54:00+00:00,745.5999755859375,746.3798828125,742.1510009765625,742.8599853515625,17559
2026-05-04 13:55:00+00:00,742.4000244140625,742.7999877929688,740.9401245117188,742.489990234375,11097
2026-05-04 13:56:00+00:00,742.2255249023438,744.6099853515625,741.72998046875,744.0599975585938,30718
2026-05-04 13:57:00+00:00,744.0599975585938,745.3599853515625,741.2100219726562,741.9299926757812,23637
2026-05-04 13:58:00+00:00,742.0900268554688,742.0900268554688,739.0001220703125,740.9600219726562,12694
2026-05-04 13:59:00+00:00,740.969970703125,743.0,738.8200073242188,742.969970703125,29724
2026-05-04 14:00:00+00:00,741.6699829101562,743.0,740.9600219726562,742.4650268554688,11949
2026-05-04 14:01:00+00:00,743.0999755859375,743.9528198242188,741.4450073242188,742.927490234375,11536
2026-05-04 14:02:00+00:00,742.7000122070312,743.2000122070312,740.9199829101562,742.9000244140625,12107
2026-05-04 14:03:00+00:00,742.8300170898438,743.2000122070312,741.6699829101562,741.969970703125,11964
2026-05-04 14:04:00+00:00,742.5599975585938,742.5599975585938,736.3397216796875,737.1199951171875,27769
2026-05-04 14:05:00+00:00,736.6400146484375,741.1900024414062,736.6400146484375,740.7750244140625,19274
2026-05-04 14:06:00+00:00,741.1900024414062,741.9500122070312,739.2100219726562,741.239990234375,9932
2026-05-04 14:07:00+00:00,741.0,741.8150024414062,738.5399780273438,739.8499755859375,9990
2026-05-04 14:08:00+00:00,740.6900024414062,740.7000122070312,737.97998046875,739.2999877929688,30100
2026-05-04 14:09:00+00:00,739.4600219726562,739.919921875,738.739990234375,739.0,7721
2026-05-04 14:10:00+00:00,739.669921875,739.7000122070312,737.5999755859375,737.8598022460938,13458
2026-05-04 14:11:00+00:00,737.8607788085938,744.9298706054688,737.8607788085938,744.9298706054688,22695
2026-05-04 14:12:00+00:00,744.9299926757812,747.4000244140625,744.8900146484375,745.6099853515625,33529
2026-05-04 14:13:00+00:00,746.0,746.119873046875,744.4600219726562,744.4600219726562,11408
2026-05-04 14:14:00+00:00,745.22998046875,746.6300048828125,743.1199951171875,743.489990234375,10513
2026-05-04 14:15:00+00:00,743.9249877929688,743.9249877929688,741.0,743.14501953125,10175
2026-05-04 14:16:00+00:00,743.14501953125,743.1580200195312,740.8800048828125,741.5089721679688,9106
2026-05-04 14:17:00+00:00,741.155029296875,741.510009765625,740.0,740.7650146484375,13732
2026-05-04 14:18:00+00:00,740.02001953125,740.135009765625,737.25,737.25,19609
2026-05-04 14:19:00+00:00,737.1400146484375,739.0,736.0499877929688,738.02001953125,39936
2026-05-04 14:20:00+00:00,737.9199829101562,740.27001953125,736.6300048828125,740.27001953125,12286
2026-05-04 14:21:00+00:00,740.0349731445312,741.14990234375,736.0,736.02001953125,16961
2026-05-04 14:22:00+00:00,736.4000244140625,738.8798828125,735.6300048828125,737.719970703125,13507
2026-05-04 14:23:00+00:00,737.4099731445312,737.4099731445312,734.1828002929688,735.9099731445312,32933
2026-05-04 14:24:00+00:00,735.5800170898438,736.1500244140625,733.2050170898438,734.5,12159
2026-05-04 14:25:00+00:00,734.122802734375,736.719970703125,733.719970703125,736.719970703125,15601
2026-05-04 14:26:00+00:00,736.719970703125,738.6599731445312,736.6749877929688,738.405029296875,12895
2026-05-04 14:27:00+00:00,738.405029296875,739.260009765625,736.2899780273438,737.52001953125,12916
2026-05-04 14:28:00+00:00,737.6699829101562,739.6799926757812,736.760009765625,738.0700073242188,11738
2026-05-04 14:29:00+00:00,738.0700073242188,738.4298706054688,735.02001953125,735.02001953125,21616
2026-05-04 14:30:00+00:00,735.4749755859375,739.5449829101562,735.4749755859375,738.3400268554688,11930
2026-05-04 14:31:00+00:00,738.9498901367188,739.530029296875,738.3200073242188,739.1749877929688,10409
2026-05-04 14:32:00+00:00,739.7000122070312,742.3099975585938,739.2750244140625,741.6201171875,12806
2026-05-04 14:33:00+00:00,742.2999877929688,742.6185913085938,738.873291015625,739.405029296875,15742
2026-05-04 14:34:00+00:00,740.0164794921875,740.0598754882812,736.739990234375,737.467529296875,16516
2026-05-04 14:35:00+00:00,737.635009765625,737.635009765625,735.517578125,735.5200805664062,13176
2026-05-04 14:36:00+00:00,737.0700073242188,738.5850219726562,735.7999877929688,738.344970703125,10443
2026-05-04 14:37:00+00:00,738.4600219726562,741.6500244140625,738.1500244140625,740.9730834960938,10177
2026-05-04 14:38:00+00:00,740.8527221679688,742.47998046875,740.380126953125,740.75,17483
2026-05-04 14:39:00+00:00,740.3900146484375,741.0,739.5001220703125,741.0,5285
2026-05-04 14:40:00+00:00,740.280029296875,741.5211181640625,739.3200073242188,740.5,7440
2026-05-04 14:41:00+00:00,740.530029296875,742.2291259765625,739.3900146484375,740.1950073242188,6280
2026-05-04 14:42:00+00:00,741.0,742.3580932617188,740.0,742.1300048828125,5482
2026-05-04 14:43:00+00:00,742.4099731445312,744.6699829101562,741.8300170898438,744.2150268554688,16316
2026-05-04 14:44:00+00:00,744.219970703125,746.5,744.2000122070312,746.4942016601562,18172
2026-05-04 14:45:00+00:00,746.280029296875,748.47998046875,746.0700073242188,748.47998046875,34034
2026-05-04 14:46:00+00:00,748.5900268554688,749.0,747.8499755859375,748.3333129882812,32708
2026-05-04 14:47:00+00:00,748.3699951171875,748.9398803710938,746.3560791015625,748.0,18832
2026-05-04 14:48:00+00:00,748.3200073242188,748.6909790039062,744.0001220703125,744.0001220703125,16656
2026-05-04 14:49:00+00:00,744.4005737304688,745.9998779296875,744.364990234375,745.6300048828125,8957
2026-05-04 14:50:00+00:00,745.2899780273438,746.8699951171875,744.0,745.3900146484375,17544
2026-05-04 14:51:00+00:00,745.3900146484375,746.4400024414062,744.77001953125,745.6799926757812,10941
2026-05-04 14:52:00+00:00,745.9000244140625,746.4299926757812,742.2890014648438,742.2890014648438,10943
2026-05-04 14:53:00+00:00,742.8200073242188,743.0,741.2000122070312,741.9550170898438,10771
2026-05-04 14:54:00+00:00,741.9099731445312,741.9099731445312,739.5416259765625,740.5800170898438,12748
2026-05-04 14:55:00+00:00,740.0001220703125,742.0,740.0001220703125,741.2550048828125,5040
2026-05-04 14:56:00+00:00,741.8499755859375,742.0,739.5700073242188,739.5999755859375,15828
2026-05-04 14:57:00+00:00,739.5599975585938,740.8499755859375,738.4400024414062,740.22998046875,13576
2026-05-04 14:58:00+00:00,739.8150024414062,741.4299926757812,739.0,740.5,6514
2026-05-04 14:59:00+00:00,740.25,740.9998779296875,738.3800048828125,738.7650146484375,7804
2026-05-04 15:00:00+00:00,738.030029296875,738.030029296875,736.0,737.7849731445312,22706
2026-05-04 15:01:00+00:00,737.7849731445312,738.72998046875,735.9400024414062,738.72998046875,18405
2026-05-04 15:02:00+00:00,738.9299926757812,741.489990234375,738.9299926757812,741.4299926757812,12015
2026-05-04 15:03:00+00:00,740.2000122070312,740.8200073242188,739.8900146484375,740.2899780273438,4682
2026-05-04 15:04:00+00:00,739.9600219726562,740.9600219726562,739.6801147460938,740.9600219726562,6021
2026-05-04 15:05:00+00:00,740.3300170898438,742.219970703125,740.010009765625,742.1099853515625,6350
2026-05-04 15:06:00+00:00,741.5349731445312,743.0700073242188,740.8400268554688,742.989990234375,14254
2026-05-04 15:07:00+00:00,743.0700073242188,743.1998901367188,742.0399780273438,742.6900024414062,8915
2026-05-04 15:08:00+00:00,741.97998046875,744.3298950195312,741.97998046875,743.010009765625,8969
2026-05-04 15:09:00+00:00,743.010009765625,744.3300170898438,742.8400268554688,744.0499877929688,8917
2026-05-04 15:10:00+00:00,744.0499877929688,744.5,743.5999755859375,744.0,5425
2026-05-04 15:11:00+00:00,744.25,745.2000122070312,742.6599731445312,742.8049926757812,22842
2026-05-04 15:12:00+00:00,742.9000244140625,743.6300048828125,741.8250122070312,742.2130126953125,7256
2026-05-04 15:13:00+00:00,741.7349853515625,742.469970703125,739.6699829101562,739.8599853515625,11677
2026-05-04 15:14:00+00:00,740.97998046875,741.0,739.7623291015625,740.5599975585938,6454
2026-05-04 15:15:00+00:00,740.8699951171875,741.8499145507812,740.0795288085938,740.8900146484375,5764
2026-05-04 15:16:00+00:00,740.8499755859375,741.2899780273438,740.1199951171875,740.9400024414062,7158
2026-05-04 15:17:00+00:00,741.27001953125,741.5999755859375,739.5,740.1749877929688,20409
2026-05-04 15:18:00+00:00,740.1749877929688,740.6900024414062,739.6600952148438,740.530029296875,5209
2026-05-04 15:19:00+00:00,740.5050048828125,740.75,736.8499755859375,736.9199829101562,15020
2026-05-04 15:20:00+00:00,736.4199829101562,737.1599731445312,735.2100219726562,735.4650268554688,13318
2026-05-04 15:21:00+00:00,735.344970703125,735.7000122070312,733.5,735.3499755859375,20691
2026-05-04 15:22:00+00:00,735.0,737.5700073242188,734.219970703125,735.8800048828125,11618
2026-05-04 15:23:00+00:00,735.360107421875,736.4400024414062,734.22998046875,734.7100219726562,7576
2026-05-04 15:24:00+00:00,734.219970703125,735.2100219726562,734.0,734.489990234375,10447
2026-05-04 15:25:00+00:00,734.22998046875,735.8900146484375,734.22998046875,735.0001220703125,7338
2026-05-04 15:26:00+00:00,735.375,738.22998046875,735.0,737.530029296875,8826
2026-05-04 15:27:00+00:00,737.75,738.8699951171875,737.510009765625,738.2000122070312,9262
2026-05-04 15:28:00+00:00,738.8939208984375,738.9099731445312,737.0300903320312,737.1253051757812,8265
2026-05-04 15:29:00+00:00,737.9000244140625,738.65771484375,736.5599975585938,737.25,7316
2026-05-04 15:30:00+00:00,737.25,738.8209838867188,736.760009765625,738.4249877929688,13495
2026-05-04 15:31:00+00:00,738.4299926757812,738.9998779296875,736.4279174804688,738.02001953125,10444
2026-05-04 15:32:00+00:00,737.2000122070312,738.0399780273438,736.6400756835938,737.0,8341
2026-05-04 15:33:00+00:00,736.7666015625,738.780029296875,736.4500732421875,737.969970703125,13283
2026-05-04 15:34:00+00:00,739.0,740.9998779296875,738.72998046875,740.4849853515625,11619
2026-05-04 15:35:00+00:00,740.869873046875,740.869873046875,737.8499755859375,738.1599731445312,8630
2026-05-04 15:36:00+00:00,738.22998046875,740.5,738.1199951171875,739.6300048828125,10001
2026-05-04 15:37:00+00:00,739.5050048828125,740.9400024414062,739.2750244140625,740.4400024414062,10133
2026-05-04 15:38:00+00:00,739.9349975585938,740.8699951171875,739.010009765625,740.7000122070312,10643
2026-05-04 15:39:00+00:00,740.7349853515625,740.9400024414062,737.8200073242188,737.8300170898438,107376
2026-05-04 15:40:00+00:00,738.2249755859375,738.6300048828125,735.5549926757812,736.125,24244
2026-05-04 15:41:00+00:00,736.125,738.6697998046875,735.97998046875,738.6697998046875,13198
2026-05-04 15:42:00+00:00,737.9199829101562,738.3499755859375,737.469970703125,737.9000244140625,10306
2026-05-04 15:43:00+00:00,738.3400268554688,739.6799926757812,738.0399780273438,739.3400268554688,6760
2026-05-04 15:44:00+00:00,739.8200073242188,741.7374267578125,739.3400268554688,740.8654174804688,11093
2026-05-04 15:45:00+00:00,741.280029296875,743.8900146484375,741.1300048828125,741.1699829101562,22307
2026-05-04 15:46:00+00:00,742.0800170898438,742.9400024414062,741.1699829101562,741.7100219726562,8198
2026-05-04 15:47:00+00:00,741.7100219726562,743.1798706054688,741.5,742.5,8888
2026-05-04 15:48:00+00:00,741.9500122070312,744.0,741.719970703125,742.22998046875,14710
2026-05-04 15:49:00+00:00,741.510009765625,742.4998779296875,741.1701049804688,741.8699951171875,9124
2026-05-04 15:50:00+00:00,741.8350219726562,743.2100219726562,741.8350219726562,742.8049926757812,7661
2026-05-04 15:51:00+00:00,742.5900268554688,743.2100219726562,740.2947998046875,742.1400146484375,9082
2026-05-04 15:52:00+00:00,742.280029296875,744.8150024414062,741.2805786132812,743.9550170898438,14960
2026-05-04 15:53:00+00:00,744.6832275390625,744.6832275390625,742.0,743.030029296875,9058
2026-05-04 15:54:00+00:00,744.419921875,744.5,743.0,744.14501953125,8355
2026-05-04 15:55:00+00:00,744.14501953125,746.0,743.7999877929688,744.1849975585938,14659
2026-05-04 15:56:00+00:00,744.2999877929688,745.5999145507812,742.5999755859375,743.8350219726562,7614
2026-05-04 15:57:00+00:00,745.0452880859375,745.0452880859375,742.3200073242188,742.3200073242188,10649
2026-05-04 15:58:00+00:00,742.6600952148438,742.6600952148438,741.239990234375,742.35498046875,6269
2026-05-04 15:59:00+00:00,742.3499755859375,743.0,740.0800170898438,741.344970703125,16684
2026-05-04 16:00:00+00:00,741.7650146484375,741.7650146484375,739.6099853515625,740.75,13100
2026-05-04 16:01:00+00:00,740.75,741.4000244140625,738.6500244140625,739.8250122070312,11124
2026-05-04 16:02:00+00:00,740.5999755859375,740.77001953125,739.2000122070312,739.8200073242188,7397
2026-05-04 16:03:00+00:00,740.155029296875,740.4000244140625,737.3300170898438,737.4035034179688,10467
2026-05-04 16:04:00+00:00,737.3300170898438,738.701904296875,737.3300170898438,738.701904296875,7681
2026-05-04 16:05:00+00:00,738.0,739.4498901367188,737.5001220703125,737.9249877929688,16530
2026-05-04 16:06:00+00:00,737.9375,738.3499755859375,736.02001953125,736.4500122070312,14110
2026-05-04 16:07:00+00:00,736.4500122070312,739.739990234375,735.8681030273438,736.75,15031
2026-05-04 16:08:00+00:00,735.530029296875,735.9199829101562,733.8800048828125,735.0599975585938,25094
2026-05-04 16:09:00+00:00,735.4199829101562,735.5399780273438,734.2667236328125,734.9600219726562,8842
2026-05-04 16:10:00+00:00,735.239990234375,736.2000122070312,734.0700073242188,734.77001953125,23087
2026-05-04 16:11:00+00:00,734.0700073242188,735.989990234375,733.4099731445312,735.0700073242188,12521
2026-05-04 16:12:00+00:00,735.1649780273438,735.5,733.97998046875,734.8900146484375,14249
2026-05-04 16:13:00+00:00,734.6500244140625,735.489990234375,734.0,735.0499877929688,18004
2026-05-04 16:14:00+00:00,734.439208984375,735.52001953125,732.4401245117188,732.4401245117188,18921
2026-05-04 16:15:00+00:00,732.4400024414062,733.8200073242188,730.3001098632812,732.0,31939
2026-05-04 16:16:00+00:00,731.1500244140625,731.9998779296875,729.1749877929688,730.489990234375,22064
2026-05-04 16:17:00+00:00,730.4949951171875,733.1697998046875,729.7700805664062,732.3599853515625,11611
2026-05-04 16:18:00+00:00,733.0499877929688,733.1799926757812,731.8250122070312,733.1799926757812,8472
2026-05-04 16:19:00+00:00,732.4650268554688,734.8623046875,732.02001953125,733.5850219726562,10314
2026-05-04 16:20:00+00:00,734.1099853515625,734.9210205078125,732.4782104492188,733.9650268554688,9899
2026-05-04 16:21:00+00:00,734.5900268554688,735.1400146484375,733.5599975585938,733.9450073242188,9922
2026-05-04 16:22:00+00:00,733.9600219726562,735.8300170898438,733.7999877929688,734.5549926757812,9075
2026-05-04 16:23:00+00:00,734.5399780273438,734.6273803710938,733.0745849609375,733.5750122070312,8375
2026-05-04 16:24:00+00:00,733.5900268554688,735.4000244140625,733.4500732421875,734.2000122070312,8285
2026-05-04 16:25:00+00:00,734.219970703125,735.1300048828125,732.6171264648438,733.4201049804688,8598
2026-05-04 16:26:00+00:00,732.8699951171875,734.8300170898438,732.7899780273438,733.1500244140625,4837
2026-05-04 16:27:00+00:00,733.780029296875,734.0700073242188,732.4400024414062,733.260009765625,6377
2026-05-04 16:28:00+00:00,732.5599975585938,733.1300048828125,731.0,732.219970703125,15594
2026-05-04 16:29:00+00:00,732.7344970703125,733.1300048828125,732.122314453125,732.5750122070312,7234
2026-05-04 16:30:00+00:00,732.5750122070312,733.0999755859375,731.7000122070312,731.9199829101562,9177
2026-05-04 16:31:00+00:00,732.2550048828125,733.5900268554688,732.25,733.0,7153
2026-05-04 16:32:00+00:00,733.164794921875,733.4598999023438,732.0,732.7349853515625,8793
2026-05-04 16:33:00+00:00,732.2000122070312,733.5999755859375,732.010009765625,733.5999755859375,12456
2026-05-04 16:34:00+00:00,733.6171875,734.5045776367188,733.0999755859375,734.0599975585938,7676
2026-05-04 16:35:00+00:00,734.1500854492188,734.2000122070312,732.10498046875,733.094970703125,10460
2026-05-04 16:36:00+00:00,733.094970703125,734.5800170898438,732.1901245117188,733.8200073242188,6785
2026-05-04 16:37:00+00:00,734.1699829101562,735.0,733.8001098632812,734.4099731445312,8416
2026-05-04 16:38:00+00:00,734.4100952148438,734.4100952148438,732.0999755859375,732.5,9799
2026-05-04 16:39:00+00:00,732.510009765625,733.8198852539062,731.6900024414062,733.114990234375,13016
2026-05-04 16:40:00+00:00,733.114990234375,734.5499877929688,733.0549926757812,733.1995239257812,6880
2026-05-04 16:41:00+00:00,734.469970703125,735.1099243164062,732.8900146484375,734.5,11453
2026-05-04 16:42:00+00:00,734.5,735.919921875,733.8300170898438,735.2000122070312,7478
2026-05-04 16:43:00+00:00,735.3300170898438,736.760009765625,735.0560913085938,736.27001953125,7157
2026-05-04 16:44:00+00:00,736.2449951171875,736.7999267578125,735.0999755859375,735.9199829101562,7305
2026-05-04 16:45:00+00:00,735.0999755859375,736.4400024414062,735.0999755859375,736.0,8307
2026-05-04 16:46:00+00:00,736.5999755859375,737.4298706054688,735.5001220703125,736.5499877929688,15122
2026-05-04 16:47:00+00:00,736.6442260742188,737.2199096679688,736.0,736.5339965820312,9578
2026-05-04 16:48:00+00:00,736.3900146484375,737.3300170898438,736.3900146484375,736.6799926757812,6518
2026-05-04 16:49:00+00:00,737.0850219726562,737.7100219726562,736.6799926757812,737.6278076171875,14746
2026-05-04 16:50:00+00:00,737.6500244140625,737.780029296875,736.7349853515625,736.739990234375,12649
2026-05-04 16:51:00+00:00,736.739990234375,736.844970703125,734.7999877929688,735.9199829101562,12168
2026-05-04 16:52:00+00:00,735.9199829101562,736.3734741210938,735.1699829101562,735.5651245117188,8088
2026-05-04 16:53:00+00:00,735.5650024414062,736.7000122070312,735.4099731445312,736.7000122070312,13637
2026-05-04 16:54:00+00:00,736.0,736.7000122070312,736.0,736.39501953125,5188
2026-05-04 16:55:00+00:00,736.7000122070312,737.8958740234375,736.3201293945312,737.1701049804688,13457
2026-05-04 16:56:00+00:00,737.1649780273438,737.8699951171875,736.6699829101562,737.8699951171875,7564
2026-05-04 16:57:00+00:00,737.89990234375,737.89990234375,737.280029296875,737.5750122070312,8224
2026-05-04 16:58:00+00:00,737.5750122070312,737.89990234375,736.6699829101562,737.2849731445312,12356
2026-05-04 16:59:00+00:00,737.2849731445312,738.9998779296875,737.2849731445312,738.2050170898438,9298
2026-05-04 17:00:00+00:00,738.5299072265625,739.6015014648438,737.780029296875,738.880126953125,15381
2026-05-04 17:01:00+00:00,739.3599853515625,740.8765258789062,738.3900146484375,740.4249877929688,16311
2026-05-04 17:02:00+00:00,740.4249877929688,741.2899780273438,739.405029296875,740.219970703125,10169
2026-05-04 17:03:00+00:00,739.9857788085938,740.9498901367188,738.9249267578125,739.6749877929688,6082
2026-05-04 17:04:00+00:00,740.0,740.47998046875,739.0001220703125,740.0850219726562,6420
2026-05-04 17:05:00+00:00,740.0,740.9000244140625,739.6779174804688,740.3400268554688,7983
2026-05-04 17:06:00+00:00,740.4000244140625,741.6599731445312,740.0,740.0,10700
2026-05-04 17:07:00+00:00,740.4299926757812,742.6798706054688,740.0280151367188,741.625,19327
2026-05-04 17:08:00+00:00,741.219970703125,741.6300048828125,739.784423828125,739.8499755859375,9399
2026-05-04 17:09:00+00:00,739.9550170898438,740.3798828125,739.47998046875,740.1500854492188,5826
2026-05-04 17:10:00+00:00,740.3800048828125,740.5850830078125,739.3800048828125,739.9199829101562,4209
2026-05-04 17:11:00+00:00,739.9199829101562,740.55712890625,738.4400024414062,738.719970703125,8861
2026-05-04 17:12:00+00:00,738.719970703125,739.8300170898438,737.77001953125,738.2349853515625,16931
2026-05-04 17:13:00+00:00,738.25,739.1099853515625,737.8001098632812,738.4500122070312,5803
2026-05-04 17:14:00+00:00,738.64501953125,739.3198852539062,737.81298828125,739.3198852539062,4230
2026-05-04 17:15:00+00:00,738.739990234375,739.219970703125,738.239990234375,739.1199951171875,10391
2026-05-04 17:16:00+00:00,739.8200073242188,739.9998779296875,738.4234008789062,739.7999877929688,6268
2026-05-04 17:17:00+00:00,739.8200073242188,742.0,739.4600219726562,741.0900268554688,9934
2026-05-04 17:18:00+00:00,741.0900268554688,742.0,740.60009765625,740.9299926757812,7693
2026-05-04 17:19:00+00:00,741.4000244140625,741.9199829101562,740.4600219726562,741.0,10197
2026-05-04 17:20:00+00:00,740.5,741.2352905273438,740.3001098632812,741.22998046875,7609
2026-05-04 17:21:00+00:00,740.7650146484375,741.6599731445312,740.5001220703125,740.760009765625,6307
2026-05-04 17:22:00+00:00,741.1950073242188,741.6599731445312,739.0999755859375,739.0999755859375,6521
2026-05-04 17:23:00+00:00,740.3200073242188,741.0,739.8096923828125,740.489990234375,4553
2026-05-04 17:24:00+00:00,740.22998046875,740.6799926757812,739.6900024414062,739.6900024414062,4074
2026-05-04 17:25:00+00:00,739.7999877929688,740.9998779296875,739.6900024414062,740.6500244140625,4133
2026-05-04 17:26:00+00:00,740.216796875,741.5,740.0277709960938,740.3740234375,3261
2026-05-04 17:27:00+00:00,741.5,741.8800048828125,740.9000244140625,741.4450073242188,3729
2026-05-04 17:28:00+00:00,741.4400024414062,742.0900268554688,741.010009765625,741.9600219726562,5100
2026-05-04 17:29:00+00:00,741.8400268554688,742.3176879882812,741.5499877929688,741.7100219726562,6227
2026-05-04 17:30:00+00:00,741.7100219726562,741.8699951171875,741.4180908203125,741.760009765625,2966
2026-05-04 17:31:00+00:00,741.8350219726562,742.1674194335938,741.4243774414062,741.8200073242188,1809
2026-05-04 17:32:00+00:00,741.8200073242188,742.2100219726562,740.010009765625,740.3250122070312,6622
2026-05-04 17:33:00+00:00,740.0,740.5999755859375,740.0,740.5714111328125,3684
2026-05-04 17:34:00+00:00,740.3049926757812,740.9998779296875,738.239990234375,738.239990234375,9311
2026-05-04 17:35:00+00:00,738.5700073242188,738.5700073242188,736.5150146484375,736.5150146484375,7576
2026-05-04 17:36:00+00:00,736.780029296875,737.3814086914062,736.25,737.1500244140625,4358
2026-05-04 17:37:00+00:00,737.5899047851562,737.7125854492188,736.635009765625,736.635009765625,4853
2026-05-04 17:38:00+00:00,736.759521484375,737.75,736.4199829101562,737.14501953125,4175
2026-05-04 17:39:00+00:00,737.75,737.8399047851562,736.4500732421875,737.7009887695312,7806
2026-05-04 17:40:00+00:00,737.780029296875,737.8399047851562,737.0827026367188,737.1370849609375,2400
2026-05-04 17:41:00+00:00,737.3099975585938,737.5800170898438,736.7999877929688,736.9450073242188,7993
2026-05-04 17:42:00+00:00,737.64990234375,737.719970703125,736.4500122070312,736.7650146484375,6789
2026-05-04 17:43:00+00:00,736.760009765625,737.010009765625,736.1201171875,736.2647705078125,3472
2026-05-04 17:44:00+00:00,736.5549926757812,736.97998046875,736.1201171875,736.6900024414062,3287
2026-05-04 17:45:00+00:00,736.97998046875,736.97998046875,734.2000122070312,735.6849975585938,13534
2026-05-04 17:46:00+00:00,735.5150146484375,736.0299072265625,735.1400146484375,735.64501953125,3623
2026-05-04 17:47:00+00:00,735.2999877929688,736.1024169921875,735.0001220703125,736.1024169921875,5050
2026-05-04 17:48:00+00:00,735.60498046875,735.989990234375,734.7550048828125,734.7550048828125,3241
2026-05-04 17:49:00+00:00,735.2698974609375,735.5,734.2100830078125,734.9249877929688,5439
2026-05-04 17:50:00+00:00,734.9249877929688,735.489990234375,734.9249877929688,735.47998046875,8542
2026-05-04 17:51:00+00:00,735.469970703125,736.6898803710938,735.2449951171875,736.2150268554688,4922
2026-05-04 17:52:00+00:00,736.22998046875,736.6900024414062,736.1599731445312,736.6699829101562,2903
2026-05-04 17:53:00+00:00,736.3800048828125,737.2999877929688,736.3599853515625,736.510009765625,6620
2026-05-04 17:54:00+00:00,736.8699951171875,736.8699951171875,735.864990234375,736.4949951171875,8036
2026-05-04 17:55:00+00:00,736.4949951171875,737.8300170898438,736.4949951171875,737.0399780273438,5652
2026-05-04 17:56:00+00:00,737.1300048828125,737.5623168945312,736.7999877929688,737.135009765625,752
2026-05-04 17:57:00+00:00,737.114990234375,737.7899780273438,737.02001953125,737.469970703125,6004
2026-05-04 17:58:00+00:00,737.0701293945312,737.6900024414062,736.9000244140625,737.4000854492188,2247
2026-05-04 17:59:00+00:00,737.9199829101562,739.3800048828125,737.9199829101562,739.3800048828125,4486
2026-05-04 18:00:00+00:00,739.3800048828125,739.3800048828125,738.739990234375,739.0399780273438,5148
2026-05-04 18:01:00+00:00,739.0349731445312,739.4600219726562,738.5599975585938,738.5599975585938,4628
2026-05-04 18:02:00+00:00,738.8800048828125,739.719970703125,738.6500244140625,739.030029296875,3662
2026-05-04 18:03:00+00:00,738.905029296875,739.7999267578125,738.905029296875,738.989990234375,2120
2026-05-04 18:04:00+00:00,738.6599731445312,739.2899780273438,738.010009765625,739.0,2862
2026-05-04 18:05:00+00:00,738.7750244140625,738.989990234375,737.590087890625,737.590087890625,2787
2026-05-04 18:06:00+00:00,738.6749877929688,739.4345092773438,737.9199829101562,738.0,1723
2026-05-04 18:07:00+00:00,738.6799926757812,738.6799926757812,736.260009765625,736.75,12718
2026-05-04 18:08:00+00:00,737.0731201171875,737.0731201171875,735.6199951171875,735.875,7970
2026-05-04 18:09:00+00:00,735.6199951171875,736.3198852539062,734.3099975585938,734.54248046875,9177
2026-05-04 18:10:00+00:00,734.7849731445312,735.9400024414062,734.3499755859375,735.385009765625,12658
2026-05-04 18:11:00+00:00,735.385009765625,736.85498046875,735.385009765625,736.5050048828125,10512
2026-05-04 18:12:00+00:00,736.5900268554688,737.0598754882812,736.1599731445312,736.7000122070312,5271
2026-05-04 18:13:00+00:00,736.6799926757812,737.655029296875,736.1500244140625,737.655029296875,9573
2026-05-04 18:14:00+00:00,737.4299926757812,737.8699951171875,732.8101196289062,733.3099975585938,18588
2026-05-04 18:15:00+00:00,733.0,733.9899291992188,732.1599731445312,732.9149780273438,17893
2026-05-04 18:16:00+00:00,733.280029296875,734.4749755859375,733.280029296875,733.7000122070312,5157
2026-05-04 18:17:00+00:00,733.4837036132812,734.3800048828125,732.6500244140625,733.3200073242188,4393
2026-05-04 18:18:00+00:00,733.1840209960938,734.1699829101562,733.02001953125,733.9600219726562,7169
2026-05-04 18:19:00+00:00,733.489990234375,733.9600219726562,732.8200073242188,733.3150024414062,9682
2026-05-04 18:20:00+00:00,733.3150024414062,733.3200073242188,732.7999877929688,733.1199951171875,6919
2026-05-04 18:21:00+00:00,733.1699829101562,733.7100219726562,732.5,733.2550048828125,7583
2026-05-04 18:22:00+00:00,732.969970703125,733.7598876953125,732.7999877929688,733.2800903320312,3902
2026-05-04 18:23:00+00:00,733.280029296875,733.9420166015625,732.9299926757812,733.2999877929688,8700
2026-05-04 18:24:00+00:00,733.2999877929688,734.1099853515625,732.8200073242188,733.7050170898438,6582
2026-05-04 18:25:00+00:00,733.7050170898438,733.7050170898438,732.877685546875,733.2050170898438,7114
2026-05-04 18:26:00+00:00,733.1199951171875,733.6799926757812,732.6199951171875,733.469970703125,4500
2026-05-04 18:27:00+00:00,733.135009765625,733.6898803710938,732.8200073242188,733.6898803710938,4357
2026-05-04 18:28:00+00:00,733.1699829101562,734.89599609375,733.10009765625,734.4400024414062,9328
2026-05-04 18:29:00+00:00,734.344970703125,735.7999877929688,734.239990234375,735.4400024414062,11990
2026-05-04 18:30:00+00:00,735.3200073242188,736.0599975585938,735.1201171875,735.5850219726562,6706
2026-05-04 18:31:00+00:00,735.3250122070312,736.739990234375,735.1199951171875,736.739990234375,8422
2026-05-04 18:32:00+00:00,736.405029296875,736.7399291992188,735.8400268554688,736.0,4863
2026-05-04 18:33:00+00:00,735.9400024414062,736.5999755859375,735.6500244140625,736.030029296875,3643
2026-05-04 18:34:00+00:00,736.5999145507812,736.9000244140625,736.030029296875,736.364990234375,7897
2026-05-04 18:35:00+00:00,736.8200073242188,737.47998046875,736.0999755859375,736.8300170898438,4604
2026-05-04 18:36:00+00:00,736.1900024414062,737.5299072265625,736.1900024414062,736.8300170898438,7142
2026-05-04 18:37:00+00:00,737.0349731445312,737.0499877929688,736.010009765625,736.5499877929688,8714
2026-05-04 18:38:00+00:00,736.5499877929688,736.8707885742188,735.9600219726562,735.9600219726562,5504
2026-05-04 18:39:00+00:00,735.9600830078125,738.3699951171875,735.9600830078125,737.1701049804688,16281
2026-05-04 18:40:00+00:00,737.8499755859375,738.3945922851562,737.844970703125,737.844970703125,3772
2026-05-04 18:41:00+00:00,737.844970703125,738.3699951171875,736.7999877929688,737.1300048828125,8102
2026-05-04 18:42:00+00:00,737.1300048828125,737.6400146484375,736.25,736.25,5932
2026-05-04 18:43:00+00:00,736.864990234375,737.0,735.4401245117188,735.8099975585938,8073
2026-05-04 18:44:00+00:00,735.8099975585938,735.8099975585938,733.8499755859375,734.469970703125,6713
2026-05-04 18:45:00+00:00,733.9600219726562,735.0900268554688,733.8201293945312,734.3599853515625,6503
2026-05-04 18:46:00+00:00,734.1799926757812,734.27001953125,733.6099853515625,733.6099853515625,4805
2026-05-04 18:47:00+00:00,733.6099853515625,734.5599975585938,733.6099853515625,734.280029296875,6510
2026-05-04 18:48:00+00:00,734.0499877929688,734.7100219726562,734.0499877929688,734.5650024414062,3440
2026-05-04 18:49:00+00:00,734.1400146484375,735.0,733.7899780273438,734.6849975585938,127069
2026-05-04 18:50:00+00:00,734.9400024414062,735.52001953125,734.510009765625,734.510009765625,5660
2026-05-04 18:51:00+00:00,735.52001953125,737.7999877929688,734.5100708007812,737.1849975585938,10316
2026-05-04 18:52:00+00:00,737.1849975585938,737.5399780273438,736.1865234375,736.739990234375,9855
2026-05-04 18:53:00+00:00,736.77001953125,737.989990234375,736.739990234375,737.3699951171875,9264
2026-05-04 18:54:00+00:00,737.989990234375,738.9000244140625,737.6901245117188,738.0,12088
2026-05-04 18:55:00+00:00,738.440185546875,739.2899780273438,737.7501220703125,739.27001953125,9095
2026-05-04 18:56:00+00:00,738.4299926757812,739.6898803710938,738.3699951171875,738.9249877929688,11424
2026-05-04 18:57:00+00:00,739.0599975585938,739.0599975585938,738.0700073242188,738.5349731445312,5501
2026-05-04 18:58:00+00:00,738.5399780273438,740.0,738.0701293945312,739.9400024414062,11148
2026-05-04 18:59:00+00:00,739.9000244140625,740.5499877929688,738.9000854492188,740.3150024414062,11029
2026-05-04 19:00:00+00:00,740.8798828125,740.8800048828125,739.2000732421875,739.5549926757812,12591
2026-05-04 19:01:00+00:00,739.2000122070312,739.9600219726562,738.5399780273438,738.5399780273438,7996
2026-05-04 19:02:00+00:00,739.6483154296875,740.7031860351562,738.260009765625,738.75,13948
2026-05-04 19:03:00+00:00,738.5750122070312,739.3499755859375,738.1500244140625,738.1500854492188,5274
2026-05-04 19:04:00+00:00,739.2000122070312,739.8300170898438,738.780029296875,739.52001953125,8165
2026-05-04 19:05:00+00:00,739.8298950195312,740.10498046875,738.510009765625,740.10498046875,12975
2026-05-04 19:06:00+00:00,740.1599731445312,741.5,740.0,740.0,12127
2026-05-04 19:07:00+00:00,740.010009765625,740.9199829101562,738.3200073242188,738.7999877929688,14318
2026-05-04 19:08:00+00:00,739.2100219726562,739.719970703125,738.6199951171875,739.10498046875,8290
2026-05-04 19:09:00+00:00,739.155029296875,739.2999877929688,738.4500122070312,738.4500122070312,4450
2026-05-04 19:10:00+00:00,739.0,740.6900024414062,738.4000854492188,739.8400268554688,15499
2026-05-04 19:11:00+00:00,740.5,740.8900146484375,739.72998046875,740.5900268554688,9054
2026-05-04 19:12:00+00:00,740.760009765625,740.989990234375,739.2901000976562,739.9249877929688,11251
2026-05-04 19:13:00+00:00,740.2000122070312,740.3599853515625,739.0999755859375,739.6300048828125,14724
2026-05-04 19:14:00+00:00,739.6300048828125,740.1599731445312,739.1199951171875,739.6824951171875,10165
2026-05-04 19:15:00+00:00,739.2999877929688,740.8200073242188,739.2999877929688,740.8200073242188,11207
2026-05-04 19:16:00+00:00,740.5399780273438,741.0,739.8699951171875,740.5399780273438,17171
2026-05-04 19:17:00+00:00,740.6599731445312,741.2100219726562,740.3200073242188,740.72998046875,6651
2026-05-04 19:18:00+00:00,740.510009765625,741.3699951171875,740.1901245117188,740.5800170898438,14063
2026-05-04 19:19:00+00:00,740.64501953125,741.239990234375,739.8201293945312,740.3775024414062,6191
2026-05-04 19:20:00+00:00,740.364990234375,740.6849975585938,739.0900268554688,739.0900268554688,5475
2026-05-04 19:21:00+00:00,739.6599731445312,739.6599731445312,738.5,738.7999877929688,8568
2026-05-04 19:22:00+00:00,739.0700073242188,739.2899780273438,736.3001098632812,736.3001098632812,13471
2026-05-04 19:23:00+00:00,736.2999877929688,737.5999145507812,736.0700073242188,737.0549926757812,18104
2026-05-04 19:24:00+00:00,736.8099975585938,737.3800048828125,736.0601196289062,736.5,9041
2026-05-04 19:25:00+00:00,736.7000122070312,737.4299926757812,735.760009765625,736.4450073242188,16052
2026-05-04 19:26:00+00:00,736.4450073242188,737.0399780273438,736.0399780273438,736.1699829101562,7284
2026-05-04 19:27:00+00:00,736.280029296875,736.280029296875,735.02001953125,735.344970703125,9410
2026-05-04 19:28:00+00:00,735.35498046875,736.6298828125,735.3300170898438,736.6298828125,9703
2026-05-04 19:29:00+00:00,736.5349731445312,736.8200073242188,735.3499755859375,735.6171875,12086
2026-05-04 19:30:00+00:00,735.3400268554688,736.47998046875,735.010009765625,736.47998046875,9423
2026-05-04 19:31:00+00:00,736.094970703125,736.6400146484375,735.6400146484375,736.3699951171875,10410
2026-05-04 19:32:00+00:00,736.6599731445312,736.8250122070312,735.6300048828125,736.2150268554688,11092
2026-05-04 19:33:00+00:00,736.2150268554688,737.8900146484375,735.8101196289062,737.5499877929688,15747
2026-05-04 19:34:00+00:00,737.4550170898438,738.47998046875,737.010009765625,737.719970703125,10125
2026-05-04 19:35:00+00:00,737.0701293945312,738.739990234375,737.0701293945312,738.5599975585938,7487
2026-05-04 19:36:00+00:00,738.72998046875,738.72998046875,736.4600219726562,736.8350219726562,13277
2026-05-04 19:37:00+00:00,737.1300048828125,737.8798828125,736.239990234375,737.3900146484375,8680
2026-05-04 19:38:00+00:00,737.39501953125,737.8800048828125,736.4901123046875,737.39697265625,10868
2026-05-04 19:39:00+00:00,736.9600219726562,737.7999877929688,736.4901123046875,737.2999877929688,8965
2026-05-04 19:40:00+00:00,737.3150024414062,737.77001953125,736.9500122070312,737.6998901367188,12417
2026-05-04 19:41:00+00:00,737.3900146484375,737.7999877929688,737.0,737.2100219726562,15491
2026-05-04 19:42:00+00:00,737.3099975585938,738.6749877929688,737.0900268554688,738.6749877929688,9704
2026-05-04 19:43:00+00:00,738.635009765625,738.989990234375,737.6599731445312,737.6599731445312,17197
2026-05-04 19:44:00+00:00,738.1400146484375,738.905029296875,737.5001220703125,738.5449829101562,5945
2026-05-04 19:45:00+00:00,738.9299926757812,738.9299926757812,737.5,737.875,16332
2026-05-04 19:46:00+00:00,737.875,738.4500122070312,737.5241088867188,737.8150024414062,12048
2026-05-04 19:47:00+00:00,737.6749877929688,737.97998046875,737.1600952148438,737.64599609375,0
2026-05-04 19:48:00+00:00,737.97998046875,738.280029296875,737.614990234375,737.86572265625,11596
2026-05-04 19:49:00+00:00,737.97998046875,738.1900024414062,737.5,737.8499755859375,7090
2026-05-04 19:50:00+00:00,737.5499877929688,737.6599731445312,735.0900268554688,735.0900268554688,28536
2026-05-04 19:51:00+00:00,735.5599975585938,736.0675048828125,735.0,735.6900024414062,15777
2026-05-04 19:52:00+00:00,735.7249755859375,736.0,734.3587036132812,735.4749755859375,15180
2026-05-04 19:53:00+00:00,735.2100219726562,735.5999755859375,734.5999755859375,734.6199951171875,14389
2026-05-04 19:54:00+00:00,734.8798828125,735.0499877929688,732.9199829101562,733.030029296875,27639
2026-05-04 19:55:00+00:00,732.8200073242188,736.9600219726562,732.27001953125,736.8699951171875,39087
2026-05-04 19:56:00+00:00,736.5900268554688,738.0,736.1699829101562,737.7999877929688,118188
2026-05-04 19:57:00+00:00,737.7000122070312,738.1799926757812,737.1400146484375,737.6900024414062,42293
2026-05-04 19:58:00+00:00,737.9099731445312,738.2899780273438,737.6099853515625,738.010009765625,43088
2026-05-04 19:59:00+00:00,737.97998046875,739.0499877929688,737.969970703125,738.72998046875,92935
2026-05-05 13:30:00+00:00,754.9949951171875,764.0,754.9949951171875,761.4025268554688,245708
2026-05-05 13:31:00+00:00,760.2000122070312,761.3900146484375,752.5850219726562,754.530029296875,40896
2026-05-05 13:32:00+00:00,754.5999755859375,761.4199829101562,753.0050048828125,760.994384765625,34076
2026-05-05 13:33:00+00:00,759.75,763.0,757.094970703125,760.4000244140625,22705
2026-05-05 13:34:00+00:00,761.7000122070312,761.7000122070312,757.2750244140625,761.5,18142
2026-05-05 13:35:00+00:00,761.3754272460938,763.0,756.657470703125,761.2675170898438,21525
2026-05-05 13:36:00+00:00,761.3599853515625,768.6799926757812,759.02001953125,766.9000244140625,37572
2026-05-05 13:37:00+00:00,767.239990234375,773.9998779296875,766.2487182617188,773.5349731445312,36490
2026-05-05 13:38:00+00:00,772.7899780273438,773.75,770.760009765625,770.760009765625,35708
2026-05-05 13:39:00+00:00,770.75,778.02001953125,770.75,776.6199951171875,64332
2026-05-05 13:40:00+00:00,776.5252075195312,777.0599975585938,772.02001953125,773.5,44960
2026-05-05 13:41:00+00:00,773.1500244140625,777.4998779296875,772.719970703125,776.0050048828125,23520
2026-05-05 13:42:00+00:00,776.8309936523438,782.0999755859375,775.5,781.2249755859375,33057
2026-05-05 13:43:00+00:00,781.5900268554688,782.280029296875,780.010009765625,781.0,23810
2026-05-05 13:44:00+00:00,780.010009765625,786.5999755859375,779.0,786.0,30168
2026-05-05 13:45:00+00:00,786.5997924804688,787.780029296875,783.3599853515625,784.5700073242188,26904
2026-05-05 13:46:00+00:00,784.5700073242188,785.9299926757812,781.0,782.5349731445312,30241
2026-05-05 13:47:00+00:00,783.7899780273438,785.5999755859375,781.5449829101562,784.9400024414062,24394
2026-05-05 13:48:00+00:00,784.2750244140625,784.2750244140625,780.035400390625,781.780029296875,30318
2026-05-05 13:49:00+00:00,782.0150146484375,783.7606201171875,780.2200927734375,782.9080200195312,20836
2026-05-05 13:50:00+00:00,781.780029296875,784.8389892578125,781.0499877929688,784.4600219726562,27867
2026-05-05 13:51:00+00:00,784.0800170898438,792.010009765625,784.0800170898438,791.344970703125,49168
2026-05-05 13:52:00+00:00,791.344970703125,791.8900146484375,788.010009765625,788.9299926757812,31706
2026-05-05 13:53:00+00:00,788.5800170898438,789.864013671875,787.469970703125,789.739990234375,13238
2026-05-05 13:54:00+00:00,789.0999755859375,789.969970703125,785.25,785.7849731445312,23470
2026-05-05 13:55:00+00:00,786.0,789.3599853515625,785.1300048828125,788.64501953125,9728
2026-05-05 13:56:00+00:00,789.5150146484375,789.9869995117188,785.6900024414062,786.4749755859375,24571
2026-05-05 13:57:00+00:00,786.469970703125,789.9998779296875,785.8599853515625,787.9500122070312,16181
2026-05-05 13:58:00+00:00,787.780029296875,790.0,787.3350219726562,789.3200073242188,16192
2026-05-05 13:59:00+00:00,789.1300048828125,789.6298828125,783.25,783.5499877929688,23009
2026-05-05 14:00:00+00:00,784.260009765625,785.0999755859375,783.0,783.4600219726562,20822
2026-05-05 14:01:00+00:00,783.6350708007812,786.489990234375,781.5,786.489990234375,23558
2026-05-05 14:02:00+00:00,785.4735717773438,787.8900146484375,785.4735717773438,786.3280029296875,22745
2026-05-05 14:03:00+00:00,785.8800048828125,786.219970703125,782.3300170898438,782.6950073242188,13620
2026-05-05 14:04:00+00:00,782.2199096679688,782.6199951171875,780.3289794921875,781.8800048828125,19819
2026-05-05 14:05:00+00:00,781.8800048828125,782.4299926757812,779.5800170898438,780.010009765625,31417
2026-05-05 14:06:00+00:00,779.47998046875,781.6400146484375,779.2059936523438,780.0,16539
2026-05-05 14:07:00+00:00,779.2000122070312,781.7999877929688,779.2000122070312,780.1099853515625,10226
2026-05-05 14:08:00+00:00,780.1099853515625,781.719970703125,779.3400268554688,779.72998046875,22025
2026-05-05 14:09:00+00:00,779.6900024414062,780.97998046875,777.5001220703125,780.3499755859375,31475
2026-05-05 14:10:00+00:00,779.72998046875,782.0,779.3300170898438,780.3699951171875,14087
2026-05-05 14:11:00+00:00,780.5349731445312,781.4000244140625,778.001708984375,779.844970703125,17739
2026-05-05 14:12:00+00:00,779.844970703125,780.344970703125,778.0,778.5499877929688,13765
2026-05-05 14:13:00+00:00,778.8489990234375,780.02001953125,777.489990234375,777.489990234375,13813
2026-05-05 14:14:00+00:00,777.489990234375,777.969970703125,775.75,777.489990234375,28713
2026-05-05 14:15:00+00:00,777.5599975585938,778.97998046875,775.2100219726562,778.97998046875,21182
2026-05-05 14:16:00+00:00,778.7899780273438,780.0,777.3800048828125,778.3699951171875,16437
2026-05-05 14:17:00+00:00,778.3400268554688,779.6400146484375,777.7700805664062,778.8599853515625,15723
2026-05-05 14:18:00+00:00,778.9949951171875,779.0399780273438,774.0700073242188,774.9299926757812,33153
2026-05-05 14:19:00+00:00,774.6799926757812,775.5850219726562,773.5700073242188,775.5499877929688,17140
2026-05-05 14:20:00+00:00,775.219970703125,776.1798706054688,774.1500244140625,776.1798706054688,11099
2026-05-05 14:21:00+00:00,774.6799926757812,775.1199951171875,771.219970703125,771.864990234375,18421
2026-05-05 14:22:00+00:00,771.864990234375,773.7899780273438,771.489990234375,773.7899780273438,50774
2026-05-05 14:23:00+00:00,773.4099731445312,773.7255859375,771.0180053710938,772.8900146484375,21682
2026-05-05 14:24:00+00:00,772.4451293945312,775.3497924804688,771.77001953125,775.0850219726562,19494
2026-05-05 14:25:00+00:00,775.3499755859375,777.8699951171875,775.010009765625,777.8699951171875,12862
2026-05-05 14:26:00+00:00,777.9990234375,779.3798828125,776.9586791992188,778.6400146484375,50059
2026-05-05 14:27:00+00:00,778.280029296875,779.9498901367188,777.1599731445312,779.6900024414062,19750
2026-05-05 14:28:00+00:00,779.1799926757812,782.3599853515625,778.3699951171875,780.4254760742188,18478
2026-05-05 14:29:00+00:00,780.7849731445312,781.9400024414062,779.0,779.64501953125,24659
2026-05-05 14:30:00+00:00,779.5,781.389892578125,779.5,779.5001220703125,14614
2026-05-05 14:31:00+00:00,779.5103759765625,780.7098999023438,778.0,779.3049926757812,18073
2026-05-05 14:32:00+00:00,779.5499877929688,782.9899291992188,779.5399780273438,782.4949951171875,15832
2026-05-05 14:33:00+00:00,782.8599243164062,783.4998779296875,781.4349975585938,783.0,11131
2026-05-05 14:34:00+00:00,782.9400024414062,784.0900268554688,782.0,783.4199829101562,14620
2026-05-05 14:35:00+00:00,783.1495971679688,783.4199829101562,780.2899780273438,780.6699829101562,24063
2026-05-05 14:36:00+00:00,781.5,782.0,780.0001220703125,780.8499755859375,20959
2026-05-05 14:37:00+00:00,781.6798706054688,781.6798706054688,779.2000122070312,779.9249877929688,24527
2026-05-05 14:38:00+00:00,779.9249877929688,781.6649780273438,779.6199951171875,780.719970703125,25401
2026-05-05 14:39:00+00:00,780.2000122070312,782.5198974609375,777.510009765625,782.10498046875,44433
2026-05-05 14:40:00+00:00,782.0999755859375,782.8300170898438,779.2899780273438,780.8049926757812,19893
2026-05-05 14:41:00+00:00,780.8049926757812,781.510009765625,779.0300903320312,780.2100219726562,16369
2026-05-05 14:42:00+00:00,780.2100219726562,780.9998779296875,779.1900024414062,779.5900268554688,27036
2026-05-05 14:43:00+00:00,779.3099975585938,782.89990234375,779.3099975585938,782.2650146484375,15695
2026-05-05 14:44:00+00:00,782.2650146484375,782.5599975585938,780.10009765625,780.1400146484375,9196
2026-05-05 14:45:00+00:00,780.0999755859375,783.8118286132812,780.0999755859375,782.1300048828125,14085
2026-05-05 14:46:00+00:00,782.0,784.1629028320312,781.7100219726562,783.5499877929688,9553
2026-05-05 14:47:00+00:00,784.1099853515625,784.2899780273438,780.9149780273438,780.9149780273438,13890
2026-05-05 14:48:00+00:00,780.9099731445312,783.0,779.5,779.530029296875,16108
2026-05-05 14:49:00+00:00,779.2949829101562,780.1099853515625,778.510009765625,778.9099731445312,18620
2026-05-05 14:50:00+00:00,778.9099731445312,780.1799926757812,778.8599853515625,779.5490112304688,11261
2026-05-05 14:51:00+00:00,779.0599975585938,780.1500244140625,779.0,779.0,9029
2026-05-05 14:52:00+00:00,779.6099853515625,781.0,778.9099731445312,780.1950073242188,11001
2026-05-05 14:53:00+00:00,780.1950073242188,781.8599853515625,780.0001220703125,781.4849853515625,10659
2026-05-05 14:54:00+00:00,781.4849853515625,783.9799194335938,781.27001953125,783.6400146484375,27336
2026-05-05 14:55:00+00:00,783.9000244140625,785.0,783.3800048828125,784.6300048828125,15055
2026-05-05 14:56:00+00:00,784.7100219726562,785.219970703125,782.0700073242188,782.469970703125,27034
2026-05-05 14:57:00+00:00,782.469970703125,785.2150268554688,781.0800170898438,782.114990234375,24231
2026-05-05 14:58:00+00:00,782.114990234375,783.0349731445312,780.9301147460938,783.0349731445312,8498
2026-05-05 14:59:00+00:00,783.0399780273438,784.7100219726562,780.6599731445312,780.6599731445312,12176
2026-05-05 15:00:00+00:00,780.0900268554688,780.7999877929688,776.0001220703125,777.8909912109375,30340
2026-05-05 15:01:00+00:00,778.094970703125,782.5250244140625,777.840087890625,782.5250244140625,34603
2026-05-05 15:02:00+00:00,782.5250244140625,782.8400268554688,778.510009765625,779.0549926757812,19614
2026-05-05 15:03:00+00:00,779.5,779.6889038085938,777.0001220703125,778.9000244140625,9384
2026-05-05 15:04:00+00:00,778.2050170898438,779.4199829101562,777.5100708007812,779.4199829101562,7671
2026-05-05 15:05:00+00:00,778.4904174804688,779.619873046875,777.7100219726562,778.2899780273438,8014
2026-05-05 15:06:00+00:00,778.2899780273438,779.5451049804688,776.1900024414062,779.5451049804688,19725
2026-05-05 15:07:00+00:00,779.0700073242188,779.3699951171875,776.5401000976562,777.02001953125,16629
2026-05-05 15:08:00+00:00,776.635009765625,777.52001953125,775.6799926757812,777.0999755859375,11335
2026-05-05 15:09:00+00:00,777.1300048828125,777.52001953125,776.3200073242188,777.030029296875,14697
2026-05-05 15:10:00+00:00,777.6799926757812,777.989990234375,775.47998046875,776.1199951171875,17734
2026-05-05 15:11:00+00:00,775.8400268554688,777.9199829101562,775.5599975585938,777.0,11404
2026-05-05 15:12:00+00:00,776.8300170898438,777.4000244140625,775.25,776.2750244140625,16452
2026-05-05 15:13:00+00:00,776.2999877929688,777.9998779296875,775.5100708007812,777.5,10058
2026-05-05 15:14:00+00:00,777.0001220703125,779.2100219726562,776.8499755859375,776.9901123046875,16819
2026-05-05 15:15:00+00:00,777.0100708007812,779.3200073242188,777.0100708007812,777.5,19631
2026-05-05 15:16:00+00:00,777.5,777.9500122070312,776.9400024414062,776.9400024414062,7973
2026-05-05 15:17:00+00:00,776.1500854492188,776.219970703125,774.0,774.6500244140625,17266
2026-05-05 15:18:00+00:00,774.6500244140625,775.4401245117188,774.0,775.4299926757812,13905
2026-05-05 15:19:00+00:00,775.6400146484375,776.4899291992188,775.0701293945312,775.8900146484375,7538
2026-05-05 15:20:00+00:00,775.8900146484375,776.989990234375,775.4299926757812,775.9099731445312,14463
2026-05-05 15:21:00+00:00,775.7100219726562,777.4829711914062,775.7100219726562,776.614990234375,10101
2026-05-05 15:22:00+00:00,776.4550170898438,778.760009765625,776.4550170898438,778.4600219726562,10945
2026-05-05 15:23:00+00:00,778.344970703125,778.9974975585938,778.0800170898438,778.625,11172
2026-05-05 15:24:00+00:00,778.625,779.0,777.7899780273438,777.7899780273438,9244
2026-05-05 15:25:00+00:00,777.9149780273438,778.1199951171875,776.0001220703125,776.4299926757812,9231
2026-05-05 15:26:00+00:00,776.3099975585938,777.4998779296875,775.3800048828125,775.8699951171875,15393
2026-05-05 15:27:00+00:00,775.7000122070312,776.0999755859375,774.6199951171875,775.1801147460938,14290
2026-05-05 15:28:00+00:00,775.1751098632812,776.489990234375,774.0399780273438,775.3150024414062,22358
2026-05-05 15:29:00+00:00,774.72998046875,774.9299926757812,774.0,774.3599853515625,12182
2026-05-05 15:30:00+00:00,774.1300048828125,774.6998901367188,773.8800048828125,774.4710083007812,25100
2026-05-05 15:31:00+00:00,774.3499755859375,774.6096801757812,773.8699951171875,774.344970703125,47801
2026-05-05 15:32:00+00:00,774.3300170898438,776.0999755859375,774.0,774.85498046875,17569
2026-05-05 15:33:00+00:00,774.9550170898438,775.3300170898438,773.8900146484375,774.4299926757812,28714
2026-05-05 15:34:00+00:00,774.260009765625,775.2000122070312,774.0,774.7564697265625,17192
2026-05-05 15:35:00+00:00,774.6331176757812,775.9699096679688,774.594970703125,775.125,9574
2026-05-05 15:36:00+00:00,775.125,776.3599853515625,774.52001953125,776.0748901367188,14460
2026-05-05 15:37:00+00:00,776.2999877929688,776.2999877929688,773.7100219726562,774.0499877929688,36420
2026-05-05 15:38:00+00:00,774.0700073242188,774.8099975585938,773.7800903320312,774.27001953125,16429
2026-05-05 15:39:00+00:00,774.27001953125,774.52001953125,772.0599975585938,772.7999877929688,18613
2026-05-05 15:40:00+00:00,772.5050048828125,773.1798706054688,772.0,772.9400024414062,13330
2026-05-05 15:41:00+00:00,772.9550170898438,774.9500122070312,772.5286865234375,774.1699829101562,16710
2026-05-05 15:42:00+00:00,774.1599731445312,775.489990234375,774.1599731445312,775.1199951171875,7939
2026-05-05 15:43:00+00:00,775.489990234375,775.6699829101562,772.9450073242188,773.5,17358
2026-05-05 15:44:00+00:00,773.489990234375,773.9598999023438,773.010009765625,773.469970703125,3629
2026-05-05 15:45:00+00:00,773.22998046875,773.760009765625,772.3200073242188,773.0,7903
2026-05-05 15:46:00+00:00,772.75,775.0,771.7999877929688,774.7899780273438,22164
2026-05-05 15:47:00+00:00,774.7999877929688,775.4299926757812,774.0,774.780029296875,12207
2026-05-05 15:48:00+00:00,774.9425048828125,775.489990234375,774.2050170898438,774.60498046875,8265
2026-05-05 15:49:00+00:00,774.60498046875,775.760009765625,774.5900268554688,774.5900268554688,14221
2026-05-05 15:50:00+00:00,774.3699951171875,775.0386962890625,774.2999877929688,774.6199951171875,5274
2026-05-05 15:51:00+00:00,774.6199951171875,776.7922973632812,774.6199951171875,776.6649780273438,14278
2026-05-05 15:52:00+00:00,776.6649780273438,777.0,775.97998046875,776.5700073242188,8732
2026-05-05 15:53:00+00:00,776.5700073242188,776.9199829101562,774.97998046875,776.239990234375,16726
2026-05-05 15:54:00+00:00,776.5598754882812,777.0,775.969970703125,776.8099975585938,9717
2026-05-05 15:55:00+00:00,776.85498046875,777.0,776.2000122070312,776.5499877929688,8923
2026-05-05 15:56:00+00:00,776.4550170898438,777.739990234375,776.2200927734375,776.9000244140625,19075
2026-05-05 15:57:00+00:00,776.8800048828125,777.2698974609375,774.0001220703125,774.2000122070312,12059
2026-05-05 15:58:00+00:00,774.4000244140625,774.5,772.5700073242188,773.4190063476562,14667
2026-05-05 15:59:00+00:00,773.4099731445312,773.8250122070312,772.5,772.9000244140625,13356
2026-05-05 16:00:00+00:00,772.9000244140625,773.3599243164062,772.3200073242188,772.6799926757812,4731
2026-05-05 16:01:00+00:00,772.9299926757812,772.9299926757812,771.5800170898438,772.2000122070312,16213
2026-05-05 16:02:00+00:00,772.2000122070312,773.0,771.6799926757812,772.6099853515625,8698
2026-05-05 16:03:00+00:00,772.9849853515625,773.8099975585938,772.7000122070312,773.4000244140625,7953
2026-05-05 16:04:00+00:00,773.4000244140625,774.969970703125,773.0,774.489990234375,14569
2026-05-05 16:05:00+00:00,774.510009765625,775.5899047851562,774.469970703125,775.1199951171875,15779
2026-05-05 16:06:00+00:00,775.2949829101562,778.0,775.2949829101562,777.030029296875,19987
2026-05-05 16:07:00+00:00,776.8099975585938,777.3800048828125,776.1699829101562,776.4500122070312,13800
2026-05-05 16:08:00+00:00,776.4500122070312,776.7999877929688,775.60498046875,775.60498046875,12826
2026-05-05 16:09:00+00:00,775.5999755859375,776.7977294921875,775.594970703125,775.989990234375,10855
2026-05-05 16:10:00+00:00,776.47998046875,776.7999877929688,775.510009765625,775.635009765625,6269
2026-05-05 16:11:00+00:00,775.8200073242188,776.0598754882812,774.269287109375,774.3099975585938,13422
2026-05-05 16:12:00+00:00,774.7249755859375,775.760009765625,774.219970703125,774.60009765625,11560
2026-05-05 16:13:00+00:00,774.5999755859375,776.5,774.5999755859375,776.5,10272
2026-05-05 16:14:00+00:00,776.1900024414062,777.6099853515625,775.4901123046875,777.114990234375,15185
2026-05-05 16:15:00+00:00,777.219970703125,777.5900268554688,776.4450073242188,776.9984741210938,10275
2026-05-05 16:16:00+00:00,776.9299926757812,777.5999755859375,775.6500244140625,776.2899169921875,15044
2026-05-05 16:17:00+00:00,775.6199951171875,776.0,773.0399780273438,774.0399780273438,43288
2026-05-05 16:18:00+00:00,774.0900268554688,774.7999877929688,770.3499755859375,771.1749877929688,31533
2026-05-05 16:19:00+00:00,771.1749877929688,775.0,771.0098266601562,771.7050170898438,27047
2026-05-05 16:20:00+00:00,771.7050170898438,772.5599975585938,771.6060180664062,771.9299926757812,10742
2026-05-05 16:21:00+00:00,771.9299926757812,774.6199951171875,771.655029296875,773.860107421875,7926
2026-05-05 16:22:00+00:00,774.989990234375,775.4400024414062,772.5399780273438,772.5399780273438,17343
2026-05-05 16:23:00+00:00,772.3699951171875,772.5399780273438,771.510009765625,772.1649780273438,11848
2026-05-05 16:24:00+00:00,772.3200073242188,772.530029296875,771.7150268554688,771.7150268554688,5871
2026-05-05 16:25:00+00:00,771.8499755859375,772.0,770.5701904296875,771.510009765625,16659
2026-05-05 16:26:00+00:00,771.1699829101562,771.1699829101562,769.0814208984375,770.7050170898438,13695
2026-05-05 16:27:00+00:00,770.6799926757812,770.7100219726562,766.4368286132812,766.97998046875,22564
2026-05-05 16:28:00+00:00,767.1799926757812,767.6400146484375,765.2999877929688,767.6400146484375,13787
2026-05-05 16:29:00+00:00,768.0599975585938,769.069580078125,767.1199951171875,768.3099975585938,9847
2026-05-05 16:30:00+00:00,768.3099975585938,769.2750244140625,767.3699951171875,769.2100219726562,9918
2026-05-05 16:31:00+00:00,769.0599975585938,769.9400024414062,767.0700073242188,768.1600952148438,13181
2026-05-05 16:32:00+00:00,768.1599731445312,769.8494262695312,767.5200805664062,769.5399780273438,9445
2026-05-05 16:33:00+00:00,769.338623046875,769.9699096679688,768.5700073242188,769.469970703125,6904
2026-05-05 16:34:00+00:00,769.4650268554688,769.4749755859375,767.0800170898438,767.4199829101562,8860
2026-05-05 16:35:00+00:00,767.4199829101562,768.8400268554688,767.4199829101562,768.4000244140625,6653
2026-05-05 16:36:00+00:00,767.9600830078125,769.4998779296875,766.8200073242188,768.280029296875,9956
2026-05-05 16:37:00+00:00,768.2800903320312,768.3900146484375,767.0527954101562,767.8499755859375,6016
2026-05-05 16:38:00+00:00,767.87451171875,768.3400268554688,764.0,764.5999755859375,17198
2026-05-05 16:39:00+00:00,764.8400268554688,764.8400268554688,761.6701049804688,762.4000244140625,14596
2026-05-05 16:40:00+00:00,762.3499755859375,764.77001953125,761.860107421875,763.885009765625,10279
2026-05-05 16:41:00+00:00,763.5399780273438,763.7100219726562,762.6943969726562,763.22998046875,12012
2026-05-05 16:42:00+00:00,763.6099853515625,763.619873046875,762.2000122070312,762.5250854492188,7686
2026-05-05 16:43:00+00:00,762.5999755859375,763.95751953125,761.2000122070312,762.4299926757812,14412
2026-05-05 16:44:00+00:00,762.4400024414062,766.0,761.8599853515625,765.719970703125,13908
2026-05-05 16:45:00+00:00,765.9998779296875,768.0,765.7150268554688,766.8850708007812,8279
2026-05-05 16:46:00+00:00,766.885009765625,767.14990234375,765.4199829101562,766.6500244140625,13181
2026-05-05 16:47:00+00:00,766.6500244140625,767.0499877929688,765.788330078125,766.510009765625,9274
2026-05-05 16:48:00+00:00,766.989990234375,766.989990234375,765.9299926757812,766.1699829101562,6706
2026-05-05 16:49:00+00:00,766.1699829101562,767.8400268554688,764.3150024414062,767.8400268554688,10483
2026-05-05 16:50:00+00:00,767.3499755859375,768.1077880859375,766.2000122070312,767.0900268554688,5800
2026-05-05 16:51:00+00:00,766.280029296875,766.6298828125,765.0001220703125,765.97998046875,5198
2026-05-05 16:52:00+00:00,765.4949951171875,765.510009765625,764.3049926757812,765.3499755859375,7237
2026-05-05 16:53:00+00:00,766.3198852539062,766.3200073242188,764.3599853515625,765.4249877929688,7487
2026-05-05 16:54:00+00:00,765.4249877929688,766.9865112304688,765.4249877929688,766.2249755859375,8945
2026-05-05 16:55:00+00:00,766.239990234375,768.4099731445312,766.22998046875,768.0999755859375,11903
2026-05-05 16:56:00+00:00,768.0999755859375,768.4099731445312,766.3101196289062,767.780029296875,13560
2026-05-05 16:57:00+00:00,767.2899780273438,768.27001953125,766.8131103515625,767.4598999023438,7990
2026-05-05 16:58:00+00:00,767.10498046875,767.760009765625,767.02001953125,767.094970703125,5254
2026-05-05 16:59:00+00:00,766.7949829101562,768.0,766.5670166015625,767.2901000976562,5104
2026-05-05 17:00:00+00:00,767.2899780273438,768.0,767.0701293945312,767.2999877929688,6403
2026-05-05 17:01:00+00:00,767.2750244140625,767.8599853515625,766.5449829101562,766.5449829101562,3452
2026-05-05 17:02:00+00:00,766.5449829101562,766.5750122070312,765.97998046875,766.3150024414062,9209
2026-05-05 17:03:00+00:00,766.0349731445312,768.030029296875,765.8878173828125,767.9500122070312,8571
2026-05-05 17:04:00+00:00,768.0,770.0,767.97998046875,769.9099731445312,15951
2026-05-05 17:05:00+00:00,769.9100952148438,770.5900268554688,769.3900146484375,770.5900268554688,9163
2026-05-05 17:06:00+00:00,770.530029296875,771.3400268554688,770.239990234375,770.8350219726562,11757
2026-05-05 17:07:00+00:00,770.469970703125,772.4299926757812,770.0900268554688,772.0,13014
2026-05-05 17:08:00+00:00,772.1900024414062,772.510009765625,770.5,771.0,10749
2026-05-05 17:09:00+00:00,771.0050048828125,771.8499145507812,770.875,771.239990234375,6899
2026-05-05 17:10:00+00:00,771.5,771.5,770.5,770.7150268554688,7339
2026-05-05 17:11:00+00:00,770.52001953125,771.5900268554688,770.5,771.0549926757812,12068
2026-05-05 17:12:00+00:00,771.0551147460938,771.5899047851562,770.1475219726562,770.4299926757812,12122
2026-05-05 17:13:00+00:00,770.405029296875,770.7899169921875,769.7999877929688,769.9949951171875,10789
2026-05-05 17:14:00+00:00,769.6799926757812,770.9799194335938,769.6400146484375,770.27001953125,5813
2026-05-05 17:15:00+00:00,769.8400268554688,771.2000122070312,769.8400268554688,771.2000122070312,6297
2026-05-05 17:16:00+00:00,771.2000122070312,771.2000122070312,770.47998046875,771.1199951171875,9089
2026-05-05 17:17:00+00:00,771.1199951171875,771.5,770.385009765625,771.5,8200
2026-05-05 17:18:00+00:00,771.35498046875,771.8298950195312,770.030029296875,770.4349975585938,8481
2026-05-05 17:19:00+00:00,770.5518798828125,771.639892578125,770.4349975585938,771.3099975585938,7789
2026-05-05 17:20:00+00:00,771.27001953125,771.3099975585938,768.530029296875,769.5800170898438,11583
2026-05-05 17:21:00+00:00,769.3200073242188,769.9663696289062,768.3400268554688,768.4600219726562,10806
2026-05-05 17:22:00+00:00,768.02001953125,769.119873046875,767.8300170898438,768.0551147460938,9754
2026-05-05 17:23:00+00:00,767.905029296875,768.2899780273438,766.3900146484375,767.6900024414062,9523
2026-05-05 17:24:00+00:00,767.6900024414062,769.1998901367188,767.6900024414062,769.1998901367188,4557
2026-05-05 17:25:00+00:00,768.5999755859375,769.1998901367188,767.3900146484375,768.0,9198
2026-05-05 17:26:00+00:00,767.9949951171875,769.47998046875,767.9949951171875,769.47998046875,4652
2026-05-05 17:27:00+00:00,769.5599975585938,770.0,769.10498046875,769.2949829101562,6341
2026-05-05 17:28:00+00:00,769.2949829101562,769.5700073242188,768.4766845703125,769.4849853515625,15085
2026-05-05 17:29:00+00:00,769.0399780273438,769.9299926757812,769.0399780273438,769.47998046875,6184
2026-05-05 17:30:00+00:00,769.1599731445312,769.8499755859375,768.5700073242188,769.0350952148438,9142
2026-05-05 17:31:00+00:00,769.0350952148438,769.4998779296875,768.9400024414062,768.9400024414062,4408
2026-05-05 17:32:00+00:00,768.969970703125,769.6500244140625,768.8900146484375,769.3099975585938,5611
2026-05-05 17:33:00+00:00,769.3099975585938,770.3599853515625,768.5700073242188,770.1099853515625,10755
2026-05-05 17:34:00+00:00,770.1749877929688,770.52001953125,769.2100219726562,769.219970703125,6496
2026-05-05 17:35:00+00:00,769.219970703125,769.989990234375,769.219970703125,769.7050170898438,2542
2026-05-05 17:36:00+00:00,769.7050170898438,770.5,769.25,770.2349853515625,5921
2026-05-05 17:37:00+00:00,770.2349853515625,770.52001953125,769.3361206054688,769.7901000976562,8657
2026-05-05 17:38:00+00:00,769.6199951171875,770.139892578125,769.3461303710938,769.7100219726562,43046
2026-05-05 17:39:00+00:00,769.7100219726562,771.5,769.280029296875,771.5,12649
2026-05-05 17:40:00+00:00,771.3150024414062,771.489990234375,770.72998046875,771.3300170898438,5593
2026-05-05 17:41:00+00:00,771.2449951171875,771.4000244140625,770.719970703125,770.969970703125,3760
2026-05-05 17:42:00+00:00,771.1599731445312,771.4799194335938,769.2742919921875,769.625,8920
2026-05-05 17:43:00+00:00,769.0499877929688,769.1799926757812,767.010009765625,767.4400024414062,10269
2026-05-05 17:44:00+00:00,767.4400024414062,767.4401245117188,766.3400268554688,766.8200073242188,11193
2026-05-05 17:45:00+00:00,766.280029296875,766.89501953125,765.1400146484375,766.1799926757812,14141
2026-05-05 17:46:00+00:00,766.7512817382812,766.7512817382812,765.2999877929688,765.5399780273438,7231
2026-05-05 17:47:00+00:00,765.2899780273438,765.989990234375,765.02001953125,765.97998046875,11298
2026-05-05 17:48:00+00:00,765.5,765.9500122070312,765.0399780273438,765.3880004882812,8906
2026-05-05 17:49:00+00:00,765.530029296875,766.7199096679688,765.530029296875,766.3800048828125,5286
2026-05-05 17:50:00+00:00,766.0499877929688,766.3699951171875,763.739990234375,763.8900146484375,16606
2026-05-05 17:51:00+00:00,764.4949951171875,764.760009765625,763.8800048828125,764.5650024414062,5703
2026-05-05 17:52:00+00:00,764.4400024414062,764.8499145507812,764.2000122070312,764.344970703125,3181
2026-05-05 17:53:00+00:00,764.635009765625,764.659912109375,764.1099853515625,764.3400268554688,5319
2026-05-05 17:54:00+00:00,764.3400268554688,764.9998779296875,764.0,764.5,9572
2026-05-05 17:55:00+00:00,764.673095703125,765.968505859375,764.4149780273438,765.4500122070312,8552
2026-05-05 17:56:00+00:00,765.5399780273438,765.5399780273438,763.6799926757812,765.2098999023438,8720
2026-05-05 17:57:00+00:00,765.2000122070312,766.0,764.85498046875,765.5900268554688,2965
2026-05-05 17:58:00+00:00,765.5900268554688,767.2100219726562,765.5900268554688,765.969970703125,14216
2026-05-05 17:59:00+00:00,765.85498046875,766.6707153320312,765.844970703125,766.2449951171875,2803
2026-05-05 18:00:00+00:00,766.2449951171875,766.2449951171875,765.25,765.25,4397
2026-05-05 18:01:00+00:00,765.27001953125,765.4849853515625,763.2449951171875,763.5399780273438,9976
2026-05-05 18:02:00+00:00,763.9249877929688,765.2935180664062,763.0,764.1799926757812,10060
2026-05-05 18:03:00+00:00,764.1099853515625,764.760009765625,763.6400756835938,764.2000122070312,7532
2026-05-05 18:04:00+00:00,764.2000122070312,764.2000122070312,763.219970703125,764.0650024414062,7691
2026-05-05 18:05:00+00:00,764.2449951171875,765.6699829101562,764.2449951171875,765.1500244140625,7734
2026-05-05 18:06:00+00:00,765.2899780273438,769.0,764.7899780273438,768.625,23981
2026-05-05 18:07:00+00:00,768.6400146484375,768.9099731445312,768.0501098632812,768.280029296875,4691
2026-05-05 18:08:00+00:00,768.380615234375,768.4998779296875,767.1201171875,767.47998046875,4640
2026-05-05 18:09:00+00:00,767.6599731445312,768.3209838867188,766.27001953125,766.5999755859375,13430
2026-05-05 18:10:00+00:00,767.1099853515625,767.3699951171875,766.0900268554688,767.2899780273438,13659
2026-05-05 18:11:00+00:00,767.3101196289062,768.0,767.3101196289062,767.5700073242188,6687
2026-05-05 18:12:00+00:00,767.1400146484375,768.8800048828125,767.1400146484375,768.5,11335
2026-05-05 18:13:00+00:00,768.52001953125,769.4500122070312,768.3400268554688,769.0399780273438,7151
2026-05-05 18:14:00+00:00,768.6300048828125,769.6369018554688,768.4099731445312,769.2349853515625,10415
2026-05-05 18:15:00+00:00,768.9700927734375,769.2999877929688,768.1699829101562,768.739990234375,6961
2026-05-05 18:16:00+00:00,768.1699829101562,769.1300048828125,768.1500244140625,768.8200073242188,4385
2026-05-05 18:17:00+00:00,768.8200073242188,770.4998779296875,768.7349853515625,769.9650268554688,11927
2026-05-05 18:18:00+00:00,770.3400268554688,770.8400268554688,770.0,770.7899780273438,8619
2026-05-05 18:19:00+00:00,770.8099975585938,771.6099853515625,770.5599975585938,771.3432006835938,8765
2026-05-05 18:20:00+00:00,771.6099853515625,771.6500244140625,771.010009765625,771.510009765625,9049
2026-05-05 18:21:00+00:00,771.3049926757812,771.8049926757812,771.3049926757812,771.6500244140625,9039
2026-05-05 18:22:00+00:00,771.64501953125,771.97998046875,771.010009765625,771.4949951171875,7963
2026-05-05 18:23:00+00:00,771.4949951171875,771.8298950195312,770.4194946289062,771.14501953125,7572
2026-05-05 18:24:00+00:00,771.14501953125,771.9998779296875,770.8200073242188,771.8099975585938,7840
2026-05-05 18:25:00+00:00,771.6550903320312,771.6550903320312,770.9550170898438,771.1199951171875,6267
2026-05-05 18:26:00+00:00,771.1749877929688,772.0,771.1749877929688,771.655029296875,6673
2026-05-05 18:27:00+00:00,771.655029296875,772.5598754882812,771.4000244140625,772.2949829101562,9656
2026-05-05 18:28:00+00:00,772.2949829101562,772.5598754882812,770.7050170898438,771.0750122070312,12416
2026-05-05 18:29:00+00:00,771.0750122070312,771.4299926757812,770.4299926757812,770.89501953125,7282
2026-05-05 18:30:00+00:00,770.89501953125,770.89501953125,770.0599975585938,770.469970703125,8517
2026-05-05 18:31:00+00:00,770.469970703125,771.52001953125,767.4400024414062,767.9400024414062,13813
2026-05-05 18:32:00+00:00,767.9500122070312,768.4598999023438,767.2899780273438,767.780029296875,8657
2026-05-05 18:33:00+00:00,767.7150268554688,769.1900024414062,767.4299926757812,769.0,5711
2026-05-05 18:34:00+00:00,768.75,768.75,767.4500122070312,768.5150146484375,5376
2026-05-05 18:35:00+00:00,768.0,769.8699951171875,768.0,769.8699951171875,6695
2026-05-05 18:36:00+00:00,769.614990234375,769.8699951171875,768.5401000976562,769.0449829101562,8392
2026-05-05 18:37:00+00:00,769.0399780273438,769.4199829101562,767.8400268554688,768.3300170898438,10401
2026-05-05 18:38:00+00:00,768.1699829101562,769.8472900390625,768.0800170898438,769.3099975585938,14003
2026-05-05 18:39:00+00:00,769.4450073242188,769.4450073242188,767.8900146484375,768.35498046875,11156
2026-05-05 18:40:00+00:00,768.3599853515625,768.7098999023438,768.0001220703125,768.3099975585938,9311
2026-05-05 18:41:00+00:00,768.010009765625,768.1901245117188,767.4550170898438,768.1849975585938,13329
2026-05-05 18:42:00+00:00,768.1849975585938,768.4400024414062,767.110107421875,767.110107421875,13638
2026-05-05 18:43:00+00:00,767.510009765625,767.9000244140625,767.1099853515625,767.489990234375,9412
2026-05-05 18:44:00+00:00,767.1300048828125,768.22998046875,767.1300048828125,767.4000244140625,17654
2026-05-05 18:45:00+00:00,767.655029296875,767.6798706054688,766.6300048828125,767.0750122070312,5489
2026-05-05 18:46:00+00:00,766.9199829101562,768.010009765625,766.5501098632812,766.8599853515625,8786
2026-05-05 18:47:00+00:00,767.0900268554688,767.919921875,766.9749755859375,767.6500244140625,8817
2026-05-05 18:48:00+00:00,767.9000244140625,768.2000122070312,767.4000854492188,767.4000854492188,8767
2026-05-05 18:49:00+00:00,768.1699829101562,769.1400146484375,768.1699829101562,768.719970703125,10729
2026-05-05 18:50:00+00:00,768.35009765625,769.1400146484375,768.3499755859375,768.7550048828125,5482
2026-05-05 18:51:00+00:00,768.7550048828125,769.9869995117188,768.7550048828125,769.1199951171875,12442
2026-05-05 18:52:00+00:00,769.2999877929688,769.510009765625,768.7899780273438,769.1500244140625,5323
2026-05-05 18:53:00+00:00,769.1500244140625,770.3499755859375,768.7301025390625,768.9619750976562,8527
2026-05-05 18:54:00+00:00,769.25,770.0598754882812,769.25,769.376220703125,6980
2026-05-05 18:55:00+00:00,769.5650024414062,770.0,769.260009765625,769.77001953125,8258
2026-05-05 18:56:00+00:00,769.989990234375,770.989990234375,769.5399780273438,770.97998046875,10379
2026-05-05 18:57:00+00:00,770.5700073242188,770.9500122070312,770.3699951171875,770.6099853515625,8310
2026-05-05 18:58:00+00:00,770.6099853515625,771.0,770.3599853515625,770.9299926757812,9227
2026-05-05 18:59:00+00:00,771.2098999023438,773.3259887695312,770.9299926757812,773.1699829101562,25919
2026-05-05 19:00:00+00:00,773.1699829101562,773.1699829101562,771.0,771.5,23153
2026-05-05 19:01:00+00:00,771.5,771.6599731445312,770.239990234375,770.4299926757812,12857
2026-05-05 19:02:00+00:00,770.8800048828125,771.47998046875,770.2999877929688,770.8720092773438,8926
2026-05-05 19:03:00+00:00,770.739990234375,772.0,770.25,771.4000244140625,12127
2026-05-05 19:04:00+00:00,770.8900146484375,771.5,768.5999755859375,768.5999755859375,12942
2026-05-05 19:05:00+00:00,769.25,769.3200073242188,768.0,768.3099975585938,8456
2026-05-05 19:06:00+00:00,768.3099975585938,769.5698852539062,768.010009765625,768.489990234375,11421
2026-05-05 19:07:00+00:00,768.489990234375,768.969970703125,767.77001953125,767.8099975585938,9883
2026-05-05 19:08:00+00:00,767.97998046875,768.3800048828125,767.740478515625,768.2150268554688,7390
2026-05-05 19:09:00+00:00,768.2000122070312,770.1400146484375,768.2000122070312,770.1400146484375,9327
2026-05-05 19:10:00+00:00,770.4598999023438,770.4598999023438,769.0999755859375,769.530029296875,12307
2026-05-05 19:11:00+00:00,769.530029296875,769.9598999023438,768.6099853515625,769.7449951171875,9059
2026-05-05 19:12:00+00:00,769.9600219726562,770.0599975585938,769.0,769.22998046875,12734
2026-05-05 19:13:00+00:00,769.4600219726562,770.0598754882812,768.8599853515625,769.219970703125,6733
2026-05-05 19:14:00+00:00,769.219970703125,769.9500122070312,768.8599853515625,769.3499755859375,16623
2026-05-05 19:15:00+00:00,769.2550048828125,769.5275268554688,768.030029296875,768.1699829101562,9998
2026-05-05 19:16:00+00:00,768.1699829101562,768.619873046875,767.75,767.9600219726562,8507
2026-05-05 19:17:00+00:00,767.9400024414062,768.5900268554688,767.760009765625,768.3170166015625,6078
2026-05-05 19:18:00+00:00,768.0750122070312,768.5,767.2000122070312,767.5,11103
2026-05-05 19:19:00+00:00,767.5,767.7999877929688,766.2899780273438,766.6599731445312,8308
2026-05-05 19:20:00+00:00,766.47998046875,766.989990234375,765.489990234375,765.489990234375,11294
2026-05-05 19:21:00+00:00,765.8250122070312,766.3599853515625,765.47998046875,765.489990234375,9653
2026-05-05 19:22:00+00:00,765.8400268554688,765.8400268554688,764.1600952148438,764.6400146484375,16056
2026-05-05 19:23:00+00:00,764.52099609375,766.0,764.52099609375,765.739990234375,11475
2026-05-05 19:24:00+00:00,765.739990234375,766.0,765.3300170898438,765.8209838867188,9625
2026-05-05 19:25:00+00:00,765.8200073242188,766.280029296875,765.47998046875,766.280029296875,8090
2026-05-05 19:26:00+00:00,766.2100219726562,766.5700073242188,765.469970703125,766.4099731445312,13384
2026-05-05 19:27:00+00:00,766.239990234375,766.4500122070312,765.469970703125,766.0800170898438,6081
2026-05-05 19:28:00+00:00,766.0800170898438,766.0800170898438,764.8200073242188,764.8400268554688,12370
2026-05-05 19:29:00+00:00,764.8400268554688,765.4650268554688,764.3400268554688,765.4650268554688,14517
2026-05-05 19:30:00+00:00,765.4749755859375,765.4749755859375,764.5999755859375,765.3350219726562,9823
2026-05-05 19:31:00+00:00,765.0499877929688,765.3400268554688,764.75,765.2100219726562,13800
2026-05-05 19:32:00+00:00,764.75,765.510009765625,764.75,765.3300170898438,9631
2026-05-05 19:33:00+00:00,764.873779296875,766.22998046875,764.873779296875,765.780029296875,14554
2026-05-05 19:34:00+00:00,765.6500244140625,766.6998901367188,765.510009765625,766.47998046875,12010
2026-05-05 19:35:00+00:00,766.5,766.6900024414062,765.6201171875,765.989990234375,10791
2026-05-05 19:36:00+00:00,766.0,766.7000122070312,765.6701049804688,766.4949951171875,13281
2026-05-05 19:37:00+00:00,766.4949951171875,766.7999877929688,765.25,765.4450073242188,13453
2026-05-05 19:38:00+00:00,765.3499755859375,766.4000244140625,765.0910034179688,766.2349853515625,12505
2026-05-05 19:39:00+00:00,766.0800170898438,766.4000244140625,765.239990234375,766.1300048828125,10821
2026-05-05 19:40:00+00:00,766.0399780273438,766.0499877929688,765.1599731445312,765.4500122070312,8322
2026-05-05 19:41:00+00:00,765.1900024414062,765.469970703125,764.8400268554688,764.8400268554688,11277
2026-05-05 19:42:00+00:00,764.8599853515625,764.9199829101562,764.25,764.7163696289062,15001
2026-05-05 19:43:00+00:00,764.360107421875,765.8800048828125,764.360107421875,765.7282104492188,15521
2026-05-05 19:44:00+00:00,765.6500244140625,766.27001953125,765.3699951171875,766.0700073242188,15007
2026-05-05 19:45:00+00:00,766.0700073242188,766.0700073242188,765.2000122070312,765.489990234375,12903
2026-05-05 19:46:00+00:00,765.344970703125,766.030029296875,765.2000122070312,765.7999877929688,8222
2026-05-05 19:47:00+00:00,765.7999877929688,766.030029296875,765.2100830078125,765.9299926757812,12032
2026-05-05 19:48:00+00:00,765.9299926757812,766.22998046875,765.655029296875,766.22998046875,11494
2026-05-05 19:49:00+00:00,766.114990234375,766.4099731445312,765.0,765.1199951171875,15990
2026-05-05 19:50:00+00:00,765.0,766.510009765625,764.8300170898438,765.7449951171875,22416
2026-05-05 19:51:00+00:00,765.7449951171875,768.02001953125,765.7449951171875,767.5650024414062,27549
2026-05-05 19:52:00+00:00,767.8599853515625,767.8599853515625,766.375,766.6199951171875,28039
2026-05-05 19:53:00+00:00,766.3599853515625,768.0399780273438,766.3599853515625,768.0050048828125,20474
2026-05-05 19:54:00+00:00,768.0050048828125,769.3800048828125,767.8300170898438,767.9000854492188,36903
2026-05-05 19:55:00+00:00,769.3900146484375,770.8599853515625,768.6749877929688,770.7393798828125,50201
2026-05-05 19:56:00+00:00,771.010009765625,771.269287109375,770.1900024414062,770.5999755859375,42526
2026-05-05 19:57:00+00:00,770.6599731445312,771.5700073242188,770.340087890625,770.6900024414062,44113
2026-05-05 19:58:00+00:00,770.5700073242188,771.1199951171875,770.4099731445312,770.9400024414062,50802
2026-05-05 19:59:00+00:00,770.8499755859375,771.4400024414062,770.4400024414062,771.0399780273438,87322
